split,component,explained_variance_ratio,cumulative
0,1,0.7976462366644157,0.7976462366644157
0,2,0.04697573187147775,0.8446219685358934
0,3,0.03278501696742869,0.8774069855033222
0,4,0.022893483824685538,0.9003004693280078
0,5,0.016004002601624233,0.916304471929632
0,6,0.008951926595055726,0.9252563985246878
0,7,0.007863204579345067,0.9331196031040329
0,8,0.006868120218485699,0.9399877233225185
0,9,0.005181776988619967,0.9451695003111384
0,10,0.004570500801445914,0.9497400011125844
0,11,0.003881190859870832,0.9536211919724552
0,12,0.0035768093210352633,0.9571980012934904
0,13,0.003406218113371787,0.9606042194068622
0,14,0.003015011983435313,0.9636192313902976
0,15,0.0028294683756667407,0.9664486997659644
0,16,0.002598590204140334,0.9690472899701046
0,17,0.0023361484701711834,0.9713834384402757
0,18,0.001972697040795303,0.973356135481071
0,19,0.0019047056555781415,0.9752608411366491
0,20,0.001724529403633481,0.9769853705402826
0,21,0.0015551311994352415,0.9785405017397178
0,22,0.0013636364193539174,0.9799041381590717
0,23,0.0012802993565114414,0.9811844375155832
0,24,0.001158761792811015,0.9823431993083942
0,25,0.0010675774193757142,0.9834107767277699
0,26,0.0010224801831799331,0.9844332569109498
0,27,0.0009061049277212425,0.9853393618386711
0,28,0.000848880958660804,0.9861882427973319
0,29,0.0008150790728355786,0.9870033218701675
0,30,0.0007839199251052408,0.9877872417952728
0,31,0.0006870612259638229,0.9884743030212366
0,32,0.0006598570947805663,0.9891341601160172
0,33,0.0006221186967197438,0.989756278812737
0,34,0.0005896834420371105,0.9903459622547741
0,35,0.0005491905899975624,0.9908951528447717
0,36,0.0005432233454106676,0.9914383761901824
0,37,0.0004988167147979068,0.9919371929049803
0,38,0.00048223575114983604,0.9924194286561301
0,39,0.00044310824738039796,0.9928625369035105
0,40,0.00042221169371696953,0.9932847485972273
0,41,0.0004018468664951098,0.9936865954637224
0,42,0.0003913886214027501,0.9940779840851252
0,43,0.00037020741774651826,0.9944481915028717
0,44,0.00035291734077052525,0.9948011088436421
0,45,0.0003361431031373823,0.9951372519467795
0,46,0.00032649754244590826,0.9954637494892254
0,47,0.00031291659530233103,0.9957766660845278
0,48,0.0003077843480829366,0.9960844504326108
0,49,0.0002713256840361189,0.9963557761166469
0,50,0.0002645788530095002,0.9966203549696564
0,51,0.00025912621167413404,0.9968794811813305
0,52,0.0002527323122948714,0.9971322134936254
0,53,0.00023688940581102717,0.9973691028994364
0,54,0.00023505987293956964,0.997604162772376
0,55,0.00022029012375099173,0.997824452896127
0,56,0.0002054331091325821,0.9980298860052597
0,57,0.00020314772654630943,0.9982330337318059
0,58,0.0001903197592781586,0.9984233534910841
0,59,0.00018069972930473445,0.9986040532203889
0,60,0.00017928439939878327,0.9987833376197877
0,61,0.00016452435050777164,0.9989478619702954
0,62,0.00015857233760780662,0.9991064343079032
0,63,0.00015161172701276784,0.999258046034916
0,64,0.00014480882710676192,0.9994028548620226
0,65,0.0001338490792773896,0.9995367039413
0,66,0.00012970127811591227,0.999666405219416
0,67,0.0001169006741291154,0.999783305893545
0,68,0.00011203850966500669,0.99989534440321
0,69,0.00010465559678988553,0.9999999999999999
1,1,0.8099620454459662,0.8099620454459662
1,2,0.05487237871289067,0.8648344241588568
1,3,0.02649827421319135,0.8913326983720482
1,4,0.020189873109754217,0.9115225714818024
1,5,0.014222587265437467,0.9257451587472398
1,6,0.008210376993571397,0.9339555357408112
1,7,0.007189731212281971,0.9411452669530932
1,8,0.00576056933845069,0.9469058362915439
1,9,0.004383282009420252,0.9512891183009642
1,10,0.004106767633539294,0.9553958859345035
1,11,0.003377810908902807,0.9587736968434063
1,12,0.0032961227768699636,0.9620698196202763
1,13,0.003023530333986919,0.9650933499542632
1,14,0.002824497726401425,0.9679178476806647
1,15,0.0024929280554529584,0.9704107757361177
1,16,0.0021229208349859735,0.9725336965711036
1,17,0.001953880330586873,0.9744875769016904
1,18,0.0018765005081460085,0.9763640774098364
1,19,0.0014852421504918222,0.9778493195603283
1,20,0.0014612669919816601,0.97931058655231
1,21,0.001279476089124681,0.9805900626414347
1,22,0.001181109293740992,0.9817711719351757
1,23,0.001098363488325315,0.982869535423501
1,24,0.0010722666216860786,0.983941802045187
1,25,0.0010146359546847456,0.9849564379998718
1,26,0.0009387221566642262,0.985895160156536
1,27,0.0008502256508442551,0.9867453858073802
1,28,0.0007387687239531463,0.9874841545313334
1,29,0.0006856273168665383,0.9881697818481999
1,30,0.0006434061412657682,0.9888131879894657
1,31,0.0006161759555338416,0.9894293639449996
1,32,0.0006096130073739971,0.9900389769523736
1,33,0.0005883483504683696,0.990627325302842
1,34,0.0005367181426367598,0.9911640434454788
1,35,0.0005201954287669258,0.9916842388742457
1,36,0.000489476367699548,0.9921737152419453
1,37,0.0004248145748660926,0.9925985298168114
1,38,0.00041217725708656136,0.9930107070738979
1,39,0.00040767843710031983,0.9934183855109983
1,40,0.00038393997801485364,0.9938023254890129
1,41,0.00037224178952878153,0.9941745672785417
1,42,0.00036013629085834473,0.9945347035694
1,43,0.00033652463282627195,0.9948712282022263
1,44,0.0003327065747726153,0.9952039347769989
1,45,0.0003189737382928065,0.9955229085152917
1,46,0.0002999242742457896,0.9958228327895374
1,47,0.0002885470228744182,0.9961113798124118
1,48,0.00027244643302321573,0.9963838262454352
1,49,0.00026785476764825425,0.9966516810130834
1,50,0.0002582699056197848,0.9969099509187033
1,51,0.0002501030162702778,0.9971600539349735
1,52,0.0002244365855202516,0.9973844905204938
1,53,0.00021601926537137664,0.9976005097858652
1,54,0.00020709357626373225,0.9978076033621289
1,55,0.00019985591301226446,0.9980074592751412
1,56,0.00019569051810555633,0.9982031497932465
1,57,0.00019112979126667114,0.9983942795845132
1,58,0.0001656009509178432,0.9985598805354311
1,59,0.00016176190697269574,0.9987216424424038
1,60,0.0001543729155962613,0.9988760153580001
1,61,0.00014843711268971378,0.9990244524706898
1,62,0.0001444138008445861,0.9991688662715345
1,63,0.00013707915041774404,0.9993059454219522
1,64,0.00013222257913487816,0.9994381680010871
1,65,0.00012818993891254874,0.9995663579399996
1,66,0.00011585589923068633,0.9996822138392303
1,67,0.00011098981932144138,0.9997932036585517
1,68,0.00010738820268224971,0.999900591861234
1,69,9.94081387660872e-05,1.0000000000000002
2,1,0.797266292488954,0.797266292488954
2,2,0.04889228371961814,0.8461585762085722
2,3,0.036250222087575786,0.8824087982961479
2,4,0.021758906904490945,0.9041677052006388
2,5,0.013798721351062885,0.9179664265517017
2,6,0.008599706485929413,0.9265661330376311
2,7,0.007534723167069242,0.9341008562047004
2,8,0.006369537394008637,0.9404703935987091
2,9,0.0056241658342959895,0.9460945594330051
2,10,0.004697975855030705,0.9507925352880359
2,11,0.004079579242990766,0.9548721145310266
2,12,0.0037117815003115742,0.9585838960313382
2,13,0.0034949999818156127,0.9620788960131538
2,14,0.002897323679612076,0.9649762196927658
2,15,0.0026870882164215792,0.9676633079091874
2,16,0.002254087587770004,0.9699173954969573
2,17,0.0021085515322121864,0.9720259470291696
2,18,0.001983840696140255,0.9740097877253098
2,19,0.0017174338936550594,0.9757272216189649
2,20,0.0015832727616965547,0.9773104943806614
2,21,0.0014410782703517628,0.9787515726510132
2,22,0.0013710339065495173,0.9801226065575627
2,23,0.001282478861148054,0.9814050854187107
2,24,0.001135149032653941,0.9825402344513647
2,25,0.0010843093808272856,0.983624543832192
2,26,0.0009822899838642057,0.9846068338160562
2,27,0.0009127701163891918,0.9855196039324454
2,28,0.0008494349059582725,0.9863690388384037
2,29,0.0007970807344792284,0.9871661195728829
2,30,0.0007381857824120436,0.9879043053552949
2,31,0.0007000335722406518,0.9886043389275356
2,32,0.0006655139893578934,0.9892698529168935
2,33,0.0006290009960178545,0.9898988539129113
2,34,0.0006030217882757375,0.9905018757011871
2,35,0.0005421592549849256,0.991044034956172
2,36,0.000521582932442084,0.9915656178886141
2,37,0.00048763885363420833,0.9920532567422483
2,38,0.0004437112692272858,0.9924969680114756
2,39,0.0004250044838671681,0.9929219724953428
2,40,0.0004099772319163755,0.9933319497272591
2,41,0.00040075350738383216,0.9937327032346429
2,42,0.00039392412106945744,0.9941266273557123
2,43,0.00036573597774074113,0.994492363333453
2,44,0.0003495649321568681,0.9948419282656099
2,45,0.00032763509254717603,0.9951695633581571
2,46,0.0003122595090477132,0.9954818228672048
2,47,0.00030405854800768617,0.9957858814152124
2,48,0.0002943429489964151,0.996080224364209
2,49,0.0002802687746974636,0.9963604931389064
2,50,0.00027638533201040726,0.9966368784709168
2,51,0.0002569666484418484,0.9968938451193586
2,52,0.0002464226955317422,0.9971402678148904
2,53,0.00023994187358216564,0.9973802096884725
2,54,0.0002235498192475292,0.9976037595077201
2,55,0.00022140065717132234,0.9978251601648914
2,56,0.0002072319946474791,0.9980323921595389
2,57,0.00020083119740256446,0.9982332233569414
2,58,0.00019812106921040403,0.9984313444261518
2,59,0.00018439847399479784,0.9986157429001465
2,60,0.00018091233899132487,0.9987966552391379
2,61,0.00017592017595053315,0.9989725754150884
2,62,0.0001572838643212026,0.9991298592794097
2,63,0.00015320932563830833,0.999283068605048
2,64,0.00013863115195789379,0.9994216997570059
2,65,0.00013160868542368397,0.9995533084424296
2,66,0.0001226720386427892,0.9996759804810724
2,67,0.0001140184898203914,0.9997899989708928
2,68,0.00010763763476342711,0.9998976366056562
2,69,0.00010236339434372474,1.0
3,1,0.7928098004746801,0.7928098004746801
3,2,0.054419406454591104,0.8472292069292712
3,3,0.033484038715799275,0.8807132456450705
3,4,0.021090756950000934,0.9018040025950714
3,5,0.01538239849588129,0.9171864010909527
3,6,0.008728904568633235,0.925915305659586
3,7,0.007422747081879813,0.9333380527414659
3,8,0.006807815838565394,0.9401458685800311
3,9,0.005453599264474589,0.9455994678445058
3,10,0.004495449874996611,0.9500949177195024
3,11,0.004165386740194106,0.9542603044596965
3,12,0.004100256464888188,0.9583605609245847
3,13,0.0035074602975052977,0.9618680212220899
3,14,0.003116358924422776,0.9649843801465127
3,15,0.0026972050958255856,0.9676815852423383
3,16,0.0022181699385547056,0.969899755180893
3,17,0.0021635980531215394,0.9720633532340145
3,18,0.001971296918917781,0.9740346501529322
3,19,0.0016846826821890184,0.9757193328351212
3,20,0.0015610061854072436,0.9772803390205285
3,21,0.001512512074884887,0.9787928510954134
3,22,0.0014328853931811548,0.9802257364885946
3,23,0.0012243576047237473,0.9814500940933183
3,24,0.0011059304608125747,0.9825560245541309
3,25,0.0010460973682605052,0.9836021219223915
3,26,0.0009952934724666573,0.9845974153948581
3,27,0.0009337552050226036,0.9855311705998807
3,28,0.0008026126456082797,0.986333783245489
3,29,0.0007656162537356205,0.9870993994992247
3,30,0.0007319159591317287,0.9878313154583563
3,31,0.0006610533918727606,0.9884923688502291
3,32,0.0006296844503765967,0.9891220533006058
3,33,0.0006056088798304605,0.9897276621804362
3,34,0.0005725915883931811,0.9903002537688294
3,35,0.0005395771906620464,0.9908398309594914
3,36,0.000524857502439402,0.9913646884619307
3,37,0.0005124434531570033,0.9918771319150878
3,38,0.0004928031076818448,0.9923699350227696
3,39,0.00045103950123683527,0.9928209745240064
3,40,0.0004276320748571286,0.9932486065988637
3,41,0.00041153552329563657,0.9936601421221594
3,42,0.00039674082988127907,0.9940568829520406
3,43,0.00038379721092956907,0.9944406801629702
3,44,0.00037187245800312466,0.9948125526209732
3,45,0.0003479175673502796,0.9951604701883235
3,46,0.00033587450130717465,0.9954963446896307
3,47,0.00033256803690731097,0.995828912726538
3,48,0.00030484750204233486,0.9961337602285802
3,49,0.00027460824046650096,0.9964083684690468
3,50,0.0002630098131842441,0.9966713782822311
3,51,0.0002569470610786731,0.9969283253433098
3,52,0.00024285674837444722,0.9971711820916842
3,53,0.00023619779385194347,0.9974073798855362
3,54,0.00022755492580862435,0.9976349348113448
3,55,0.00021685465687943905,0.9978517894682243
3,56,0.00020260917957224116,0.9980543986477965
3,57,0.00019986202821570766,0.9982542606760123
3,58,0.00019128320103933193,0.9984455438770516
3,59,0.0001778658772490269,0.9986234097543006
3,60,0.00016895666051525648,0.998792366414816
3,61,0.00016615459366904064,0.998958521008485
3,62,0.00016085111056488743,0.9991193721190499
3,63,0.00015787348643709546,0.999277245605487
3,64,0.00014118407515458282,0.9994184296806415
3,65,0.00013762151587791275,0.9995560511965195
3,66,0.00012854357750528383,0.9996845947740247
3,67,0.000112267876278513,0.9997968626503032
3,68,0.00010846650566814906,0.9999053291559714
3,69,9.467084402899848e-05,1.0000000000000004
4,1,0.800394973641723,0.800394973641723
4,2,0.05156292491436813,0.851957898556091
4,3,0.029449750694288374,0.8814076492503794
4,4,0.02106719976684708,0.9024748490172265
4,5,0.01555115675777456,0.918026005775001
4,6,0.009128326555189581,0.9271543323301906
4,7,0.0075836621042945605,0.9347379944344851
4,8,0.006816655134857506,0.9415546495693428
4,9,0.005403676058588961,0.9469583256279317
4,10,0.004609892073251017,0.9515682177011827
4,11,0.004293367663805998,0.9558615853649887
4,12,0.003792779845946297,0.959654365210935
4,13,0.0030885857201706553,0.9627429509311056
4,14,0.0028144953383553183,0.9655574462694609
4,15,0.0027203590711000073,0.968277805340561
4,16,0.002283069626744665,0.9705608749673056
4,17,0.0018840003832400595,0.9724448753505457
4,18,0.001832371850347087,0.9742772472008928
4,19,0.0017761167410518964,0.9760533639419448
4,20,0.0016402250186625935,0.9776935889606073
4,21,0.001440483741068576,0.9791340727016759
4,22,0.0013568252238936604,0.9804908979255695
4,23,0.0012103739328052539,0.9817012718583747
4,24,0.0010411424694327302,0.9827424143278075
4,25,0.000985848043617679,0.9837282623714252
4,26,0.000963652834726424,0.9846919152061516
4,27,0.0009491752785432887,0.985641090484695
4,28,0.0008798890988995004,0.9865209795835944
4,29,0.0007477155048768325,0.9872686950884713
4,30,0.000738248757880469,0.9880069438463517
4,31,0.0006519477439842304,0.9886588915903359
4,32,0.0006305777308193791,0.9892894693211554
4,33,0.0005983149059553996,0.9898877842271108
4,34,0.0005442645651870065,0.9904320487922977
4,35,0.0005228081803676108,0.9909548569726654
4,36,0.0005078057001981614,0.9914626626728635
4,37,0.0004957187471897428,0.9919583814200533
4,38,0.00047006206371361727,0.9924284434837669
4,39,0.0004354594499403588,0.9928639029337073
4,40,0.00042526371882064623,0.9932891666525279
4,41,0.00040806724436181385,0.9936972338968897
4,42,0.00038149082786524853,0.9940787247247549
4,43,0.00036039482343255954,0.9944391195481874
4,44,0.000356976409527402,0.9947960959577148
4,45,0.00034344380651312584,0.9951395397642279
4,46,0.000324954725660701,0.9954644944898886
4,47,0.00031046744093947746,0.995774961930828
4,48,0.0002987503189632695,0.9960737122497916
4,49,0.0002902016240404043,0.9963639138738319
4,50,0.00027466419581404785,0.996638578069646
4,51,0.000267391382047811,0.9969059694516937
4,52,0.0002458207894576624,0.9971517902411514
4,53,0.0002366824312696359,0.997388472672421
4,54,0.00022691472600042933,0.9976153873984215
4,55,0.00021481664282130126,0.9978302040412428
4,56,0.00021174394562777362,0.9980419479868705
4,57,0.00020639460017926286,0.9982483425870498
4,58,0.00019594365062995447,0.9984442862376797
4,59,0.00017533655952401417,0.9986196227972037
4,60,0.00017447849995126387,0.998794101297155
4,61,0.00016148681482565204,0.9989555881119806
4,62,0.0001560475684618072,0.9991116356804424
4,63,0.00015077884202702285,0.9992624145224694
4,64,0.00013905992430532805,0.9994014744467749
4,65,0.00013513425216656188,0.9995366086989415
4,66,0.00012979356082886545,0.9996664022597703
4,67,0.00011668270839553496,0.9997830849681658
4,68,0.00011229233690304003,0.9998953773050688
4,69,0.00010462269493089962,0.9999999999999998
5,1,0.7799606472593171,0.7799606472593171
5,2,0.05906337383276135,0.8390240210920785
5,3,0.0380280235732896,0.8770520446653681
5,4,0.023495438981447098,0.9005474836468152
5,5,0.015766557322678603,0.9163140409694939
5,6,0.008634267404762965,0.9249483083742568
5,7,0.007369600762748379,0.9323179091370052
5,8,0.006825540575853079,0.9391434497128582
5,9,0.005477457641828015,0.9446209073546863
5,10,0.0047765555188085465,0.9493974628734948
5,11,0.004275650096116065,0.9536731129696109
5,12,0.003760252055082557,0.9574333650246935
5,13,0.0034057738706836068,0.9608391388953771
5,14,0.00321147926241511,0.9640506181577922
5,15,0.002631875669584768,0.966682493827377
5,16,0.0023510318166159927,0.9690335256439929
5,17,0.002174200254083183,0.9712077258980761
5,18,0.002008552453034978,0.9732162783511111
5,19,0.0017974709770113735,0.9750137493281225
5,20,0.0016576839557983004,0.9766714332839208
5,21,0.0013537139993329568,0.9780251472832537
5,22,0.0013265934419500881,0.9793517407252038
5,23,0.0013068985380469032,0.9806586392632507
5,24,0.0011657973992299435,0.9818244366624806
5,25,0.001031843893396799,0.9828562805558775
5,26,0.0009285440982789697,0.9837848246541564
5,27,0.0009227024036381055,0.9847075270577945
5,28,0.0009056912491609249,0.9856132183069555
5,29,0.0007674408942076461,0.9863806592011631
5,30,0.0007297017392301075,0.9871103609403933
5,31,0.0006699717187236606,0.9877803326591169
5,32,0.0006570211143174891,0.9884373537734343
5,33,0.0006369831767777169,0.9890743369502121
5,34,0.000598397725841814,0.9896727346760539
5,35,0.0005733260862490594,0.9902460607623029
5,36,0.0005586157147888103,0.9908046764770917
5,37,0.0005396732108644134,0.9913443496879562
5,38,0.0005208825680177118,0.9918652322559739
5,39,0.0005059952423738992,0.9923712274983478
5,40,0.0004636945194443788,0.9928349220177921
5,41,0.0004386029852155355,0.9932735250030077
5,42,0.0004212456803806627,0.9936947706833884
5,43,0.00039250770367774346,0.9940872783870661
5,44,0.0003839429858530133,0.9944712213729191
5,45,0.00036268092144203464,0.9948339022943611
5,46,0.0003467539262754294,0.9951806562206366
5,47,0.00034405769971945733,0.995524713920356
5,48,0.00032494795145493477,0.9958496618718111
5,49,0.0003075784381349985,0.9961572403099461
5,50,0.0003009670293603487,0.9964582073393065
5,51,0.0002785277278211931,0.9967367350671277
5,52,0.00026448078809405344,0.9970012158552217
5,53,0.00025765576004780174,0.9972588716152695
5,54,0.00023888048696507782,0.9974977521022346
5,55,0.00022778913864811553,0.9977255412408826
5,56,0.00021639897506272536,0.9979419402159454
5,57,0.00020834000792244493,0.9981502802238679
5,58,0.00020360363577347448,0.9983538838596413
5,59,0.0001899999624231387,0.9985438838220645
5,60,0.00017933987755447439,0.998723223699619
5,61,0.00016856611251814705,0.9988917898121371
5,62,0.000164107314762241,0.9990558971268994
5,63,0.00015489345300989473,0.9992107905799092
5,64,0.00015255458612638167,0.9993633451660356
5,65,0.00014309579107424497,0.9995064409571099
5,66,0.00014056356464762926,0.9996470045217576
5,67,0.00012686367085559228,0.9997738681926132
5,68,0.00012104080339529776,0.9998949089960084
5,69,0.0001050910039917666,1.0000000000000002
6,1,0.8076354107962063,0.8076354107962063
6,2,0.05418275011961305,0.8618181609158193
6,3,0.027217952850204535,0.8890361137660239
6,4,0.018764810864304395,0.9078009246303282
6,5,0.014178326303692554,0.9219792509340208
6,6,0.007840924013984939,0.9298201749480057
6,7,0.007081041187770275,0.936901216135776
6,8,0.006637222677183222,0.9435384388129593
6,9,0.004794557304284465,0.9483329961172438
6,10,0.004548691246382913,0.9528816873636267
6,11,0.0037199958207564205,0.9566016831843831
6,12,0.003451445212899132,0.9600531283972822
6,13,0.0032331588239885834,0.9632862872212707
6,14,0.0029155999360356262,0.9662018871573064
6,15,0.0024224650591442775,0.9686243522164506
6,16,0.0023243170409826155,0.9709486692574332
6,17,0.0019382078510985859,0.9728868771085317
6,18,0.0017940591388291697,0.9746809362473609
6,19,0.0016999016712921013,0.9763808379186529
6,20,0.0016259157694543207,0.9780067536881073
6,21,0.0013946941166837084,0.979401447804791
6,22,0.0012584183680350374,0.9806598661728261
6,23,0.001155566242251443,0.9818154324150775
6,24,0.0011320309684735579,0.9829474633835511
6,25,0.0010742703409038267,0.9840217337244549
6,26,0.0009753286664099553,0.9849970623908648
6,27,0.0009013097839277123,0.9858983721747925
6,28,0.0008586632056283742,0.9867570353804208
6,29,0.0008094013952694197,0.9875664367756902
6,30,0.0007086367763188362,0.988275073552009
6,31,0.0006783533123711241,0.9889534268643801
6,32,0.000600525476184187,0.9895539523405646
6,33,0.0005704259606654535,0.9901243783012301
6,34,0.0005497928858651078,0.9906741711870952
6,35,0.0005181510866380053,0.9911923222737332
6,36,0.0005017061429257567,0.991694028416659
6,37,0.0004829969586768992,0.9921770253753359
6,38,0.0004366749413397598,0.9926137003166757
6,39,0.0004207862682178961,0.9930344865848936
6,40,0.00041428027082343583,0.9934487668557169
6,41,0.00039581775667615166,0.9938445846123931
6,42,0.00037300636123181903,0.9942175909736249
6,43,0.0003516212878640212,0.994569212261489
6,44,0.0003438148537694118,0.9949130271152584
6,45,0.0003351865222523677,0.9952482136375108
6,46,0.0003242836737473483,0.9955724973112582
6,47,0.00029471781591138127,0.9958672151271696
6,48,0.0002869148347414574,0.9961541299619109
6,49,0.0002832523032130416,0.9964373822651239
6,50,0.0002789401512609065,0.9967163224163849
6,51,0.00027090637737393425,0.9969872287937588
6,52,0.00026593015684203057,0.9972531589506008
6,53,0.00023003060804526105,0.9974831895586461
6,54,0.00022702926076190047,0.997710218819408
6,55,0.00021711216670943946,0.9979273309861174
6,56,0.00019591164127157566,0.9981232426273889
6,57,0.00019146329128352666,0.9983147059186724
6,58,0.00017899345313125985,0.9984936993718037
6,59,0.00017344412320200342,0.9986671434950056
6,60,0.00016492351675889187,0.9988320670117645
6,61,0.0001583679566296237,0.9989904349683941
6,62,0.00015044633789413036,0.9991408813062883
6,63,0.0001477478617782645,0.9992886291680666
6,64,0.00013355355512951542,0.9994221827231962
6,65,0.00013124844146404792,0.9995534311646602
6,66,0.00012332195953162507,0.9996767531241918
6,67,0.00011621515387034653,0.9997929682780622
6,68,0.0001148949403993181,0.9999078632184615
6,69,9.213678153868177e-05,1.0000000000000002
7,1,0.7845748865660916,0.7845748865660916
7,2,0.0559117746081451,0.8404866611742368
7,3,0.03634232044456013,0.8768289816187969
7,4,0.021066055658439924,0.8978950372772367
7,5,0.015781766308729853,0.9136768035859666
7,6,0.0089922551762203,0.9226690587621869
7,7,0.007734258666834439,0.9304033174290213
7,8,0.0070838237850473695,0.9374871412140688
7,9,0.005349599730477636,0.9428367409445465
7,10,0.004777835873596103,0.9476145768181427
7,11,0.0041756185182789205,0.9517901953364216
7,12,0.00407765747800288,0.9558678528144245
7,13,0.0038239330671171546,0.9596917858815417
7,14,0.0032312066444976605,0.9629229925260393
7,15,0.0028262875968507,0.96574928012289
7,16,0.002304727276810814,0.9680540073997006
7,17,0.0022558232797252084,0.9703098306794258
7,18,0.001979260299654251,0.97228909097908
7,19,0.0019122832707022459,0.9742013742497823
7,20,0.0017323080876425194,0.9759336823374247
7,21,0.0016546729900164306,0.9775883553274411
7,22,0.0014363416196633623,0.9790246969471045
7,23,0.0013905755682606022,0.9804152725153651
7,24,0.0012540505794032862,0.9816693230947685
7,25,0.0011043083839842303,0.9827736314787527
7,26,0.001001002724866151,0.9837746342036189
7,27,0.0009575942074601012,0.984732228411079
7,28,0.0008962560766749403,0.985628484487754
7,29,0.0008431767222109825,0.986471661209965
7,30,0.0008294914855053411,0.9873011526954704
7,31,0.0007799149669940652,0.9880810676624644
7,32,0.0007232618475553423,0.9888043295100197
7,33,0.0006934524790565979,0.9894977819890763
7,34,0.0006058619133775883,0.990103643902454
7,35,0.0005832479478369996,0.990686891850291
7,36,0.0005602074134569177,0.991247099263748
7,37,0.0005195905049084563,0.9917666897686565
7,38,0.000491470544043307,0.9922581603126998
7,39,0.00046418123171810497,0.9927223415444179
7,40,0.00045358002423505545,0.9931759215686529
7,41,0.0004191591143862514,0.9935950806830391
7,42,0.0004097430359979664,0.9940048237190371
7,43,0.00039710253220327806,0.9944019262512404
7,44,0.0003700504441151387,0.9947719766953554
7,45,0.0003335278223533497,0.9951055045177087
7,46,0.000330552910822089,0.9954360574285308
7,47,0.0003198124351540599,0.9957558698636849
7,48,0.00031629356661951844,0.9960721634303044
7,49,0.0002986363701331117,0.9963707998004375
7,50,0.0002703569422805103,0.996641156742718
7,51,0.000267634918364848,0.9969087916610829
7,52,0.0002521704841729333,0.9971609621452558
7,53,0.0002397808036661084,0.997400742948922
7,54,0.00022493525251513535,0.9976256782014371
7,55,0.00021701584059756143,0.9978426940420346
7,56,0.0002100381925877775,0.9980527322346224
7,57,0.00019930483189604557,0.9982520370665184
7,58,0.00018415712116605232,0.9984361941876845
7,59,0.00018115169727562423,0.9986173458849601
7,60,0.0001694361865263519,0.9987867820714864
7,61,0.0001632464788918363,0.9989500285503783
7,62,0.00015843581852599406,0.9991084643689043
7,63,0.0001473247015203987,0.9992557890704247
7,64,0.00014300028615409766,0.9993987893565788
7,65,0.00013340042462301488,0.9995321897812018
7,66,0.00012765380737824096,0.9996598435885801
7,67,0.00011925455805246568,0.9997790981466326
7,68,0.00011471524756833602,0.9998938133942009
7,69,0.00010618660579921316,1.0000000000000002
8,1,0.798484715514602,0.798484715514602
8,2,0.05009849092517651,0.8485832064397785
8,3,0.035002801299672176,0.8835860077394506
8,4,0.021724583152745766,0.9053105908921963
8,5,0.015042919355022557,0.9203535102472189
8,6,0.008159182510516403,0.9285126927577353
8,7,0.007842267576832285,0.9363549603345676
8,8,0.0059316353240105694,0.9422865956585783
8,9,0.005190291988449497,0.9474768876470278
8,10,0.004275676906857951,0.9517525645538857
8,11,0.003998438724872312,0.955751003278758
8,12,0.003560182463539514,0.9593111857422975
8,13,0.0032797038845656682,0.9625908896268631
8,14,0.0028656757229161903,0.9654565653497793
8,15,0.0025269961316495156,0.9679835614814288
8,16,0.0023353184332678004,0.9703188799146966
8,17,0.0020918448953364185,0.972410724810033
8,18,0.0018931399403124857,0.9743038647503455
8,19,0.0017946629705438623,0.9760985277208893
8,20,0.001555805585966167,0.9776543333068555
8,21,0.0014383735470280279,0.9790927068538835
8,22,0.001330986992766561,0.9804236938466501
8,23,0.0012612679864289573,0.9816849618330791
8,24,0.0011470844393855464,0.9828320462724646
8,25,0.0010024846624257574,0.9838345309348904
8,26,0.0009713849681174771,0.9848059159030078
8,27,0.0009189709360795265,0.9857248868390873
8,28,0.0008372781144196107,0.9865621649535069
8,29,0.0008178399200306596,0.9873800048735376
8,30,0.0007307495902843003,0.9881107544638219
8,31,0.0006693654391943555,0.9887801199030163
8,32,0.000642403882229668,0.9894225237852461
8,33,0.0005990778793551505,0.9900216016646013
8,34,0.0005747968511718318,0.9905963985157731
8,35,0.0005618758066942949,0.9911582743224674
8,36,0.0005358084206763706,0.9916940827431437
8,37,0.000511028093885949,0.9922051108370297
8,38,0.00046332459658972384,0.9926684354336194
8,39,0.0004539309620733599,0.9931223663956927
8,40,0.0004318040319494257,0.9935541704276423
8,41,0.00041330232122959565,0.9939674727488719
8,42,0.0003729274323497574,0.9943404001812216
8,43,0.00036712668684611753,0.9947075268680677
8,44,0.00034129865610947423,0.9950488255241772
8,45,0.00032732425594397975,0.9953761497801211
8,46,0.00031161356638198,0.9956877633465031
8,47,0.0003040957642523491,0.9959918591107555
8,48,0.00027817460929371835,0.9962700337200492
8,49,0.0002702032526312133,0.9965402369726803
8,50,0.0002608028033464044,0.9968010397760267
8,51,0.0002466605783948133,0.9970477003544216
8,52,0.00024103298473650606,0.9972887333391581
8,53,0.00022256235057756962,0.9975112956897357
8,54,0.00021237075330954338,0.9977236664430453
8,55,0.00020689437855814683,0.9979305608216035
8,56,0.00019770184330400114,0.9981282626649073
8,57,0.0001851570154704246,0.9983134196803777
8,58,0.00017833159524604464,0.9984917512756237
8,59,0.00017017405189832568,0.9986619253275221
8,60,0.00016468016772932552,0.9988266054952514
8,61,0.0001615607920155337,0.9989881662872669
8,62,0.00015124542613313005,0.9991394117134
8,63,0.0001470113240340126,0.9992864230374341
8,64,0.00013529441855207128,0.9994217174559862
8,65,0.0001316050654232325,0.9995533225214094
8,66,0.00012182829191182812,0.9996751508133213
8,67,0.00011297393429263687,0.9997881247476139
8,68,0.0001107966053207826,0.9998989213529347
8,69,0.00010107864706546506,1.0000000000000002
9,1,0.7964002814629795,0.7964002814629795
9,2,0.05299063366403072,0.8493909151270101
9,3,0.03554000554781747,0.8849309206748276
9,4,0.020987984438557032,0.9059189051133846
9,5,0.014710593766607697,0.9206294988799922
9,6,0.008612770184750379,0.9292422690647426
9,7,0.007879081628475582,0.9371213506932182
9,8,0.005628376279062365,0.9427497269722807
9,9,0.004488509228439597,0.9472382362007202
9,10,0.00447061899770133,0.9517088551984215
9,11,0.0037607594942565717,0.9554696146926781
9,12,0.003614195938794065,0.9590838106314722
9,13,0.0032697875923359807,0.9623535982238082
9,14,0.0028081799173678987,0.9651617781411761
9,15,0.0025937813154302924,0.9677555594566064
9,16,0.0023925556089628855,0.9701481150655693
9,17,0.002154633263535735,0.972302748329105
9,18,0.0018366853830365686,0.9741394337121416
9,19,0.0017630863777111318,0.9759025200898528
9,20,0.0015863519485764587,0.9774888720384293
9,21,0.0014868024105851227,0.9789756744490143
9,22,0.0014366848935213267,0.9804123593425357
9,23,0.001219412508221324,0.981631771850757
9,24,0.0011188853218560314,0.982750657172613
9,25,0.0010638379287908947,0.983814495101404
9,26,0.000992153919798334,0.9848066490212023
9,27,0.0008971455257177469,0.98570379454692
9,28,0.0008289592534872722,0.9865327538004073
9,29,0.0007730074898915009,0.9873057612902988
9,30,0.0007279701310504432,0.9880337314213492
9,31,0.0006715495799759327,0.9887052810013252
9,32,0.0006221204819581996,0.9893274014832834
9,33,0.000614543583535083,0.9899419450668184
9,34,0.0006037348695494295,0.9905456799363679
9,35,0.0005468555762355069,0.9910925355126033
9,36,0.0005421901888811361,0.9916347257014845
9,37,0.0005152255492748156,0.9921499512507593
9,38,0.00048149162241433124,0.9926314428731736
9,39,0.0004570176678196529,0.9930884605409933
9,40,0.0004246157739291538,0.9935130763149225
9,41,0.0004044245431939221,0.9939175008581164
9,42,0.0003822864245935688,0.99429978728271
9,43,0.0003769075584056467,0.9946766948411156
9,44,0.00035672271648515047,0.9950334175576008
9,45,0.000348376436419544,0.9953817939940203
9,46,0.00032643828382524105,0.9957082322778456
9,47,0.0003066571991410187,0.9960148894769866
9,48,0.0002867104554877496,0.9963015999324744
9,49,0.00027194181262153754,0.9965735417450959
9,50,0.00026569781386371266,0.9968392395589597
9,51,0.00024467168736433517,0.997083911246324
9,52,0.00023804137010957575,0.9973219526164335
9,53,0.00022979628650675305,0.9975517489029403
9,54,0.00021427335952399398,0.9977660222624642
9,55,0.00020580340342235835,0.9979718256658866
9,56,0.00019651965652382424,0.9981683453224104
9,57,0.00018674957529287066,0.9983550948977032
9,58,0.00017791416222200432,0.9985330090599253
9,59,0.00017576416494906316,0.9987087732248743
9,60,0.0001674283540310908,0.9988762015789053
9,61,0.00016415658662669578,0.999040358165532
9,62,0.00015244669895817496,0.9991928048644902
9,63,0.00014334625181810855,0.9993361511163084
9,64,0.00013129169069776107,0.9994674428070062
9,65,0.00012121992987333792,0.9995886627368795
9,66,0.00011538520444990757,0.9997040479413294
9,67,0.00011122745566542442,0.9998152753969948
9,68,9.819976551582895e-05,0.9999134751625106
9,69,8.652483748908803e-05,0.9999999999999997
10,1,0.8048627097901929,0.8048627097901929
10,2,0.04653273210640967,0.8513954418966025
10,3,0.030587008030661934,0.8819824499272645
10,4,0.021811405762678013,0.9037938556899425
10,5,0.015785620228066347,0.9195794759180089
10,6,0.00879469951286772,0.9283741754308766
10,7,0.007591851770310384,0.935966027201187
10,8,0.006768241518805878,0.9427342687199929
10,9,0.0047215472327087485,0.9474558159527017
10,10,0.00434106424531812,0.9517968801980198
10,11,0.003976981413900008,0.9557738616119198
10,12,0.0037831242913838057,0.9595569859033036
10,13,0.003185885690592318,0.9627428715938959
10,14,0.002863670086873281,0.9656065416807692
10,15,0.0027518189290194955,0.9683583606097887
10,16,0.0025061546738089505,0.9708645152835976
10,17,0.0020826012914397373,0.9729471165750374
10,18,0.0018676673741261996,0.9748147839491637
10,19,0.0018249670340396767,0.9766397509832033
10,20,0.001592664652851292,0.9782324156360546
10,21,0.0013969687370038856,0.9796293843730585
10,22,0.0012206670199671479,0.9808500513930256
10,23,0.0011360963916746277,0.9819861477847003
10,24,0.0010846218750087215,0.983070769659709
10,25,0.0010092878316009532,0.9840800574913099
10,26,0.0009159970612610921,0.984996054552571
10,27,0.0009021621396494791,0.9858982166922204
10,28,0.0008106609483330714,0.9867088776405535
10,29,0.0007668405832480478,0.9874757182238015
10,30,0.0007425370919290001,0.9882182553157305
10,31,0.0006827381422903199,0.9889009934580208
10,32,0.0006102181165125284,0.9895112115745335
10,33,0.0005912273173250736,0.9901024388918586
10,34,0.0005666749628821134,0.9906691138547407
10,35,0.0005596617190239724,0.9912287755737647
10,36,0.000526877457608142,0.9917556530313728
10,37,0.0004944323322021453,0.992250085363575
10,38,0.0004684370484592747,0.9927185224120342
10,39,0.00045028875766454294,0.9931688111696987
10,40,0.0004059076652392843,0.993574718834938
10,41,0.0004013980948020277,0.99397611692974
10,42,0.00037302104310145905,0.9943491379728414
10,43,0.00034826748159816974,0.9946974054544396
10,44,0.00034024814670774683,0.9950376536011474
10,45,0.00031486870744738094,0.9953525223085947
10,46,0.00029511244922747465,0.9956476347578221
10,47,0.0002861568515288427,0.995933791609351
10,48,0.00028211589947268854,0.9962159075088237
10,49,0.00027027801143786036,0.9964861855202616
10,50,0.0002646460755278879,0.9967508315957895
10,51,0.00025383006352730855,0.9970046616593168
10,52,0.00024618033702461067,0.9972508419963414
10,53,0.0002317474035790737,0.9974825893999205
10,54,0.00022261747409752587,0.9977052068740181
10,55,0.00020716467831748519,0.9979123715523356
10,56,0.0002061423822260259,0.9981185139345615
10,57,0.00018912744565771863,0.9983076413802192
10,58,0.00018368026535266674,0.9984913216455719
10,59,0.00018196126317492656,0.9986732829087468
10,60,0.0001713693296210897,0.9988446522383679
10,61,0.0001576029394429008,0.9990022551778108
10,62,0.00014918052158612583,0.9991514356993969
10,63,0.00014245930492481757,0.9992938950043218
10,64,0.00013359201030776035,0.9994274870146295
10,65,0.00013127972703085705,0.9995587667416603
10,66,0.00012386640991665193,0.999682633151577
10,67,0.00011456165196741617,0.9997971948035445
10,68,0.00010443902499275287,0.9999016338285373
10,69,9.83661714628534e-05,1.0
11,1,0.795776729112433,0.795776729112433
11,2,0.05154818753750328,0.8473249166499363
11,3,0.033650748259513544,0.8809756649094498
11,4,0.022918789057429476,0.9038944539668793
11,5,0.01430488585654744,0.9181993398234267
11,6,0.008214422895761004,0.9264137627191877
11,7,0.007117827102963758,0.9335315898221515
11,8,0.006345347247685175,0.9398769370698367
11,9,0.005395989346975005,0.9452729264168117
11,10,0.00460219204627297,0.9498751184630847
11,11,0.003969218854187591,0.9538443373172723
11,12,0.0038751824771600034,0.9577195197944323
11,13,0.003525325378026617,0.9612448451724589
11,14,0.0030386999750798204,0.9642835451475387
11,15,0.0029355199215958232,0.9672190650691345
11,16,0.0025127617163726783,0.9697318267855072
11,17,0.002296589070420246,0.9720284158559275
11,18,0.0019421555673442101,0.9739705714232717
11,19,0.0017552654222140625,0.9757258368454858
11,20,0.0016741406790189194,0.9773999775245047
11,21,0.0015163294434405827,0.9789163069679453
11,22,0.0014596720094951206,0.9803759789774404
11,23,0.0013222461646810214,0.9816982251421215
11,24,0.0011453476086358617,0.9828435727507573
11,25,0.0010533250510282146,0.9838968978017855
11,26,0.0010062092423517377,0.9849031070441372
11,27,0.0008662430195547201,0.9857693500636919
11,28,0.0008335303107068719,0.9866028803743988
11,29,0.0007878352558399512,0.9873907156302387
11,30,0.0007276290817863093,0.9881183447120251
11,31,0.0006805775441618513,0.9887989222561869
11,32,0.0006465638083622751,0.9894454860645492
11,33,0.0006151195299297543,0.990060605594479
11,34,0.0005894225972409068,0.9906500281917199
11,35,0.0005417651073073307,0.9911917932990272
11,36,0.0005202411840117596,0.9917120344830389
11,37,0.0004748085831781382,0.9921868430662171
11,38,0.0004688439891909013,0.992655687055408
11,39,0.00043399062903736217,0.9930896776844453
11,40,0.0004005646626916613,0.993490242347137
11,41,0.0003958900316574447,0.9938861323787944
11,42,0.00036881260725207197,0.9942549449860465
11,43,0.000356746543531909,0.9946116915295784
11,44,0.0003498907627307248,0.9949615822923091
11,45,0.00033008933286661073,0.9952916716251757
11,46,0.0003156128187212525,0.995607284443897
11,47,0.00029344267036343077,0.9959007271142605
11,48,0.00028278898130670627,0.9961835160955672
11,49,0.0002729267601727719,0.99645644285574
11,50,0.00025468130692493055,0.9967111241626649
11,51,0.000245800661938585,0.9969569248246035
11,52,0.00024348239711570994,0.9972004072217192
11,53,0.00022516089952553876,0.9974255681212447
11,54,0.00022420699404843828,0.9976497751152932
11,55,0.00021548284887851988,0.9978652579641717
11,56,0.00020986009243595936,0.9980751180566076
11,57,0.00019953518336286927,0.9982746532399706
11,58,0.00019261051864429528,0.9984672637586148
11,59,0.00017942071824799473,0.9986466844768628
11,60,0.0001742602397507825,0.9988209447166135
11,61,0.00016848159358124766,0.9989894263101948
11,62,0.00015923396733215294,0.999148660277527
11,63,0.00014913849845853724,0.9992977987759856
11,64,0.0001341715019358414,0.9994319702779213
11,65,0.00013052963122581673,0.9995624999091471
11,66,0.00012542358355027155,0.9996879234926974
11,67,0.00011965637814104547,0.9998075798708385
11,68,0.0001016990579769873,0.9999092789288154
11,69,9.072107118460101e-05,1.0
12,1,0.8108237073927024,0.8108237073927024
12,2,0.04945047919459227,0.8602741865872946
12,3,0.028614508897592945,0.8888886954848876
12,4,0.01948251556457961,0.9083712110494672
12,5,0.013972505418168355,0.9223437164676355
12,6,0.008363834348862885,0.9307075508164984
12,7,0.007258924899127251,0.9379664757156256
12,8,0.006023570329890593,0.9439900460455163
12,9,0.00482106102409244,0.9488111070696087
12,10,0.004125505257295087,0.9529366123269037
12,11,0.003805235349756648,0.9567418476766604
12,12,0.0035204174370281984,0.9602622651136886
12,13,0.0032441446748944698,0.963506409788583
12,14,0.0029580982443277283,0.9664645080329107
12,15,0.0024499175933423633,0.9689144256262531
12,16,0.0022515588438997646,0.971165984470153
12,17,0.0020203553859978415,0.9731863398561509
12,18,0.0019645094635723274,0.9751508493197232
12,19,0.0017659110211589945,0.9769167603408822
12,20,0.001694506175993069,0.9786112665168752
12,21,0.0014003060807210605,0.9800115725975963
12,22,0.0012426482533277575,0.9812542208509241
12,23,0.001148126117771305,0.9824023469686953
12,24,0.001083193322355527,0.983485540291051
12,25,0.0010235462250953412,0.9845090865161463
12,26,0.0009317272210006163,0.985440813737147
12,27,0.0008599440494690064,0.986300757786616
12,28,0.0008310561727596609,0.9871318139593757
12,29,0.0007638906240010023,0.9878957045833766
12,30,0.0006407324952359835,0.9885364370786126
12,31,0.0006365540092223126,0.989172991087835
12,32,0.000597978730959984,0.9897709698187948
12,33,0.0005643045238335975,0.9903352743426284
12,34,0.0005507525800733658,0.9908860269227017
12,35,0.0005216037358069154,0.9914076306585086
12,36,0.000498207234605406,0.9919058378931139
12,37,0.0004641187120676345,0.9923699566051816
12,38,0.0004591365372803703,0.9928290931424619
12,39,0.0004050320322629443,0.9932341251747249
12,40,0.00039648582590028433,0.9936306110006253
12,41,0.0003897944379190315,0.9940204054385443
12,42,0.0003838674420822152,0.9944042728806265
12,43,0.0003553596572705878,0.9947596325378971
12,44,0.00034499260590550396,0.9951046251438026
12,45,0.00032895582353304625,0.9954335809673357
12,46,0.0003219975223597654,0.9957555784896954
12,47,0.000297986080178655,0.996053564569874
12,48,0.0002897230340300437,0.9963432876039042
12,49,0.00027636499859681263,0.9966196526025011
12,50,0.0002496365100521775,0.9968692891125532
12,51,0.00024556950822348153,0.9971148586207768
12,52,0.00024340754886030867,0.9973582661696371
12,53,0.00022603447375891313,0.997584300643396
12,54,0.00021039963879646115,0.9977947002821924
12,55,0.00020565360926733627,0.9980003538914598
12,56,0.00019050173657749055,0.9981908556280371
12,57,0.0001818437468183581,0.9983726993748555
12,58,0.0001728192341115736,0.9985455186089671
12,59,0.0001619363595691221,0.9987074549685362
12,60,0.00015797296909475378,0.9988654279376309
12,61,0.00014882580666442127,0.9990142537442953
12,62,0.00014327248772974402,0.999157526232025
12,63,0.00014203439071983848,0.9992995606227448
12,64,0.00013001396001413013,0.999429574582759
12,65,0.000127933618236213,0.9995575082009953
12,66,0.00012128462353368681,0.999678792824529
12,67,0.00011232379629646616,0.9997911166208254
12,68,0.00010649097468722419,0.9998976075955126
12,69,0.00010239240448738889,1.0
13,1,0.787164085360329,0.787164085360329
13,2,0.054548772699196314,0.8417128580595253
13,3,0.03529026798508848,0.8770031260446138
13,4,0.020539509775835452,0.8975426358204492
13,5,0.015282097009074408,0.9128247328295237
13,6,0.00919650024364998,0.9220212330731736
13,7,0.008678711657532031,0.9306999447307056
13,8,0.006357316104799433,0.9370572608355051
13,9,0.005598075635775476,0.9426553364712806
13,10,0.004640085518863898,0.9472954219901445
13,11,0.004625681416970394,0.9519211034071149
13,12,0.004018315030275254,0.9559394184373902
13,13,0.00372751026858042,0.9596669287059706
13,14,0.00320454542553461,0.9628714741315052
13,15,0.002780537143868113,0.9656520112753734
13,16,0.0024761733707199148,0.9681281846460932
13,17,0.0022149835978125024,0.9703431682439057
13,18,0.0020923139763530762,0.9724354822202588
13,19,0.0019076940456149378,0.9743431762658737
13,20,0.0017137820697005143,0.9760569583355743
13,21,0.0015098765064634942,0.9775668348420378
13,22,0.0013984713986981276,0.9789653062407359
13,23,0.0012775736500856365,0.9802428798908215
13,24,0.001165438971145111,0.9814083188619667
13,25,0.0011431561482768816,0.9825514750102435
13,26,0.0011033898709291627,0.9836548648811727
13,27,0.0009665209104653405,0.984621385791638
13,28,0.0009036652288412265,0.9855250510204793
13,29,0.0008348658520585094,0.9863599168725378
13,30,0.0007332288915835655,0.9870931457641213
13,31,0.0007168382332186177,0.98780998399734
13,32,0.000685227715322682,0.9884952117126626
13,33,0.0006392304812052051,0.9891344421938678
13,34,0.0006003037810700059,0.9897347459749378
13,35,0.0005859224139956365,0.9903206683889335
13,36,0.0005593945786978914,0.9908800629676314
13,37,0.0005173577319572492,0.9913974206995887
13,38,0.0005108381011891112,0.9919082588007778
13,39,0.00045243979596073803,0.9923606985967386
13,40,0.0004377448500869728,0.9927984434468253
13,41,0.0004285893697456127,0.993227032816571
13,42,0.00041287518565786077,0.9936399080022289
13,43,0.00040335733889988284,0.9940432653411287
13,44,0.00039084682574842936,0.9944341121668772
13,45,0.0003728699335269939,0.9948069821004042
13,46,0.000357023835155842,0.99516400593556
13,47,0.00033930304561175786,0.9955033089811718
13,48,0.0003338409942280947,0.9958371499754
13,49,0.0003115025717300848,0.99614865254713
13,50,0.0002899564884916472,0.9964386090356216
13,51,0.0002875577423604737,0.9967261667779821
13,52,0.00026853464232343464,0.9969947014203056
13,53,0.00024198363352311312,0.9972366850538287
13,54,0.00023636046243760605,0.9974730455162663
13,55,0.0002300123373275814,0.9977030578535938
13,56,0.00022329808750665904,0.9979263559411005
13,57,0.00021485016602835574,0.9981412061071289
13,58,0.00019676443844048378,0.9983379705455694
13,59,0.00019373685784934285,0.9985317074034187
13,60,0.00018507646052364719,0.9987167838639424
13,61,0.00018434536306322544,0.9989011292270056
13,62,0.00017631036003996355,0.9990774395870455
13,63,0.00015473774530356895,0.9992321773323491
13,64,0.0001476017458339018,0.999379779078183
13,65,0.00014216763505186912,0.9995219467132348
13,66,0.00013495718042787073,0.9996569038936627
13,67,0.00011969558631869524,0.9997765994799814
13,68,0.00011600746676970653,0.9998926069467511
13,69,0.0001073930532487604,0.9999999999999999
14,1,0.8052262766607107,0.8052262766607107
14,2,0.054896592015169735,0.8601228686758804
14,3,0.030582364795062968,0.8907052334709433
14,4,0.018650467697650618,0.909355701168594
14,5,0.012566699786875768,0.9219224009554697
14,6,0.008413407905701815,0.9303358088611715
14,7,0.008049416383899635,0.9383852252450712
14,8,0.0064606047247947555,0.944845829969866
14,9,0.004881198422643665,0.9497270283925097
14,10,0.004049102391511279,0.9537761307840209
14,11,0.003838035307252894,0.9576141660912738
14,12,0.0035173044868752885,0.9611314705781491
14,13,0.003065179875118787,0.9641966504532679
14,14,0.0027677662639058707,0.9669644167171737
14,15,0.002455657459346958,0.9694200741765207
14,16,0.002193020983993085,0.9716130951605139
14,17,0.0019179073497086598,0.9735310025102225
14,18,0.00186543781970247,0.975396440329925
14,19,0.0016897451426646816,0.9770861854725897
14,20,0.0014820555967083645,0.9785682410692981
14,21,0.001433172741544436,0.9800014138108425
14,22,0.0013606590562869614,0.9813620728671295
14,23,0.0011773119946900874,0.9825393848618196
14,24,0.001084090280984149,0.9836234751428036
14,25,0.000984158009012177,0.9846076331518158
14,26,0.0009358168762100012,0.9855434500280258
14,27,0.000906528893022601,0.9864499789210484
14,28,0.0008220969531934117,0.9872720758742418
14,29,0.0007651598064719377,0.9880372356807138
14,30,0.0007445637469207494,0.9887817994276346
14,31,0.0006580445264604446,0.989439843954095
14,32,0.0006144573227794867,0.9900543012768744
14,33,0.0005881080959811646,0.9906424093728556
14,34,0.0005471082976223931,0.991189517670478
14,35,0.00048815513000403026,0.991677672800482
14,36,0.0004763429786779885,0.99215401577916
14,37,0.00046381075533811117,0.992617826534498
14,38,0.00044294468966067494,0.9930607712241587
14,39,0.00041149896455218427,0.9934722701887109
14,40,0.00038799210321234013,0.9938602622919234
14,41,0.0003701603713463962,0.9942304226632698
14,42,0.0003582900272291615,0.994588712690499
14,43,0.000343395729418962,0.994932108419918
14,44,0.00033741525790229575,0.9952695236778203
14,45,0.00031391855473189285,0.9955834422325521
14,46,0.00030589975547753415,0.9958893419880297
14,47,0.00029806215481172397,0.9961874041428415
14,48,0.00027796715925453263,0.9964653713020959
14,49,0.0002691735552843274,0.9967345448573802
14,50,0.0002495808249495355,0.9969841256823297
14,51,0.0002403769935301561,0.9972245026758599
14,52,0.0002245461238405149,0.9974490487997004
14,53,0.00021492710350249367,0.9976639759032029
14,54,0.00020216129284110097,0.997866137196044
14,55,0.00019473420753722223,0.9980608714035812
14,56,0.00019005273981492678,0.9982509241433961
14,57,0.00018616200489205223,0.9984370861482882
14,58,0.00017064233346304953,0.9986077284817513
14,59,0.0001647224408671224,0.9987724509226183
14,60,0.00015320500697366102,0.998925655929592
14,61,0.0001482193012996858,0.9990738752308918
14,62,0.00014142014527098904,0.9992152953761627
14,63,0.00013228619205973136,0.9993475815682225
14,64,0.0001214482038771426,0.9994690297720995
14,65,0.00012074870414976718,0.9995897784762493
14,66,0.00011376544554361684,0.999703543921793
14,67,0.00010940040232573827,0.9998129443241187
14,68,9.943513206837414e-05,0.999912379456187
14,69,8.762054381295966e-05,1.0
15,1,0.7913332480345128,0.7913332480345128
15,2,0.0552151005942472,0.8465483486287599
15,3,0.03379315938642742,0.8803415080151874
15,4,0.02259841697091553,0.902939924986103
15,5,0.015315340608980802,0.9182552655950837
15,6,0.00827686431670108,0.9265321299117848
15,7,0.007644342741825337,0.9341764726536101
15,8,0.006392250276679755,0.9405687229302898
15,9,0.005505405930063796,0.9460741288603536
15,10,0.0042355474237109805,0.9503096762840646
15,11,0.004227757138617991,0.9545374334226826
15,12,0.003940223793791852,0.9584776572164745
15,13,0.0033324303023960725,0.9618100875188705
15,14,0.00277791942547443,0.964588006944345
15,15,0.002641404267880365,0.9672294112122254
15,16,0.0023647701909313245,0.9695941814031567
15,17,0.002221574351971105,0.9718157557551278
15,18,0.0020144931661880733,0.9738302489213159
15,19,0.0018645771037109902,0.9756948260250269
15,20,0.001755644526523074,0.97745047055155
15,21,0.0013811564155399565,0.9788316269670899
15,22,0.0012888923999003034,0.9801205193669902
15,23,0.00119115886104244,0.9813116782280327
15,24,0.0011396390727470853,0.9824513173007797
15,25,0.001064725683597544,0.9835160429843772
15,26,0.0009430433081618823,0.9844590862925391
15,27,0.0008603752649580187,0.9853194615574971
15,28,0.0008277804492169297,0.986147242006714
15,29,0.0007932375747124933,0.9869404795814265
15,30,0.0007720856034732055,0.9877125651848997
15,31,0.0007001490754983539,0.988412714260398
15,32,0.0006609865413824502,0.9890737008017806
15,33,0.0006469230177963396,0.9897206238195769
15,34,0.0005826044990288634,0.9903032283186058
15,35,0.0005782564333723183,0.9908814847519781
15,36,0.0005564635946233124,0.9914379483466015
15,37,0.0004969775715785721,0.9919349259181801
15,38,0.0004722666176782268,0.9924071925358583
15,39,0.0004458947340216702,0.99285308726988
15,40,0.00042018863876037976,0.9932732759086402
15,41,0.0004143355721517455,0.993687611480792
15,42,0.00038619449434300064,0.994073805975135
15,43,0.0003723649475962589,0.9944461709227312
15,44,0.0003543608498843475,0.9948005317726156
15,45,0.000342577431745163,0.9951431092043608
15,46,0.0003237647771612695,0.995466873981522
15,47,0.00031570526469301637,0.995782579246215
15,48,0.000312184103018507,0.9960947633492336
15,49,0.00030069999721027527,0.9963954633464439
15,50,0.00025857469104443405,0.9966540380374883
15,51,0.00024823213442763475,0.9969022701719159
15,52,0.0002443745493608951,0.9971466447212768
15,53,0.00023519996577675366,0.9973818446870535
15,54,0.00021654733297566108,0.9975983920200292
15,55,0.00021209224248727436,0.9978104842625165
15,56,0.00019710268731337686,0.9980075869498298
15,57,0.00019541381816472346,0.9982030007679945
15,58,0.0001904664814368624,0.9983934672494313
15,59,0.00018434567044346015,0.9985778129198748
15,60,0.00017587284505247896,0.9987536857649273
15,61,0.00017306143878892944,0.9989267472037162
15,62,0.00016750134733632961,0.9990942485510526
15,63,0.00016029882213781197,0.9992545473731904
15,64,0.00015284017457552134,0.9994073875477659
15,65,0.00013948163935748989,0.9995468691871234
15,66,0.00012586740733823106,0.9996727365944617
15,67,0.00011973620782320509,0.9997924728022849
15,68,0.00010871328238055796,0.9999011860846655
15,69,9.881391533441938e-05,0.9999999999999999
16,1,0.7945893827404337,0.7945893827404337
16,2,0.053259243385835035,0.8478486261262687
16,3,0.03436613655633948,0.8822147626826081
16,4,0.020251691344884214,0.9024664540274924
16,5,0.01634389510697091,0.9188103491344632
16,6,0.008296318494081337,0.9271066676285445
16,7,0.006781850639772888,0.9338885182683174
16,8,0.006268932527943775,0.9401574507962612
16,9,0.005363909551586278,0.9455213603478475
16,10,0.004384251254702083,0.9499056116025496
16,11,0.004320521500974925,0.9542261331035246
16,12,0.003921403531619515,0.9581475366351441
16,13,0.0035801145951196317,0.9617276512302637
16,14,0.0028802542067489965,0.9646079054370127
16,15,0.0026766986070154417,0.9672846040440282
16,16,0.002371916067847332,0.9696565201118754
16,17,0.0022428250284500144,0.9718993451403254
16,18,0.0019765189458996017,0.973875864086225
16,19,0.0018389926374893606,0.9757148567237143
16,20,0.001627036918617962,0.9773418936423323
16,21,0.001582016323630143,0.9789239099659625
16,22,0.001424351985746831,0.9803482619517093
16,23,0.0012821822965433233,0.9816304442482526
16,24,0.0010992310054040654,0.9827296752536568
16,25,0.0010034684125578403,0.9837331436662147
16,26,0.0009400301833712878,0.984673173849586
16,27,0.0008893662163279728,0.9855625400659139
16,28,0.0008068152387960509,0.9863693553047099
16,29,0.0007915288490744154,0.9871608841537843
16,30,0.000749248097666329,0.9879101322514506
16,31,0.00066584376203265,0.9885759760134832
16,32,0.0006435235396472223,0.9892194995531305
16,33,0.000600655577838624,0.9898201551309691
16,34,0.0005936541778756993,0.9904138093088448
16,35,0.0005640837456577327,0.9909778930545026
16,36,0.0005177806854544941,0.9914956737399571
16,37,0.0005041693664088822,0.9919998431063659
16,38,0.0004743868180806236,0.9924742299244466
16,39,0.00044098846234106383,0.9929152183867876
16,40,0.0004128416155159309,0.9933280600023036
16,41,0.0004116555406097149,0.9937397155429133
16,42,0.00037645381976418455,0.9941161693626774
16,43,0.0003676166516702108,0.9944837860143476
16,44,0.0003585569116221165,0.9948423429259697
16,45,0.0003475908156537761,0.9951899337416236
16,46,0.0003377675037390928,0.9955277012453626
16,47,0.000321739545381421,0.995849440790744
16,48,0.0002877226494774389,0.9961371634402215
16,49,0.00027506436710111155,0.9964122278073226
16,50,0.00026420140702084025,0.9966764292143435
16,51,0.0002613789112574262,0.996937808125601
16,52,0.0002434305926243413,0.9971812387182253
16,53,0.00023085122121298423,0.9974120899394383
16,54,0.00022564327780519877,0.9976377332172435
16,55,0.00021906014700708205,0.9978567933642506
16,56,0.00020342464930279231,0.9980602180135533
16,57,0.00019933953419525187,0.9982595575477485
16,58,0.00019444685231507857,0.9984540044000636
16,59,0.00018581230497191587,0.9986398167050355
16,60,0.00017096156545487102,0.9988107782704904
16,61,0.00016226862273837953,0.9989730468932287
16,62,0.00015795542961144382,0.9991310023228401
16,63,0.00014876135183280475,0.999279763674673
16,64,0.00014305824899086,0.999422821923664
16,65,0.00013338218310928338,0.9995562041067734
16,66,0.00012348170877036523,0.9996796858155438
16,67,0.00012068547925382841,0.9998003712947976
16,68,0.0001067781768112041,0.9999071494716087
16,69,9.285052839127903e-05,1.0
17,1,0.804952975176401,0.804952975176401
17,2,0.05101140228200409,0.855964377458405
17,3,0.032633603395242274,0.8885979808536473
17,4,0.019881730880408878,0.9084797117340562
17,5,0.013264727081655962,0.9217444388157121
17,6,0.008192017354033422,0.9299364561697455
17,7,0.007046587111883101,0.9369830432816286
17,8,0.006072377867102659,0.9430554211487313
17,9,0.005140184438637722,0.948195605587369
17,10,0.004464304540472886,0.9526599101278419
17,11,0.003657255544580349,0.9563171656724222
17,12,0.003236811090102208,0.9595539767625244
17,13,0.002879946338100594,0.962433923100625
17,14,0.0028139005126586103,0.9652478236132837
17,15,0.0026167048836197655,0.9678645284969034
17,16,0.00219883688006665,0.9700633653769701
17,17,0.0020501529238383643,0.9721135183008085
17,18,0.0018688627802072278,0.9739823810810158
17,19,0.001750734440460233,0.975733115521476
17,20,0.0016957361266219848,0.977428851648098
17,21,0.00144399551804183,0.9788728471661399
17,22,0.001337646632026942,0.9802104937981668
17,23,0.001272010252691651,0.9814825040508585
17,24,0.0011019417093211603,0.9825844457601794
17,25,0.0010576970585179828,0.9836421428186974
17,26,0.0010123579449377313,0.9846545007636351
17,27,0.0009851211015208367,0.985639621865156
17,28,0.0008771877939049302,0.9865168096590609
17,29,0.0008226965371055091,0.9873395061961664
17,30,0.0007482706226874725,0.9880877768188538
17,31,0.0007088686095605909,0.9887966454284144
17,32,0.0006571632001928575,0.9894538086286074
17,33,0.0006302903363776213,0.9900840989649851
17,34,0.0005858622050533654,0.9906699611700385
17,35,0.0005518104630005563,0.991221771633039
17,36,0.0005264711175848742,0.9917482427506239
17,37,0.00047844057729102966,0.992226683327915
17,38,0.00045921352492864063,0.9926858968528436
17,39,0.0004394203192688482,0.9931253171721124
17,40,0.0004158773813243432,0.9935411945534368
17,41,0.00038918447619748525,0.9939303790296343
17,42,0.00037915862775791996,0.9943095376573923
17,43,0.00035961366028417873,0.9946691513176764
17,44,0.0003285917412519482,0.9949977430589284
17,45,0.0003224113170058919,0.9953201543759344
17,46,0.00031764081219976973,0.9956377951881341
17,47,0.00029974325263809804,0.9959375384407723
17,48,0.00027953318342964294,0.9962170716242018
17,49,0.0002764487739758359,0.9964935203981776
17,50,0.00026537269377867247,0.9967588930919563
17,51,0.0002492662338660919,0.9970081593258224
17,52,0.00024266632560177484,0.9972508256514242
17,53,0.00023721031377101014,0.9974880359651952
17,54,0.0002200359428061321,0.9977080719080014
17,55,0.0002095846734594779,0.9979176565814608
17,56,0.00020135758144258068,0.9981190141629034
17,57,0.0001916218287994206,0.9983106359917028
17,58,0.00018548007214969688,0.9984961160638525
17,59,0.00018292814982586036,0.9986790442136784
17,60,0.00017063610268187954,0.9988496803163602
17,61,0.00015950259281309422,0.9990091829091733
17,62,0.0001561459160115456,0.9991653288251848
17,63,0.0001408557670782574,0.9993061845922631
17,64,0.0001357781644265454,0.9994419627566895
17,65,0.00012646917025383537,0.9995684319269433
17,66,0.00011620467066220345,0.9996846365976055
17,67,0.00011323000373738263,0.999797866601343
17,68,0.00010521957497105656,0.999903086176314
17,69,9.691382368585398e-05,0.9999999999999998
18,1,0.7933610007182881,0.7933610007182881
18,2,0.060022936250022335,0.8533839369683104
18,3,0.028579382413510684,0.881963319381821
18,4,0.02003834505566481,0.9020016644374859
18,5,0.015074180669243658,0.9170758451067296
18,6,0.00851567763621561,0.9255915227429452
18,7,0.00761418747555544,0.9332057102185006
18,8,0.006435116657467023,0.9396408268759676
18,9,0.005345749213505859,0.9449865760894735
18,10,0.004745609032733506,0.9497321851222069
18,11,0.004207500334741451,0.9539396854569484
18,12,0.003744622977772408,0.9576843084347209
18,13,0.003543610143750867,0.9612279185784717
18,14,0.0029669488972739752,0.9641948674757457
18,15,0.002850829256538183,0.9670456967322839
18,16,0.00248783994422135,0.9695335366765052
18,17,0.0020705363725833825,0.9716040730490886
18,18,0.001927396118676824,0.9735314691677655
18,19,0.001576169533402828,0.9751076387011682
18,20,0.0015171161517477199,0.976624754852916
18,21,0.0014313994240638373,0.9780561542769798
18,22,0.0013361460811178911,0.9793923003580977
18,23,0.0012699439142823245,0.98066224427238
18,24,0.0012362587743398156,0.9818985030467198
18,25,0.0011200101374933462,0.9830185131842131
18,26,0.001036746293192098,0.9840552594774051
18,27,0.0009759641458034484,0.9850312236232086
18,28,0.0008838120868999895,0.9859150357101086
18,29,0.0008025053100762652,0.9867175410201849
18,30,0.0007967753398664494,0.9875143163600514
18,31,0.0006939489252156613,0.9882082652852671
18,32,0.0006538117958945729,0.9888620770811617
18,33,0.0006430825887822927,0.989505159669944
18,34,0.0006169866497747026,0.9901221463197187
18,35,0.0005570962174740621,0.9906792425371928
18,36,0.0005250645431009108,0.9912043070802936
18,37,0.0005122068861662236,0.9917165139664599
18,38,0.0004956343993617253,0.9922121483658216
18,39,0.00046784537745668775,0.9926799937432783
18,40,0.00044779975374383127,0.9931277934970221
18,41,0.0004121653943050122,0.9935399588913271
18,42,0.0003895769258119502,0.993929535817139
18,43,0.0003836976798109288,0.99431323349695
18,44,0.00037340011913385976,0.9946866336160839
18,45,0.0003595694541538717,0.9950462030702377
18,46,0.000343433676368408,0.9953896367466061
18,47,0.00030903439942891163,0.9956986711460349
18,48,0.00030500288881656675,0.9960036740348515
18,49,0.0002863867658918107,0.9962900608007432
18,50,0.00027648539848427225,0.9965665461992275
18,51,0.0002690528413099282,0.9968355990405374
18,52,0.00026438861389235584,0.9970999876544298
18,53,0.00024018059280139323,0.9973401682472312
18,54,0.00023719188582080675,0.997577360133052
18,55,0.00022927848445881475,0.9978066386175108
18,56,0.00021734427186208434,0.9980239828893729
18,57,0.000197161714870526,0.9982211446042434
18,58,0.00018993287548738427,0.9984110774797308
18,59,0.00017893293170919268,0.99859001041144
18,60,0.000172678027862032,0.998762688439302
18,61,0.00017088863744419956,0.9989335770767462
18,62,0.00015680063448420003,0.9990903777112304
18,63,0.00015521291237047648,0.999245590623601
18,64,0.0001467724443576094,0.9993923630679585
18,65,0.00012960607200029282,0.9995219691399588
18,66,0.00012398493752168067,0.9996459540774805
18,67,0.00012263408883122543,0.9997685881663116
18,68,0.00011748984017418082,0.9998860780064859
18,69,0.00011392199351382847,0.9999999999999997
19,1,0.7929505720917168,0.7929505720917168
19,2,0.05122000476150205,0.8441705768532188
19,3,0.034305120413199885,0.8784756972664187
19,4,0.02032533325467351,0.8988010305210923
19,5,0.01450544291741116,0.9133064734385035
19,6,0.009775493376947872,0.9230819668154513
19,7,0.008573455502197208,0.9316554223176485
19,8,0.006467599397809922,0.9381230217154585
19,9,0.005066983814116361,0.9431900055295749
19,10,0.004861718401105107,0.9480517239306799
19,11,0.0046051064813435565,0.9526568304120235
19,12,0.004211399676866308,0.9568682300888899
19,13,0.0035300085275730246,0.9603982386164629
19,14,0.003305329943374641,0.9637035685598375
19,15,0.002891392917971063,0.9665949614778085
19,16,0.0024214233358548906,0.9690163848136635
19,17,0.0020949171616273443,0.9711113019752908
19,18,0.001829488617703315,0.9729407905929941
19,19,0.0017532357270952789,0.9746940263200894
19,20,0.0016690715988479216,0.9763630979189373
19,21,0.0016083286439195152,0.9779714265628567
19,22,0.0014143214254911153,0.9793857479883479
19,23,0.0012117033477576946,0.9805974513361055
19,24,0.0011920164345137069,0.9817894677706193
19,25,0.0011591421267799968,0.9829486098973993
19,26,0.000996157537284903,0.9839447674346842
19,27,0.0009275981867085799,0.9848723656213928
19,28,0.0009073025315159137,0.9857796681529087
19,29,0.000824697073159292,0.986604365226068
19,30,0.0007796414709343994,0.9873840066970023
19,31,0.000763233381056344,0.9881472400780587
19,32,0.0006816398273680178,0.9888288799054267
19,33,0.0006554739076477665,0.9894843538130744
19,34,0.0006441539313181927,0.9901285077443926
19,35,0.0005819889062929502,0.9907104966506856
19,36,0.0005526680780235596,0.9912631647287091
19,37,0.0005257049304573625,0.9917888696591665
19,38,0.0004844003347564962,0.992273269993923
19,39,0.0004640065353002075,0.9927372765292232
19,40,0.00045798600056447746,0.9931952625297878
19,41,0.00041215991709331855,0.9936074224468812
19,42,0.0003893490812870882,0.9939967715281682
19,43,0.00036950280048340717,0.9943662743286517
19,44,0.0003643571770060128,0.9947306315056577
19,45,0.00035648454571393315,0.9950871160513716
19,46,0.0003337878005114802,0.9954209038518831
19,47,0.00032912439174949203,0.9957500282436326
19,48,0.00031319691033850273,0.996063225153971
19,49,0.00028394684749722716,0.9963471720014683
19,50,0.00027719258310616773,0.9966243645845745
19,51,0.00026915424636253564,0.996893518830937
19,52,0.0002526736203349853,0.997146192451272
19,53,0.0002391486082385907,0.9973853410595106
19,54,0.00023426403222652712,0.9976196050917371
19,55,0.00022371060760120197,0.9978433156993383
19,56,0.0002127117948653091,0.9980560274942036
19,57,0.00020059633700572505,0.9982566238312094
19,58,0.00018835947123870957,0.9984449833024481
19,59,0.00018103910086213643,0.9986260224033102
19,60,0.0001684532418769189,0.9987944756451871
19,61,0.00016227908951639672,0.9989567547347035
19,62,0.00015569159589698883,0.9991124463306005
19,63,0.0001523229152959987,0.9992647692458965
19,64,0.00014401315893294018,0.9994087824048294
19,65,0.00014212290808748854,0.9995509053129169
19,66,0.0001254206309825414,0.9996763259438994
19,67,0.00011171456589032988,0.9997880405097898
19,68,0.00010843553590667608,0.9998964760456964
19,69,0.00010352395430366295,1.0
20,1,0.8112832129899363,0.8112832129899363
20,2,0.0513730149294474,0.8626562279193837
20,3,0.030376223932277027,0.8930324518516607
20,4,0.017661606445745697,0.9106940582974064
20,5,0.012702054315793012,0.9233961126131993
20,6,0.00835009679307977,0.9317462094062791
20,7,0.007330058662148184,0.9390762680684273
20,8,0.0060396693292717055,0.9451159373976991
20,9,0.005124354551901482,0.9502402919496006
20,10,0.0041501865075852275,0.9543904784571858
20,11,0.0034250379293862955,0.9578155163865721
20,12,0.003359649282678453,0.9611751656692505
20,13,0.003156635076302673,0.9643318007455532
20,14,0.0024965448953904817,0.9668283456409438
20,15,0.0023878267573078037,0.9692161723982515
20,16,0.0022000586290033706,0.9714162310272549
20,17,0.0021041982287686033,0.9735204292560236
20,18,0.001811948580543459,0.975332377836567
20,19,0.0017513465163213945,0.9770837243528884
20,20,0.001659956914567823,0.9787436812674561
20,21,0.0014427521881191668,0.9801864334555753
20,22,0.0012951032347445165,0.9814815366903198
20,23,0.0012415208416089972,0.9827230575319288
20,24,0.0010543497213789095,0.9837774072533079
20,25,0.0009593367571785257,0.9847367440104864
20,26,0.0008777496283389746,0.9856144936388254
20,27,0.0008121886870817209,0.9864266823259071
20,28,0.0007815939085095318,0.9872082762344166
20,29,0.0007468680197136609,0.9879551442541303
20,30,0.000701217072497823,0.9886563613266282
20,31,0.0006683480459134107,0.9893247093725416
20,32,0.0006065512640637907,0.9899312606366052
20,33,0.0005911638519057081,0.9905224244885109
20,34,0.0005607344021410434,0.9910831588906519
20,35,0.0005293061632322594,0.9916124650538841
20,36,0.0004959368072063585,0.9921084018610905
20,37,0.00046861564702788176,0.9925770175081184
20,38,0.00045305618083284915,0.9930300736889512
20,39,0.00043832994548321423,0.9934684036344344
20,40,0.0004130513380498787,0.9938814549724846
20,41,0.0003738401805275396,0.9942552951530121
20,42,0.00035940091655646593,0.9946146960695686
20,43,0.0003233768821427638,0.9949380729517114
20,44,0.0003184974896770973,0.9952565704413885
20,45,0.0003122849852908789,0.9955688554266794
20,46,0.0002988985257785776,0.995867753952458
20,47,0.00028969846722067845,0.9961574524196787
20,48,0.0002807906227337922,0.9964382430424122
20,49,0.000272493625284315,0.9967107366676966
20,50,0.00024576826375885476,0.9969565049314555
20,51,0.00023056560770988007,0.9971870705391653
20,52,0.00022350747936559557,0.997410578018531
20,53,0.0002158306907311962,0.9976264087092621
20,54,0.00020298337496977702,0.9978293920842319
20,55,0.00018712335336192534,0.9980165154375938
20,56,0.00018505156501579456,0.9982015670026096
20,57,0.00017982614136276265,0.9983813931439725
20,58,0.00017537804117027453,0.9985567711851427
20,59,0.00016260127021381856,0.9987193724553566
20,60,0.00015877500826879214,0.9988781474636254
20,61,0.00015179020401183936,0.9990299376676371
20,62,0.00014769300041430212,0.9991776306680514
20,63,0.0001378538895339083,0.9993154845575853
20,64,0.00012965598107068956,0.9994451405386562
20,65,0.00012071498544789571,0.999565855524104
20,66,0.00011751663562330642,0.9996833721597274
20,67,0.00011183463070232652,0.9997952067904297
20,68,0.0001079865169303705,0.99990319330736
20,69,9.680669264026952e-05,1.0000000000000002
21,1,0.8224162063213686,0.8224162063213686
21,2,0.049344692375734425,0.871760898697103
21,3,0.02568731766998417,0.8974482163670873
21,4,0.015404371368467111,0.9128525877355543
21,5,0.012626705456440878,0.9254792931919952
21,6,0.0073221875379310564,0.9328014807299262
21,7,0.006708323702064903,0.9395098044319911
21,8,0.005942919267300409,0.9454527236992916
21,9,0.004951079130123769,0.9504038028294153
21,10,0.004236649056219008,0.9546404518856343
21,11,0.0039973823617553625,0.9586378342473897
21,12,0.0035750359232098955,0.9622128701705995
21,13,0.002914614888325824,0.9651274850589253
21,14,0.002701723426903467,0.9678292084858288
21,15,0.002354395680732263,0.970183604166561
21,16,0.0022243429025558853,0.9724079470691169
21,17,0.0019674403348996367,0.9743753874040165
21,18,0.0017930785838154316,0.9761684659878319
21,19,0.0015876062008536676,0.9777560721886855
21,20,0.0014549577280141667,0.9792110299166997
21,21,0.001447668269794308,0.980658698186494
21,22,0.0013729607207210379,0.982031658907215
21,23,0.0011384505733502853,0.9831701094805653
21,24,0.0009893004052072662,0.9841594098857727
21,25,0.0009491345314157432,0.9851085444171884
21,26,0.0008500600033156075,0.985958604420504
21,27,0.0007660903484502496,0.9867246947689542
21,28,0.0007525201383636712,0.9874772149073179
21,29,0.0007059418721112425,0.9881831567794291
21,30,0.0006944994077067452,0.9888776561871359
21,31,0.0006718086522965034,0.9895494648394324
21,32,0.000643324431452683,0.9901927892708852
21,33,0.0005750135391507011,0.9907678028100358
21,34,0.0005496302111509459,0.9913174330211868
21,35,0.000501602098807353,0.9918190351199941
21,36,0.00047374860093267495,0.9922927837209268
21,37,0.0004452103099695213,0.9927379940308962
21,38,0.0004272210814768887,0.9931652151123731
21,39,0.00041375231025498395,0.9935789674226281
21,40,0.0003859925780328946,0.993964960000661
21,41,0.00037281112295349273,0.9943377711236145
21,42,0.00035787060955095045,0.9946956417331655
21,43,0.0003476606812811691,0.9950433024144466
21,44,0.00032288690680770806,0.9953661893212543
21,45,0.00031712158146142476,0.9956833109027158
21,46,0.0003042363757692668,0.995987547278485
21,47,0.0002796666399413637,0.9962672139184264
21,48,0.00027359568829345745,0.9965408096067199
21,49,0.00025099211717814746,0.996791801723898
21,50,0.00023491737818533205,0.9970267191020834
21,51,0.0002292039296445177,0.9972559230317279
21,52,0.00022104411999396883,0.997476967151722
21,53,0.00021596906415374657,0.9976929362158757
21,54,0.00020260925700721407,0.997895545472883
21,55,0.00019032150877998277,0.9980858669816629
21,56,0.00018177178919908218,0.998267638770862
21,57,0.00017376898409777488,0.9984414077549598
21,58,0.0001668055050792432,0.998608213260039
21,59,0.0001621237580988136,0.9987703370181378
21,60,0.000155042664952885,0.9989253796830907
21,61,0.00015427511741391965,0.9990796548005046
21,62,0.00014185532399784494,0.9992215101245024
21,63,0.00013408108867427924,0.9993555912131767
21,64,0.00012795743453988584,0.9994835486477166
21,65,0.00012197617834103008,0.9996055248260576
21,66,0.00011022009281497332,0.9997157449188726
21,67,0.00010081733362671807,0.9998165622524994
21,68,9.710202402417438e-05,0.9999136642765235
21,69,8.633572347639948e-05,0.9999999999999999
22,1,0.8041381176712418,0.8041381176712418
22,2,0.05365427897129736,0.8577923966425391
22,3,0.031663804929093674,0.8894562015716329
22,4,0.01890357910771324,0.9083597806793461
22,5,0.01308575656205535,0.9214455372414014
22,6,0.008367881712166455,0.9298134189535678
22,7,0.007381088074140182,0.937194507027708
22,8,0.005999725485005065,0.9431942325127132
22,9,0.005389478527296989,0.9485837110400102
22,10,0.004206103518461995,0.9527898145584721
22,11,0.003911082023763646,0.9567008965822358
22,12,0.003353885937947684,0.9600547825201835
22,13,0.003228393207527827,0.9632831757277114
22,14,0.002945558821323166,0.9662287345490346
22,15,0.002706637052808105,0.9689353716018427
22,16,0.00227783140854077,0.9712132030103833
22,17,0.0020775072942015166,0.9732907103045848
22,18,0.001868582422011949,0.9751592927265967
22,19,0.001618103120743898,0.9767773958473407
22,20,0.0015430453038407128,0.9783204411511814
22,21,0.0013681024954215089,0.979688543646603
22,22,0.0012765363244325327,0.9809650799710355
22,23,0.0011852784319148061,0.9821503584029504
22,24,0.0010689798326620542,0.9832193382356121
22,25,0.001022353993989341,0.9842416922296015
22,26,0.0009617083923026945,0.9852034006219041
22,27,0.0008746178750558326,0.98607801849696
22,28,0.0008154221948125036,0.9868934406917724
22,29,0.000774027974751825,0.9876674686665242
22,30,0.0007128394105662886,0.9883803080770905
22,31,0.0006896957923187003,0.9890700038694092
22,32,0.0006043368523107188,0.9896743407217201
22,33,0.0005874995126718009,0.9902618402343919
22,34,0.0005544145817116078,0.9908162548161035
22,35,0.0005277280454738267,0.9913439828615773
22,36,0.0004973092268967014,0.991841292088474
22,37,0.00046777931783916735,0.9923090714063132
22,38,0.00046146130922329403,0.9927705327155365
22,39,0.00043767765487383325,0.9932082103704103
22,40,0.00043419810450594205,0.9936424084749164
22,41,0.0003963358747288201,0.9940387443496452
22,42,0.0003858240233260831,0.9944245683729713
22,43,0.0003590994866075148,0.9947836678595788
22,44,0.0003434283673928818,0.9951270962269717
22,45,0.00032527163175733554,0.995452367858729
22,46,0.0003114741447448518,0.9957638420034739
22,47,0.0002996130213198569,0.9960634550247938
22,48,0.00027974986917502745,0.9963432048939688
22,49,0.0002702333957918339,0.9966134382897606
22,50,0.0002646861326101668,0.9968781244223708
22,51,0.00025240848955515686,0.997130532911926
22,52,0.00023119717350901086,0.997361730085435
22,53,0.00021939095259554246,0.9975811210380305
22,54,0.00020824367861181409,0.9977893647166424
22,55,0.00020185863755362843,0.997991223354196
22,56,0.00019879775940018576,0.998190021113596
22,57,0.00019066240405883053,0.9983806835176549
22,58,0.0001738825977132515,0.9985545661153681
22,59,0.00016896908297744253,0.9987235351983456
22,60,0.00016243508028451588,0.99888597027863
22,61,0.00015246632194477658,0.9990384366005748
22,62,0.00014761045063448514,0.9991860470512093
22,63,0.0001365476685078126,0.9993225947197171
22,64,0.0001301519081935941,0.9994527466279107
22,65,0.00012752093065349434,0.9995802675585642
22,66,0.00011617799697271865,0.9996964455555369
22,67,0.00010663158128553527,0.9998030771368225
22,68,0.00010510711545401651,0.9999081842522765
22,69,9.181574772332357e-05,0.9999999999999998
23,1,0.8047092774185239,0.8047092774185239
23,2,0.056758436002354654,0.8614677134208786
23,3,0.03173213586181008,0.8931998492826887
23,4,0.016514374073956308,0.909714223356645
23,5,0.012945611013401418,0.9226598343700464
23,6,0.007830070454441713,0.9304899048244881
23,7,0.007447912273046187,0.9379378170975343
23,8,0.005921201437688587,0.9438590185352229
23,9,0.00491132655643771,0.9487703450916606
23,10,0.004291566761305031,0.9530619118529656
23,11,0.0039559151873340545,0.9570178270402997
23,12,0.003401485243398418,0.9604193122836981
23,13,0.0031997670886643546,0.9636190793723625
23,14,0.002789540028466334,0.9664086194008288
23,15,0.002450593313443123,0.9688592127142719
23,16,0.0022232021169603703,0.9710824148312321
23,17,0.00196729987566908,0.9730497147069013
23,18,0.0018405253228200805,0.9748902400297214
23,19,0.001686307440085567,0.9765765474698069
23,20,0.0016088994046388413,0.9781854468744458
23,21,0.0014590986724534714,0.9796445455468992
23,22,0.0012929808568478388,0.980937526403747
23,23,0.001167753233234762,0.9821052796369818
23,24,0.0010968707680405285,0.9832021504050225
23,25,0.000977390316308814,0.9841795407213313
23,26,0.0009141304868232286,0.9850936712081545
23,27,0.0008828512163967163,0.9859765224245512
23,28,0.0008344696826729522,0.9868109921072242
23,29,0.0008124499356382047,0.9876234420428625
23,30,0.0007202392870414968,0.9883436813299039
23,31,0.0007054492684596287,0.9890491305983635
23,32,0.0006154350667090407,0.9896645656650725
23,33,0.0005790471931006709,0.9902436128581732
23,34,0.0005675451891952661,0.9908111580473684
23,35,0.0005278363066360175,0.9913389943540044
23,36,0.0005027974253201322,0.9918417917793245
23,37,0.00048220796426294175,0.9923239997435874
23,38,0.0004631706959965907,0.992787170439584
23,39,0.0004265494079029434,0.993213719847487
23,40,0.00039909479568101154,0.9936128146431682
23,41,0.00038483216623134286,0.9939976468093995
23,42,0.0003732038346119977,0.9943708506440115
23,43,0.00036857950656174097,0.9947394301505733
23,44,0.0003418052342475878,0.9950812353848209
23,45,0.0003344528089961338,0.995415688193817
23,46,0.00032109756256857967,0.9957367857563856
23,47,0.0002900213895096369,0.9960268071458952
23,48,0.00027499671808197085,0.996301803863977
23,49,0.00026015294147735846,0.9965619568054545
23,50,0.0002448767151906377,0.9968068335206451
23,51,0.00023785846065842078,0.9970446919813035
23,52,0.000229105343375757,0.9972737973246792
23,53,0.0002240257112607399,0.99749782303594
23,54,0.00021294083305676312,0.9977107638689968
23,55,0.0002047302691597468,0.9979154941381566
23,56,0.00019378239482129277,0.9981092765329779
23,57,0.0001878987818795321,0.9982971753148574
23,58,0.00018284280429472523,0.9984800181191521
23,59,0.0001738832631014034,0.9986539013822535
23,60,0.00016793474130488166,0.9988218361235583
23,61,0.00016108727621551893,0.9989829233997739
23,62,0.00015126656546967534,0.9991341899652436
23,63,0.00014103162063827042,0.9992752215858819
23,64,0.00013646618341213982,0.999411687769294
23,65,0.00013259853783061305,0.9995442863071247
23,66,0.0001270043787506146,0.9996712906858752
23,67,0.00011975674152343167,0.9997910474273987
23,68,0.00010654396597065035,0.9998975913933693
23,69,0.00010240860663082478,1.0000000000000002
24,1,0.8044053699613073,0.8044053699613073
24,2,0.051440873485195784,0.8558462434465031
24,3,0.030162516633166297,0.8860087600796693
24,4,0.021202346774330413,0.9072111068539997
24,5,0.014715719562158782,0.9219268264161585
24,6,0.007850314112620216,0.9297771405287787
24,7,0.007252305187910832,0.9370294457166896
24,8,0.006135222521295169,0.9431646682379847
24,9,0.005236761832576203,0.9484014300705609
24,10,0.004060822440532065,0.952462252511093
24,11,0.0038844504504514715,0.9563467029615444
24,12,0.0035176126116655783,0.9598643155732101
24,13,0.0034773719695162294,0.9633416875427263
24,14,0.0030305506977914686,0.9663722382405178
24,15,0.0023709010917831205,0.9687431393323009
24,16,0.002328460146312953,0.9710715994786139
24,17,0.0019346675496298294,0.9730062670282437
24,18,0.0018679954629975274,0.9748742624912412
24,19,0.0015081242963995158,0.9763823867876408
24,20,0.0014759095367932883,0.9778582963244341
24,21,0.0014401707177250237,0.9792984670421592
24,22,0.001347342739833896,0.9806458097819931
24,23,0.0012244849142232087,0.9818702946962163
24,24,0.0011195245443310646,0.9829898192405472
24,25,0.0010186318920315227,0.9840084511325787
24,26,0.0009455780538130553,0.9849540291863917
24,27,0.0008492778868033614,0.9858033070731951
24,28,0.000819396696104181,0.9866227037692993
24,29,0.000804662993715283,0.9874273667630146
24,30,0.0007651764068211882,0.9881925431698357
24,31,0.0006953302599001648,0.9888878734297359
24,32,0.000629749998119935,0.9895176234278559
24,33,0.0005836966725450571,0.990101320100401
24,34,0.0005722552432044584,0.9906735753436055
24,35,0.000549550822198559,0.991223126165804
24,36,0.0005144675592211435,0.9917375937250251
24,37,0.0005049814158488554,0.992242575140874
24,38,0.0004907578715948749,0.9927333330124689
24,39,0.00043973870187601825,0.9931730717143449
24,40,0.0004066750887169855,0.9935797468030618
24,41,0.00038712323700292934,0.9939668700400648
24,42,0.00037190943285402353,0.9943387794729188
24,43,0.0003653205078690316,0.9947040999807879
24,44,0.0003452915020517332,0.9950493914828397
24,45,0.0003262506938852373,0.9953756421767249
24,46,0.00032044841358617944,0.9956960905903111
24,47,0.0002978792264083987,0.9959939698167195
24,48,0.0002910529647960241,0.9962850227815154
24,49,0.00027044703373669545,0.9965554698152521
24,50,0.0002550309461534113,0.9968105007614055
24,51,0.00023710271814050718,0.997047603479546
24,52,0.000225947091556949,0.997273550571103
24,53,0.00022365622036695944,0.9974972067914699
24,54,0.0002127393399683621,0.9977099461314383
24,55,0.00020243202435486302,0.9979123781557931
24,56,0.00019490827935957704,0.9981072864351527
24,57,0.00019240332009194889,0.9982996897552446
24,58,0.00018906031124399017,0.9984887500664886
24,59,0.00018038235722896487,0.9986691324237176
24,60,0.00016553959746137004,0.9988346720211789
24,61,0.00016025351443065114,0.9989949255356095
24,62,0.00015235022628843815,0.999147275761898
24,63,0.00014394373511265353,0.9992912194970106
24,64,0.00013483294474079884,0.9994260524417516
24,65,0.00013312996616840386,0.9995591824079201
24,66,0.0001238923857179843,0.999683074793638
24,67,0.00011402203795142132,0.9997970968315895
24,68,0.00011215401742617133,0.9999092508490156
24,69,9.074915098435851e-05,1.0
25,1,0.8175064707424113,0.8175064707424113
25,2,0.0457051135770551,0.8632115843194664
25,3,0.030013803502830935,0.8932253878222973
25,4,0.017833952713154595,0.9110593405354519
25,5,0.012870004934210711,0.9239293454696627
25,6,0.00780775359664277,0.9317370990663054
25,7,0.007680255191043335,0.9394173542573487
25,8,0.006130131116137244,0.945547485373486
25,9,0.005305511299357728,0.9508529966728437
25,10,0.004221721096658985,0.9550747177695027
25,11,0.0037319764031219205,0.9588066941726247
25,12,0.0036100591147640933,0.9624167532873887
25,13,0.002928312390236212,0.9653450656776249
25,14,0.002620171943613731,0.9679652376212386
25,15,0.0023960837235608764,0.9703613213447996
25,16,0.002186682024419304,0.9725480033692189
25,17,0.0020411371768978568,0.9745891405461168
25,18,0.001728949040274094,0.9763180895863909
25,19,0.0016283782751348001,0.9779464678615257
25,20,0.001477284284663862,0.9794237521461896
25,21,0.0013227259983930103,0.9807464781445826
25,22,0.0012202492697453925,0.981966727414328
25,23,0.0011068696428068218,0.9830735970571348
25,24,0.0010719449306383344,0.9841455419877732
25,25,0.0009248694027432538,0.9850704113905164
25,26,0.0008359593207324353,0.9859063707112489
25,27,0.0008251503708830195,0.9867315210821319
25,28,0.0007851424644737924,0.9875166635466057
25,29,0.0007402483791241907,0.98825691192573
25,30,0.0006869502309480865,0.9889438621566781
25,31,0.0006116618221356673,0.9895555239788137
25,32,0.0005881420422880408,0.9901436660211017
25,33,0.0005692713203905493,0.9907129373414922
25,34,0.0005347489274676739,0.9912476862689599
25,35,0.0005272187268643038,0.9917749049958242
25,36,0.00048571683807431207,0.9922606218338985
25,37,0.0004442998404718825,0.9927049216743704
25,38,0.00043081865302969707,0.9931357403274002
25,39,0.0004020517105481732,0.9935377920379483
25,40,0.0003943973251243661,0.9939321893630726
25,41,0.00037450122353063195,0.9943066905866033
25,42,0.00036178127643280686,0.9946684718630361
25,43,0.00034048092919531845,0.9950089527922314
25,44,0.0003369564954176188,0.9953459092876491
25,45,0.00031014805776813066,0.9956560573454172
25,46,0.0002908346050029259,0.9959468919504201
25,47,0.00028716592302272133,0.9962340578734428
25,48,0.0002672915219360703,0.9965013493953788
25,49,0.0002609421420710834,0.9967622915374499
25,50,0.00024430848467582724,0.9970066000221257
25,51,0.00022648361360114714,0.9972330836357268
25,52,0.00021907166174869077,0.9974521552974756
25,53,0.00020658769877700468,0.9976587429962526
25,54,0.00020192225879475532,0.9978606652550474
25,55,0.0001874044725273294,0.9980480697275746
25,56,0.00018273488694262909,0.9982308046145172
25,57,0.00017983165421522074,0.9984106362687324
25,58,0.00016500384379229986,0.9985756401125246
25,59,0.00016091441234813828,0.9987365545248728
25,60,0.0001574239231830333,0.9988939784480558
25,61,0.00014502210689867776,0.9990390005549545
25,62,0.00014332807522382567,0.9991823286301784
25,63,0.00013962265748289587,0.9993219512876613
25,64,0.00013092587991029482,0.9994528771675716
25,65,0.0001232520273527629,0.9995761291949243
25,66,0.0001151070099716335,0.999691236204896
25,67,0.00011444821835016099,0.9998056844232461
25,68,0.00010266147701294257,0.9999083459002591
25,69,9.165409974063085e-05,0.9999999999999998
26,1,0.797575749363081,0.797575749363081
26,2,0.05426296065946976,0.8518387100225507
26,3,0.033364240962203404,0.8852029509847541
26,4,0.018959064910674856,0.904162015895429
26,5,0.013300034160239366,0.9174620500556684
26,6,0.009030148218816128,0.9264921982744845
26,7,0.00842870937729246,0.9349209076517769
26,8,0.006554993559678254,0.9414759012114552
26,9,0.004781277013722088,0.9462571782251773
26,10,0.004367013827968248,0.9506241920531455
26,11,0.0036995411053699205,0.9543237331585155
26,12,0.0036047345707655855,0.9579284677292811
26,13,0.003391398921502134,0.9613198666507832
26,14,0.0032782770126762568,0.9645981436634594
26,15,0.002922249256260828,0.9675203929197203
26,16,0.0024200061436104353,0.9699403990633306
26,17,0.002127231927875229,0.9720676309912059
26,18,0.0018871980612319135,0.9739548290524378
26,19,0.0017880214572969216,0.9757428505097347
26,20,0.0015503271607173648,0.9772931776704521
26,21,0.00140988840057456,0.9787030660710266
26,22,0.001355439334663219,0.9800585054056898
26,23,0.001226707187110767,0.9812852125928007
26,24,0.0011614768323754872,0.9824466894251761
26,25,0.0010936389653070987,0.9835403283904832
26,26,0.0009915447313571994,0.9845318731218404
26,27,0.0009459070449722618,0.9854777801668126
26,28,0.0008718563919891207,0.9863496365588018
26,29,0.0007402507408905987,0.9870898872996924
26,30,0.0007309682071152642,0.9878208555068076
26,31,0.0007013485020844478,0.9885222040088921
26,32,0.0006907852569195683,0.9892129892658118
26,33,0.0006437024010179323,0.9898566916668298
26,34,0.0006066842779215551,0.9904633759447513
26,35,0.0005623196886354046,0.9910256956333867
26,36,0.0005409045323250272,0.9915666001657117
26,37,0.0005000218805784697,0.9920666220462903
26,38,0.0004780205960936493,0.992544642642384
26,39,0.0004622015476630211,0.9930068441900469
26,40,0.0004361535201890246,0.9934429977102358
26,41,0.00040620754480359423,0.9938492052550394
26,42,0.0003985565784389656,0.9942477618334784
26,43,0.000364975256461475,0.9946127370899399
26,44,0.0003383053802855523,0.9949510424702255
26,45,0.000334399120009234,0.9952854415902347
26,46,0.00031555687049036765,0.995600998460725
26,47,0.0003042581130548906,0.9959052565737799
26,48,0.0002906713912467639,0.9961959279650267
26,49,0.0002683472562190822,0.9964642752212457
26,50,0.00026334677150584973,0.9967276219927516
26,51,0.0002507228977968274,0.9969783448905484
26,52,0.0002473912043040992,0.9972257360948524
26,53,0.0002367073732192498,0.9974624434680717
26,54,0.00022976689115027034,0.997692210359222
26,55,0.00021979037325120274,0.9979120007324731
26,56,0.00021427160593350537,0.9981262723384068
26,57,0.00019372167208741794,0.9983199940104942
26,58,0.0001796189253562153,0.9984996129358504
26,59,0.0001723742891208016,0.9986719872249712
26,60,0.0001638206719569245,0.9988358078969282
26,61,0.00016042998236498427,0.9989962378792931
26,62,0.00015361808031091385,0.999149855959604
26,63,0.00014852938930324142,0.9992983853489072
26,64,0.00013621250091135057,0.9994345978498186
26,65,0.00012950630491748966,0.9995641041547361
26,66,0.00011977427768482999,0.9996838784324209
26,67,0.00011366395641812883,0.999797542388839
26,68,0.00010552451538450204,0.9999030669042235
26,69,9.693309577647714e-05,1.0
27,1,0.8007692734817339,0.8007692734817339
27,2,0.045067253323221,0.8458365268049549
27,3,0.034564309960337554,0.8804008367652925
27,4,0.021770981476542894,0.9021718182418353
27,5,0.015021656311114934,0.9171934745529503
27,6,0.00936787067152873,0.9265613452244791
27,7,0.007566226388573927,0.934127571613053
27,8,0.006338723876337611,0.9404662954893905
27,9,0.005468297934039788,0.9459345934234303
27,10,0.0045001708918898575,0.9504347643153201
27,11,0.004001200499689395,0.9544359648150096
27,12,0.0038967557565567287,0.9583327205715663
27,13,0.0033839154041585434,0.9617166359757248
27,14,0.003191765579039861,0.9649084015547646
27,15,0.0029540103609263955,0.967862411915691
27,16,0.0026767921428298555,0.9705392040585209
27,17,0.0022546798439995424,0.9727938839025204
27,18,0.0019351856606405946,0.974729069563161
27,19,0.001663153615243897,0.9763922231784049
27,20,0.0015216259635104975,0.9779138491419154
27,21,0.0015071063479246592,0.97942095548984
27,22,0.0012863522420472704,0.9807073077318873
27,23,0.0012126359237645886,0.9819199436556519
27,24,0.0010870309240089686,0.983006974579661
27,25,0.0010786285261877022,0.9840856031058487
27,26,0.0008592030603971679,0.9849448061662459
27,27,0.0008304884078856816,0.9857752945741316
27,28,0.0008088604655955938,0.9865841550397272
27,29,0.0007339253538836008,0.9873180803936108
27,30,0.000721822253084475,0.9880399026466953
27,31,0.0007033819344569996,0.9887432845811522
27,32,0.0006768473534913736,0.9894201319346435
27,33,0.0006387851453240035,0.9900589170799675
27,34,0.0005698164064966467,0.9906287334864642
27,35,0.0005251859623490416,0.9911539194488133
27,36,0.0005241058468826811,0.9916780252956959
27,37,0.0005055135893734837,0.9921835388850694
27,38,0.0004902970991869477,0.9926738359842563
27,39,0.00043250588494057494,0.9931063418691969
27,40,0.0004200476677109466,0.9935263895369079
27,41,0.0003908605241537626,0.9939172500610616
27,42,0.0003809113952770603,0.9942981614563386
27,43,0.00034939707963167185,0.9946475585359703
27,44,0.00034337235134397533,0.9949909308873143
27,45,0.000319564224044243,0.9953104951113585
27,46,0.0003088916897364771,0.995619386801095
27,47,0.00029532732994036974,0.9959147141310354
27,48,0.0002915177563932259,0.9962062318874286
27,49,0.0002788004031271977,0.9964850322905558
27,50,0.0002652580389530863,0.9967502903295089
27,51,0.0002565686641092542,0.9970068589936182
27,52,0.0002340937327520284,0.9972409527263703
27,53,0.00022503490801986133,0.9974659876343901
27,54,0.00022205326016730236,0.9976880408945574
27,55,0.00020907350801471222,0.9978971144025721
27,56,0.0001986101349149555,0.9980957245374871
27,57,0.00019396657693285146,0.9982896911144199
27,58,0.00017979827682371624,0.9984694893912436
27,59,0.00017214788691205057,0.9986416372781556
27,60,0.0001666565831164098,0.998808293861272
27,61,0.00015889925401124037,0.9989671931152833
27,62,0.000157346410730402,0.9991245395260137
27,63,0.0001476594814504989,0.9992721990074641
27,64,0.00013805059870268524,0.9994102496061669
27,65,0.00013285882450506215,0.999543108430672
27,66,0.0001226738387164078,0.9996657822693884
27,67,0.00011675553237140295,0.9997825378017599
27,68,0.00011425449979928064,0.9998967923015591
27,69,0.00010320769844099612,1.0000000000000002
28,1,0.7944700444452649,0.7944700444452649
28,2,0.057329786648477016,0.8517998310937419
28,3,0.029561559235227994,0.8813613903289699
28,4,0.018774948933105103,0.9001363392620749
28,5,0.015533393031458329,0.9156697322935332
28,6,0.00811771286118545,0.9237874451547187
28,7,0.007629524556506094,0.9314169697112248
28,8,0.00693969453029479,0.9383566642415198
28,9,0.005338914115295289,0.9436955783568151
28,10,0.00463097795412358,0.9483265563109387
28,11,0.0044243220493867365,0.9527508783603253
28,12,0.004053696308945347,0.9568045746692707
28,13,0.0035041118105206283,0.9603086864797914
28,14,0.0029942526888564413,0.9633029391686478
28,15,0.0028675417430705312,0.9661704809117184
28,16,0.002431894324266428,0.9686023752359847
28,17,0.0022565181849601035,0.9708588934209448
28,18,0.0019852954967675097,0.9728441889177123
28,19,0.0018649049815406863,0.974709093899253
28,20,0.001724638545409895,0.9764337324446629
28,21,0.00160957236629788,0.9780433048109608
28,22,0.0014757522379397216,0.9795190570489005
28,23,0.0013285351083323965,0.9808475921572329
28,24,0.0012125676339417159,0.9820601597911747
28,25,0.0011462916998276535,0.9832064514910023
28,26,0.00101406134941754,0.9842205128404198
28,27,0.0009324447173017078,0.9851529575577215
28,28,0.0008753962309059384,0.9860283537886274
28,29,0.0008472025601988758,0.9868755563488263
28,30,0.0007719334077285058,0.9876474897565548
28,31,0.000731015283094867,0.9883785050396496
28,32,0.0006641485929649001,0.9890426536326145
28,33,0.0006198022730416152,0.989662455905656
28,34,0.0005741031131801395,0.9902365590188362
28,35,0.0005580517156231895,0.9907946107344594
28,36,0.0005380041558234632,0.9913326148902829
28,37,0.0005068941457461543,0.991839509036029
28,38,0.00046966399033611156,0.9923091730263651
28,39,0.00046586120500213173,0.9927750342313673
28,40,0.0004517579206976483,0.993226792152065
28,41,0.00042512731526275874,0.9936519194673278
28,42,0.000398106521735354,0.9940500259890631
28,43,0.0003785128163838115,0.9944285388054469
28,44,0.0003576282913920855,0.994786167096839
28,45,0.00034827995811010146,0.9951344470549491
28,46,0.00033259875498947895,0.9954670458099386
28,47,0.00032191848585969414,0.9957889642957983
28,48,0.00030604088374195526,0.9960950051795402
28,49,0.00028699882838040274,0.9963820040079207
28,50,0.0002821982945174364,0.9966642023024381
28,51,0.000256825551650911,0.9969210278540891
28,52,0.0002444500387197421,0.9971654778928088
28,53,0.0002379346631541769,0.997403412555963
28,54,0.00021778318862671216,0.9976211957445897
28,55,0.00020951444036040095,0.9978307101849502
28,56,0.00020247277091964302,0.9980331829558697
28,57,0.00019825923686608176,0.9982314421927359
28,58,0.00019101818323836696,0.9984224603759743
28,59,0.00018011171599393964,0.9986025720919682
28,60,0.00017551502955309622,0.9987780871215213
28,61,0.00016622712275308867,0.9989443142442743
28,62,0.00015985714358892464,0.9991041713878632
28,63,0.00015127400280937807,0.9992554453906726
28,64,0.00014347866032172712,0.9993989240509942
28,65,0.00013498387924732526,0.9995339079302415
28,66,0.00012806618004082053,0.9996619741102823
28,67,0.00012194525959589095,0.9997839193698782
28,68,0.00011386494904509943,0.9998977843189233
28,69,0.00010221568107662528,0.9999999999999999
29,1,0.7912181357537786,0.7912181357537786
29,2,0.05690474725806687,0.8481228830118455
29,3,0.03137459316926879,0.8794974761811143
29,4,0.022063586702242517,0.9015610628833568
29,5,0.01547274550726895,0.9170338083906258
29,6,0.008718938796503166,0.925752747187129
29,7,0.007213712290712376,0.9329664594778413
29,8,0.006597619090637898,0.9395640785684792
29,9,0.00510831945660877,0.944672398025088
29,10,0.004776638585722327,0.9494490366108103
29,11,0.004207739209118524,0.9536567758199288
29,12,0.003678295363634823,0.9573350711835636
29,13,0.0035694230477443393,0.960904494231308
29,14,0.0030937332688786715,0.9639982275001866
29,15,0.002913068953357122,0.9669112964535437
29,16,0.0024799307463292757,0.969391227199873
29,17,0.0021908406648453896,0.9715820678647185
29,18,0.0020052924714652883,0.9735873603361838
29,19,0.0018186508176242424,0.975406011153808
29,20,0.0015766172619545724,0.9769826284157626
29,21,0.0015334880365575928,0.9785161164523202
29,22,0.0012840352161700265,0.9798001516684902
29,23,0.0011770586691228317,0.9809772103376131
29,24,0.0011244526974936895,0.9821016630351067
29,25,0.0010894120020598363,0.9831910750371665
29,26,0.001040772067673355,0.9842318471048399
29,27,0.0009635731786150083,0.985195420283455
29,28,0.000886573821976077,0.9860819941054311
29,29,0.0008354041778479343,0.986917398283279
29,30,0.0007925723373951128,0.9877099706206741
29,31,0.0007488673320593922,0.9884588379527335
29,32,0.0006590631299681547,0.9891179010827015
29,33,0.0006200897499607393,0.9897379908326622
29,34,0.0006013239744427815,0.990339314807105
29,35,0.0005684265836391096,0.9909077413907441
29,36,0.0005562581309314806,0.9914639995216756
29,37,0.0005125287482785937,0.9919765282699542
29,38,0.0004945930597782819,0.9924711213297325
29,39,0.00046603540542941764,0.9929371567351619
29,40,0.00042810275983919447,0.9933652594950012
29,41,0.0004139211060071261,0.9937791806010083
29,42,0.00039865558039347654,0.9941778361814018
29,43,0.0003596306541328669,0.9945374668355347
29,44,0.0003515139975970385,0.9948889808331317
29,45,0.00033354044392968897,0.9952225212770613
29,46,0.0003290218896160064,0.9955515431666774
29,47,0.0003085144755359879,0.9958600576422134
29,48,0.00029354990784757364,0.9961536075500609
29,49,0.0002882990330713309,0.9964419065831323
29,50,0.00026981728181071717,0.996711723864943
29,51,0.00025578054693000096,0.996967504411873
29,52,0.00023585545127109415,0.9972033598631441
29,53,0.00023306000860392277,0.997436419871748
29,54,0.00021964193993569223,0.9976560618116838
29,55,0.00021163889537338627,0.9978677007070571
29,56,0.00020262583106838444,0.9980703265381254
29,57,0.00019863694028460224,0.9982689634784101
29,58,0.00017916670376397952,0.998448130182174
29,59,0.00017599950024809835,0.9986241296824221
29,60,0.00017221076749715847,0.9987963404499193
29,61,0.0001575149756393483,0.9989538554255586
29,62,0.00015216969674469402,0.9991060251223033
29,63,0.00014141005771446305,0.9992474351800178
29,64,0.00014067470005744826,0.9993881098800753
29,65,0.00013472556431811205,0.9995228354443935
29,66,0.00012899166928224924,0.9996518271136757
29,67,0.00012169546338055403,0.9997735225770563
29,68,0.00011787193016090698,0.9998913945072172
29,69,0.00010860549278301246,1.0000000000000002
30,1,0.8009046272439255,0.8009046272439255
30,2,0.04865206491383553,0.8495566921577611
30,3,0.0335927126205225,0.8831494047782836
30,4,0.020559575215310554,0.9037089799935942
30,5,0.015782817277925347,0.9194917972715195
30,6,0.008519558633181056,0.9280113559047006
30,7,0.007091684430309996,0.9351030403350106
30,8,0.006545300590926317,0.9416483409259369
30,9,0.005177935621240733,0.9468262765471775
30,10,0.0046112168279955875,0.9514374933751731
30,11,0.003922136085723212,0.9553596294608964
30,12,0.0036642246384643376,0.9590238540993608
30,13,0.0032698355826998697,0.9622936896820606
30,14,0.0031376673447323844,0.9654313570267931
30,15,0.0024652498625649844,0.9678966068893581
30,16,0.0023946825009702787,0.9702912893903283
30,17,0.002186221675974071,0.9724775110663023
30,18,0.002010958075777214,0.9744884691420795
30,19,0.0017341920917921336,0.9762226612338717
30,20,0.0015793227039430173,0.9778019839378147
30,21,0.001535077813472613,0.9793370617512873
30,22,0.0014371323971669927,0.9807741941484543
30,23,0.0012463578372516244,0.9820205519857059
30,24,0.0010901698036504903,0.9831107217893564
30,25,0.0010021376409855808,0.984112859430342
30,26,0.0009423770990916773,0.9850552365294337
30,27,0.00084174869580625,0.9858969852252399
30,28,0.0007954870189998219,0.9866924722442397
30,29,0.0007748260231175692,0.9874672982673572
30,30,0.00069561891574716,0.9881629171831045
30,31,0.0006795068250732687,0.9888424240081777
30,32,0.0006504756268280311,0.9894928996350056
30,33,0.0006207047820336837,0.9901136044170393
30,34,0.0005859573399370642,0.9906995617569764
30,35,0.0005191846253343656,0.9912187463823108
30,36,0.0005081713446864622,0.9917269177269973
30,37,0.0005011537732089096,0.9922280715002062
30,38,0.00045852177313389104,0.9926865932733401
30,39,0.00044320120933297327,0.993129794482673
30,40,0.0004103971329577383,0.9935401916156307
30,41,0.0004005176641784607,0.9939407092798092
30,42,0.0003785672170549447,0.9943192764968641
30,43,0.0003554508906295434,0.9946747273874936
30,44,0.0003442996182705983,0.9950190270057643
30,45,0.00033388213468973525,0.995352909140454
30,46,0.0003231838958564168,0.9956760930363104
30,47,0.00031069756438012144,0.9959867906006905
30,48,0.00028372423866705797,0.9962705148393576
30,49,0.0002785402592162796,0.9965490550985738
30,50,0.000265311992899814,0.9968143670914736
30,51,0.00025853257340420824,0.9970728996648779
30,52,0.0002391806889539988,0.9973120803538319
30,53,0.0002307980860238161,0.9975428784398557
30,54,0.00022740622197330696,0.9977702846618289
30,55,0.0002094230154003598,0.9979797076772293
30,56,0.00019143351557826947,0.9981711411928077
30,57,0.00018931579357927888,0.998360456986387
30,58,0.0001809054144442713,0.9985413624008312
30,59,0.00017552232970374803,0.998716884730535
30,60,0.00016444867287403186,0.998881333403409
30,61,0.0001553462659945545,0.9990366796694036
30,62,0.00014503237037856315,0.9991817120397821
30,63,0.00013588313989642642,0.9993175951796786
30,64,0.0001328507463438284,0.9994504459260224
30,65,0.00012614523636135687,0.9995765911623837
30,66,0.00011902505828323832,0.9996956162206669
30,67,0.00011120660345848553,0.9998068228241255
30,68,0.00010270522956351703,0.999909528053689
30,69,9.047194631099859e-05,1.0
31,1,0.8121672499775151,0.8121672499775151
31,2,0.0521655522732269,0.864332802250742
31,3,0.028138637533069853,0.8924714397838119
31,4,0.01786807495212269,0.9103395147359347
31,5,0.01375181433643287,0.9240913290723676
31,6,0.007402929875274029,0.9314942589476416
31,7,0.007158775600917045,0.9386530345485586
31,8,0.006887675559805799,0.9455407101083643
31,9,0.0044123091084051136,0.9499530192167693
31,10,0.0043613283235618885,0.9543143475403312
31,11,0.004024387716796932,0.9583387352571281
31,12,0.0032950330539297996,0.9616337683110578
31,13,0.0029799731353320116,0.9646137414463899
31,14,0.0027123042581401174,0.96732604570453
31,15,0.002601032820569547,0.9699270785250995
31,16,0.002100042284614628,0.9720271208097143
31,17,0.0018630190190159603,0.9738901398287303
31,18,0.0017645265853070663,0.9756546664140373
31,19,0.001581906656045714,0.977236573070083
31,20,0.001434927783163219,0.9786715008532463
31,21,0.0013961928588159022,0.9800676937120621
31,22,0.0012973250589755853,0.9813650187710378
31,23,0.0011050047947364732,0.9824700235657743
31,24,0.0010469185563163636,0.9835169421220907
31,25,0.0009862778615543973,0.9845032199836451
31,26,0.000916009984107092,0.9854192299677522
31,27,0.0008855785581299879,0.9863048085258822
31,28,0.0008375000512838791,0.9871423085771661
31,29,0.0007733995410650514,0.9879157081182312
31,30,0.0007350896373539046,0.9886507977555851
31,31,0.0006811694059349954,0.98933196716152
31,32,0.0006461679094901634,0.98997813507101
31,33,0.0006273852159277449,0.9906055202869377
31,34,0.0005457340985808161,0.9911512543855185
31,35,0.0005300575092650708,0.9916813118947836
31,36,0.0005078630586028356,0.9921891749533864
31,37,0.00047578005169436095,0.9926649550050808
31,38,0.0004166562709368809,0.9930816112760177
31,39,0.00040871037384787004,0.9934903216498655
31,40,0.00039425347699508656,0.9938845751268607
31,41,0.0003630188473684279,0.9942475939742291
31,42,0.00034955913859849444,0.9945971531128276
31,43,0.0003415540801091019,0.9949387071929366
31,44,0.0003261876868314099,0.9952648948797681
31,45,0.00031577194020649026,0.9955806668199746
31,46,0.00030857489159867357,0.9958892417115732
31,47,0.00027998031240476236,0.996169222023978
31,48,0.00027237785002617626,0.9964415998740042
31,49,0.0002624698171999109,0.9967040696912041
31,50,0.00025427633609277574,0.9969583460272968
31,51,0.0002399519866769537,0.9971982980139737
31,52,0.00022369032354904158,0.9974219883375228
31,53,0.00021832214954009942,0.9976403104870629
31,54,0.0002069242130304518,0.9978472347000934
31,55,0.00019463291438829225,0.9980418676144817
31,56,0.00019034866905058874,0.9982322162835324
31,57,0.00018032003548489566,0.9984125363190173
31,58,0.00017129259667841398,0.9985838289156956
31,59,0.00016984746298250917,0.9987536763786782
31,60,0.00016117308664467778,0.9989148494653228
31,61,0.00015135021816202452,0.9990661996834849
31,62,0.0001447974717571388,0.999210997155242
31,63,0.00013562706209651446,0.9993466242173384
31,64,0.00012585735998007328,0.9994724815773185
31,65,0.00012057009343989854,0.9995930516707584
31,66,0.00011369314954101207,0.9997067448202994
31,67,0.00010402312161760946,0.999810767941917
31,68,9.515875041136744e-05,0.9999059266923284
31,69,9.407330767150876e-05,0.9999999999999999
32,1,0.7965315737817009,0.7965315737817009
32,2,0.05314331383944114,0.8496748876211421
32,3,0.03173082756644095,0.881405715187583
32,4,0.023168982338336908,0.9045746975259199
32,5,0.014815280778307816,0.9193899783042278
32,6,0.009272452345788483,0.9286624306500162
32,7,0.007256704994717268,0.9359191356447335
32,8,0.006839689493853505,0.942758825138587
32,9,0.0050419486215013175,0.9478007737600883
32,10,0.004507694093452997,0.9523084678535413
32,11,0.004197086757478952,0.9565055546110203
32,12,0.0035583421738609087,0.9600638967848811
32,13,0.0031537947549243675,0.9632176915398055
32,14,0.0026319870808475753,0.9658496786206531
32,15,0.0024297101248221703,0.9682793887454753
32,16,0.002301365066769251,0.9705807538122445
32,17,0.0020653822738580276,0.9726461360861025
32,18,0.0019505745644439855,0.9745967106505465
32,19,0.0018840150766620961,0.9764807257272087
32,20,0.0016457135598413211,0.97812643928705
32,21,0.0014429941899511602,0.9795694334770012
32,22,0.0012585556979081906,0.9808279891749094
32,23,0.001189148135671861,0.9820171373105813
32,24,0.0011492756635646064,0.9831664129741458
32,25,0.001062233440063744,0.9842286464142095
32,26,0.0010054728809895269,0.985234119295199
32,27,0.0009206130247342972,0.9861547323199333
32,28,0.0008032800327337726,0.9869580123526671
32,29,0.0007589013537273965,0.9877169137063945
32,30,0.0007062326007960815,0.9884231463071905
32,31,0.000678961354451798,0.9891021076616423
32,32,0.0006200834366153742,0.9897221910982578
32,33,0.0005690466256221173,0.9902912377238798
32,34,0.0005608838037331797,0.990852121527613
32,35,0.000525479534897873,0.9913776010625109
32,36,0.0005037893848080431,0.9918813904473189
32,37,0.0004884888369984397,0.9923698792843174
32,38,0.0004421811356222952,0.9928120604199397
32,39,0.00042319381986568694,0.9932352542398054
32,40,0.00040748852534553635,0.993642742765151
32,41,0.0003885733255501429,0.9940313160907011
32,42,0.00036778810290407076,0.9943991041936051
32,43,0.00034207209917703926,0.9947411762927821
32,44,0.00032873034265101374,0.9950699066354332
32,45,0.00032627104871874084,0.9953961776841519
32,46,0.00030248563323142076,0.9956986633173833
32,47,0.00029130851822325586,0.9959899718356066
32,48,0.00027919784732230083,0.9962691696829288
32,49,0.000269276771403178,0.996538446454332
32,50,0.000267122580493051,0.996805569034825
32,51,0.00024518494469281493,0.9970507539795178
32,52,0.0002323051274790776,0.9972830591069969
32,53,0.00022171832956450338,0.9975047774365614
32,54,0.00021238381684082403,0.9977171612534023
32,55,0.0002041633827682742,0.9979213246361706
32,56,0.00020076512036442626,0.9981220897565349
32,57,0.0001934863447430818,0.998315576101278
32,58,0.00018191086349059955,0.9984974869647686
32,59,0.0001701005827850056,0.9986675875475536
32,60,0.0001655510012323305,0.9988331385487859
32,61,0.00015551532148454754,0.9989886538702704
32,62,0.0001526296952136505,0.999141283565484
32,63,0.00014314437212968972,0.9992844279376137
32,64,0.0001397699778209101,0.9994241979154347
32,65,0.00012999300294750662,0.9995541909183822
32,66,0.00011927294394793889,0.9996734638623301
32,67,0.00011570962362788024,0.999789173485958
32,68,0.00010745572842596346,0.9998966292143839
32,69,0.00010337078561574956,0.9999999999999997
33,1,0.8025247640166678,0.8025247640166678
33,2,0.05539936181987059,0.8579241258365384
33,3,0.0307242629428453,0.8886483887793837
33,4,0.018418494780117138,0.9070668835595008
33,5,0.013568899290365914,0.9206357828498667
33,6,0.00899935549658711,0.9296351383464538
33,7,0.007375025632166611,0.9370101639786205
33,8,0.006206501680697151,0.9432166656593176
33,9,0.005140548059952648,0.9483572137192703
33,10,0.004107330505866741,0.952464544225137
33,11,0.00394001214430238,0.9564045563694394
33,12,0.0036530566181080817,0.9600576129875475
33,13,0.0033009449190703976,0.963358557906618
33,14,0.002700926168199559,0.9660594840748176
33,15,0.0024492068179285506,0.9685086908927462
33,16,0.0022327266518577765,0.9707414175446039
33,17,0.0021110453805123987,0.9728524629251163
33,18,0.0017750258297842619,0.9746274887549006
33,19,0.001696201096623411,0.976323689851524
33,20,0.001681071444208652,0.9780047612957327
33,21,0.001495161365668619,0.9794999226614013
33,22,0.0012561360913273653,0.9807560587527286
33,23,0.0012051963102029419,0.9819612550629316
33,24,0.0010949315469609912,0.9830561866098926
33,25,0.0010626333560201393,0.9841188199659128
33,26,0.0009870872154724823,0.9851059071813852
33,27,0.0008752943683200358,0.9859812015497053
33,28,0.0008514139678286401,0.9868326155175339
33,29,0.0007843449472695115,0.9876169604648034
33,30,0.0007216563098929724,0.9883386167746964
33,31,0.0006733704015550012,0.9890119871762514
33,32,0.0006121292574158681,0.9896241164336672
33,33,0.0005979187364570734,0.9902220351701243
33,34,0.0005710873885630532,0.9907931225586873
33,35,0.0005340820477732535,0.9913272046064606
33,36,0.0005041964564786636,0.9918314010629393
33,37,0.0004536520142595047,0.9922850530771988
33,38,0.00044630680863279765,0.9927313598858316
33,39,0.0004329623114530694,0.9931643221972847
33,40,0.00039716804764288805,0.9935614902449276
33,41,0.00039025649073593725,0.9939517467356636
33,42,0.00037165849918180594,0.9943234052348454
33,43,0.0003558952712356016,0.994679300506081
33,44,0.0003386990365546838,0.9950179995426357
33,45,0.000324717240316991,0.9953427167829527
33,46,0.0003143367779565518,0.9956570535609093
33,47,0.00029541889313375444,0.9959524724540431
33,48,0.00027590673886237723,0.9962283791929053
33,49,0.0002673761539240215,0.9964957553468293
33,50,0.00025964358004802875,0.9967553989268774
33,51,0.0002494202563498136,0.9970048191832271
33,52,0.00023397074865807925,0.9972387899318852
33,53,0.00022436278902294404,0.9974631527209081
33,54,0.0002190165944766587,0.9976821693153848
33,55,0.00020634456511440136,0.9978885138804992
33,56,0.00019806433984268375,0.9980865782203419
33,57,0.0001888123425566723,0.9982753905628985
33,58,0.000182945899670057,0.9984583364625685
33,59,0.0001792103312258667,0.9986375467937945
33,60,0.0001697539831850821,0.9988073007769795
33,61,0.00016296396786843169,0.998970264744848
33,62,0.0001588371132640224,0.999129101858112
33,63,0.00014728194461900745,0.999276383802731
33,64,0.00014076131708411874,0.9994171451198152
33,65,0.00013673776966252133,0.9995538828894777
33,66,0.00012309267043527418,0.999676975559913
33,67,0.00011651128157581359,0.9997934868414888
33,68,0.0001092324289690565,0.9999027192704579
33,69,9.728072954240797e-05,1.0000000000000004
34,1,0.8122076508672136,0.8122076508672136
34,2,0.04926584648389307,0.8614734973511067
34,3,0.02631302083309669,0.8877865181842034
34,4,0.018574865691217364,0.9063613838754208
34,5,0.015510149297289224,0.92187153317271
34,6,0.007946535682101817,0.9298180688548118
34,7,0.007335908932804654,0.9371539777876164
34,8,0.006230713462793034,0.9433846912504095
34,9,0.005104945901910361,0.9484896371523198
34,10,0.004186367007480097,0.9526760041597999
34,11,0.0038726065228879085,0.9565486106826878
34,12,0.003606680284009759,0.9601552909666976
34,13,0.00325114367405041,0.963406434640748
34,14,0.0028931907666476693,0.9662996254073957
34,15,0.002681638158207895,0.9689812635656035
34,16,0.0023037735120386075,0.9712850370776422
34,17,0.002050082138125541,0.9733351192157678
34,18,0.0018542569253894143,0.9751893761411572
34,19,0.0017031575091096777,0.9768925336502668
34,20,0.0015944219521714295,0.9784869556024383
34,21,0.0014709493852970794,0.9799579049877354
34,22,0.0012868539854035727,0.981244758973139
34,23,0.0011747175305810956,0.9824194765037201
34,24,0.0010970794165126834,0.9835165559202327
34,25,0.0010367245737218243,0.9845532804939545
34,26,0.0008919484034431686,0.9854452288973977
34,27,0.0008074068949352162,0.9862526357923329
34,28,0.0007852187712115016,0.9870378545635444
34,29,0.0007152103945882623,0.9877530649581326
34,30,0.000674225970475076,0.9884272909286077
34,31,0.0006335112633393344,0.989060802191947
34,32,0.0006284716002674655,0.9896892737922144
34,33,0.0005974792535937804,0.9902867530458082
34,34,0.000571636929029478,0.9908583899748377
34,35,0.0005130517460361451,0.9913714417208738
34,36,0.0004832396555813684,0.9918546813764552
34,37,0.0004676133220349465,0.9923222946984901
34,38,0.00045328828693377724,0.9927755829854239
34,39,0.00043672649547185253,0.9932123094808958
34,40,0.0004303182132121976,0.9936426276941079
34,41,0.0003955909475104251,0.9940382186416183
34,42,0.0003856595788468395,0.9944238782204652
34,43,0.0003513512873674233,0.9947752295078326
34,44,0.0003398316955141827,0.9951150612033468
34,45,0.0003286387514708228,0.9954436999548176
34,46,0.0003104860049188727,0.9957541859597365
34,47,0.00029315329431081166,0.9960473392540473
34,48,0.00028561794861360623,0.9963329572026609
34,49,0.0002736107343818033,0.9966065679370427
34,50,0.0002569690277868867,0.9968635369648297
34,51,0.0002508574750264627,0.9971143944398562
34,52,0.00023345333803191268,0.9973478477778881
34,53,0.00022146947497478654,0.9975693172528629
34,54,0.00021311894959534993,0.9977824362024582
34,55,0.00020437469012119606,0.9979868108925795
34,56,0.000195156740210293,0.9981819676327897
34,57,0.00018642293421699367,0.9983683905670067
34,58,0.00017496020677452073,0.9985433507737812
34,59,0.000169615415492571,0.9987129661892737
34,60,0.00016326525752417224,0.9988762314467979
34,61,0.00015469777288811017,0.9990309292196861
34,62,0.00015156804727291845,0.999182497266959
34,63,0.0001441511735790565,0.999326648440538
34,64,0.00013143643412116216,0.999458084874659
34,65,0.0001255835092595748,0.9995836683839187
34,66,0.00011675012085654845,0.9997004185047752
34,67,0.0001121729342985769,0.9998125914390738
34,68,0.00010236913541342283,0.9999149605744871
34,69,8.503942551280434e-05,1.0
35,1,0.7922449530654674,0.7922449530654674
35,2,0.051939723711957646,0.844184676777425
35,3,0.0351028998241248,0.8792875766015499
35,4,0.01871761277988112,0.898005189381431
35,5,0.0161113025145705,0.9141164918960015
35,6,0.009914250639106335,0.9240307425351079
35,7,0.00751157802105166,0.9315423205561595
35,8,0.0067851135783431335,0.9383274341345026
35,9,0.005678848691098317,0.944006282825601
35,10,0.0048544189593611176,0.9488607017849621
35,11,0.0043600832294554545,0.9532207850144175
35,12,0.004170194111563246,0.9573909791259808
35,13,0.0032631113492182493,0.960654090475199
35,14,0.0029738115446017333,0.9636279020198008
35,15,0.0026992136387831286,0.9663271156585839
35,16,0.0025328605042445624,0.9688599761628285
35,17,0.0021245887889777115,0.9709845649518062
35,18,0.0019646591002056867,0.9729492240520119
35,19,0.0018159788249675285,0.9747652028769794
35,20,0.001598514776462759,0.9763637176534422
35,21,0.0014931205359516727,0.9778568381893938
35,22,0.001387280128440693,0.9792441183178345
35,23,0.0013120867204589536,0.9805562050382934
35,24,0.0011557155826352808,0.9817119206209288
35,25,0.0010814251883635708,0.9827933458092923
35,26,0.0009882729350191306,0.9837816187443115
35,27,0.0009584996406087885,0.9847401183849203
35,28,0.0008833218420311065,0.9856234402269514
35,29,0.0008636296770918184,0.9864870699040432
35,30,0.0008218403968356191,0.9873089103008789
35,31,0.000748341376350834,0.9880572516772297
35,32,0.0006845221684854358,0.988741773845715
35,33,0.0006664775832003218,0.9894082514289154
35,34,0.0006124424568545894,0.99002069388577
35,35,0.0005740004825941014,0.9905946943683641
35,36,0.0005375993859527832,0.9911322937543169
35,37,0.0005167738549756608,0.9916490676092925
35,38,0.0004903308373045941,0.992139398446597
35,39,0.0004532541328723779,0.9925926525794694
35,40,0.0004395576461002328,0.9930322102255696
35,41,0.00042084872217851207,0.9934530589477482
35,42,0.00041175982181984307,0.993864818769568
35,43,0.00038765772936095327,0.994252476498929
35,44,0.0003671691526209955,0.99461964565155
35,45,0.000357336766657577,0.9949769824182076
35,46,0.0003291309533660355,0.9953061133715737
35,47,0.00031287779024932586,0.9956189911618231
35,48,0.00030248938152010134,0.9959214805433431
35,49,0.0002994748233194671,0.9962209553666626
35,50,0.000278722592122955,0.9964996779587855
35,51,0.0002690967802490107,0.9967687747390345
35,52,0.00025850827239707133,0.9970272830114315
35,53,0.0002465576911572069,0.9972738407025887
35,54,0.0002338197042703172,0.997507660406859
35,55,0.00022285002040543374,0.9977305104272645
35,56,0.00022082328681356838,0.997951333714078
35,57,0.0002086114818543516,0.9981599451959323
35,58,0.00020220519660370777,0.9983621503925361
35,59,0.0001888764271129893,0.998551026819649
35,60,0.00017953202361875866,0.9987305588432678
35,61,0.00017219305757468656,0.9989027519008424
35,62,0.00016624401705760591,0.9990689959179
35,63,0.00015800766362112007,0.9992270035815212
35,64,0.0001466453749839043,0.9993736489565052
35,65,0.00013443321156528183,0.9995080821680704
35,66,0.00013133325010313368,0.9996394154181736
35,67,0.00012519276491314114,0.9997646081830868
35,68,0.00012227351893787545,0.9998868817020247
35,69,0.00011311829797563635,1.0000000000000002
36,1,0.7813212535047044,0.7813212535047044
36,2,0.05807524614494575,0.8393964996496501
36,3,0.031277257463365064,0.8706737571130152
36,4,0.02140449593748671,0.8920782530505019
36,5,0.017194151459831167,0.9092724045103331
36,6,0.009626653313278853,0.9188990578236119
36,7,0.008056342221133541,0.9269554000447454
36,8,0.007164808808686697,0.9341202088534322
36,9,0.005645296566823087,0.9397655054202553
36,10,0.0051603780307356495,0.9449258834509909
36,11,0.004482017989230967,0.9494079014402219
36,12,0.004129944562257933,0.9535378460024798
36,13,0.003971671326893918,0.9575095173293737
36,14,0.0034324001961909085,0.9609419175255647
36,15,0.003143160080222855,0.9640850776057875
36,16,0.0028505683369827997,0.9669356459427703
36,17,0.002374594778389188,0.9693102407211595
36,18,0.0020875057458836807,0.9713977464670431
36,19,0.0018533594925350429,0.9732511059595782
36,20,0.0016854221453776,0.9749365281049558
36,21,0.0015352364642550135,0.9764717645692108
36,22,0.0014298155584711312,0.9779015801276819
36,23,0.0013511758706519473,0.9792527559983338
36,24,0.0012766494180376784,0.9805294054163716
36,25,0.0011802305901301257,0.9817096360065017
36,26,0.0010694239619001113,0.9827790599684019
36,27,0.0010271058053629718,0.9838061657737649
36,28,0.0009688970825120223,0.9847750628562769
36,29,0.00089630781334166,0.9856713706696186
36,30,0.0008276561227556653,0.9864990267923743
36,31,0.0007912047395376204,0.987290231531912
36,32,0.0007730330769687853,0.9880632646088806
36,33,0.0007099881382536156,0.9887732527471342
36,34,0.0006403699283632758,0.9894136226754975
36,35,0.0006007220058383165,0.9900143446813358
36,36,0.0005925839120647487,0.9906069285934005
36,37,0.0005600888954387061,0.9911670174888392
36,38,0.000540927631443451,0.9917079451202826
36,39,0.0005384386233354348,0.9922463837436181
36,40,0.0004963103408242827,0.9927426940844425
36,41,0.00045194873784150917,0.993194642822284
36,42,0.0004212448972864579,0.9936158877195704
36,43,0.00039399795506043275,0.9940098856746309
36,44,0.0003876682980023218,0.9943975539726332
36,45,0.00037485405879425184,0.9947724080314274
36,46,0.0003678886522052189,0.9951402966836327
36,47,0.0003427582663218441,0.9954830549499545
36,48,0.0003413554334343247,0.9958244103833888
36,49,0.0003136706378089168,0.9961380810211977
36,50,0.0002895831544194786,0.9964276641756172
36,51,0.0002721902709057825,0.996699854446523
36,52,0.0002699310661720468,0.996969785512695
36,53,0.00026111205539214695,0.9972308975680871
36,54,0.0002511362664796482,0.9974820338345668
36,55,0.00023060132303839728,0.9977126351576052
36,56,0.00021273180627328533,0.9979253669638785
36,57,0.0001993757176093972,0.9981247426814879
36,58,0.00019501079653672568,0.9983197534780246
36,59,0.0001940715839175087,0.9985138250619421
36,60,0.00018614118922922947,0.9986999662511713
36,61,0.0001734483056752341,0.9988734145568465
36,62,0.000168163016647584,0.9990415775734941
36,63,0.00016212101191660118,0.9992036985854107
36,64,0.0001524406951369734,0.9993561392805479
36,65,0.00014819805807380493,0.9995043373386217
36,66,0.00013649221534979726,0.9996408295539715
36,67,0.00013117281444916478,0.9997720023684207
36,68,0.00012223273561392788,0.9998942351040346
36,69,0.0001057648959656468,1.0000000000000002
37,1,0.7962691531583617,0.7962691531583617
37,2,0.05330674868464431,0.849575901843006
37,3,0.032575342645532815,0.8821512444885389
37,4,0.022014551605561757,0.9041657960941006
37,5,0.014548767817320393,0.918714563911421
37,6,0.008011673785909524,0.9267262376973305
37,7,0.00741498639131706,0.9341412240886476
37,8,0.006004123347805177,0.9401453474364528
37,9,0.005111386213207018,0.9452567336496599
37,10,0.00430332178028406,0.9495600554299439
37,11,0.004255909265426588,0.9538159646953706
37,12,0.00380245907058032,0.9576184237659509
37,13,0.0035382112384806735,0.9611566350044315
37,14,0.003062183136222478,0.964218818140654
37,15,0.002820281241645743,0.9670390993822998
37,16,0.002488533473942294,0.9695276328562419
37,17,0.0022147886085645894,0.9717424214648065
37,18,0.0020354825961482674,0.9737779040609548
37,19,0.0016640335332089788,0.9754419375941638
37,20,0.001588153245059117,0.9770300908392229
37,21,0.0013884885051054015,0.9784185793443283
37,22,0.0013419408624286478,0.979760520206757
37,23,0.0012848122753088807,0.9810453324820658
37,24,0.0011900746065039677,0.9822354070885698
37,25,0.0011274988252939484,0.9833629059138638
37,26,0.0010691171009278048,0.9844320230147916
37,27,0.000941562735685456,0.9853735857504771
37,28,0.0009095966797404196,0.9862831824302175
37,29,0.000835678521299521,0.987118860951517
37,30,0.0007411306732006348,0.9878599916247176
37,31,0.0006552665994659735,0.9885152582241836
37,32,0.0006342434286728308,0.9891495016528563
37,33,0.0006128276477148021,0.9897623293005711
37,34,0.0005939039691985271,0.9903562332697696
37,35,0.0005638746518901001,0.9909201079216597
37,36,0.0005281285196379824,0.9914482364412978
37,37,0.000512821798972665,0.9919610582402705
37,38,0.0004771433682286125,0.992438201608499
37,39,0.0004575351382298388,0.9928957367467289
37,40,0.0004181449115884888,0.9933138816583174
37,41,0.000403540437505603,0.9937174220958229
37,42,0.00038664283242177016,0.9941040649282447
37,43,0.00037148156436351247,0.9944755464926082
37,44,0.00034367632872649926,0.9948192228213346
37,45,0.0003339697453277094,0.9951531925666623
37,46,0.0003235807992319902,0.9954767733658944
37,47,0.0003016116937390573,0.9957783850596335
37,48,0.0002977692993896697,0.9960761543590231
37,49,0.00028656708728306125,0.9963627214463061
37,50,0.00026242466664749825,0.9966251461129536
37,51,0.00025410434008894047,0.9968792504530426
37,52,0.00024409976621692946,0.9971233502192596
37,53,0.0002399609809479403,0.9973633112002075
37,54,0.00023415118146944363,0.9975974623816769
37,55,0.0002207096675561826,0.9978181720492331
37,56,0.00020499277695872712,0.9980231648261917
37,57,0.00019764928052556983,0.9982208141067173
37,58,0.00019002921045419512,0.9984108433171714
37,59,0.00018328840055088164,0.9985941317177224
37,60,0.00017742233509896073,0.9987715540528214
37,61,0.0001671309619495919,0.998938685014771
37,62,0.00016349339413393305,0.9991021784089049
37,63,0.00014881577285984644,0.9992509941817648
37,64,0.00014504388446270541,0.9993960380662276
37,65,0.00013657367525514804,0.9995326117414827
37,66,0.00012949898876241897,0.9996621107302451
37,67,0.0001230091008840103,0.9997851198311292
37,68,0.00011514304933365044,0.9999002628804629
37,69,9.973711953708514e-05,0.9999999999999999
38,1,0.8270738242167205,0.8270738242167205
38,2,0.04184609166872491,0.8689199158854454
38,3,0.02980085816319135,0.8987207740486367
38,4,0.01804758941189776,0.9167683634605345
38,5,0.013229640638405156,0.9299980040989396
38,6,0.0075222064702341,0.9375202105691737
38,7,0.007076075116934259,0.944596285686108
38,8,0.005137282971945823,0.9497335686580538
38,9,0.004906118846662994,0.9546396875047168
38,10,0.0036865336240196394,0.9583262211287364
38,11,0.0033939720915114745,0.9617201932202479
38,12,0.0032073868543493495,0.9649275800745973
38,13,0.0026073937070037767,0.9675349737816011
38,14,0.0025062451337281703,0.9700412189153294
38,15,0.0023284244035052344,0.9723696433188346
38,16,0.0021702107908834196,0.9745398541097179
38,17,0.0018087531173875278,0.9763486072271054
38,18,0.0015897380774769453,0.9779383453045823
38,19,0.0014296022534256935,0.979367947558008
38,20,0.0012955810132221424,0.9806635285712302
38,21,0.0012248744030990528,0.9818884029743292
38,22,0.001135798306124088,0.9830242012804533
38,23,0.001044268163783055,0.9840684694442363
38,24,0.000958882522350461,0.9850273519665868
38,25,0.000809875355241913,0.9858372273218287
38,26,0.0007929724028388056,0.9866301997246675
38,27,0.0007703495687527576,0.9874005492934202
38,28,0.0007490555010067769,0.988149604794427
38,29,0.0006896820483222516,0.9888392868427492
38,30,0.0005876265123283364,0.9894269133550776
38,31,0.0005782690683728865,0.9900051824234505
38,32,0.0005527838712409621,0.9905579662946915
38,33,0.0005283887563391122,0.9910863550510306
38,34,0.0005137671033880169,0.9916001221544186
38,35,0.0004904641483753354,0.9920905863027939
38,36,0.0004827196458928828,0.9925733059486868
38,37,0.0004195461412595108,0.9929928520899463
38,38,0.0004076340819303646,0.9934004861718766
38,39,0.00039780944423602573,0.9937982956161127
38,40,0.00036250628025393347,0.9941608018963667
38,41,0.0003473862196061766,0.9945081881159729
38,42,0.00032521702043681336,0.9948334051364097
38,43,0.0003191215082741049,0.9951525266446838
38,44,0.00031386914228216905,0.9954663957869659
38,45,0.0003036076575387861,0.9957700034445047
38,46,0.0002825510991416429,0.9960525545436464
38,47,0.00027565583831447207,0.9963282103819608
38,48,0.00026793169019721465,0.9965961420721581
38,49,0.00024247149276843195,0.9968386135649265
38,50,0.00023605920679149706,0.997074672771718
38,51,0.0002221149974370295,0.9972967877691551
38,52,0.00020950157259161227,0.9975062893417467
38,53,0.00020877997256155527,0.9977150693143082
38,54,0.00019651133552021907,0.9979115806498284
38,55,0.00019285563540233556,0.9981044362852308
38,56,0.00018097883512603483,0.9982854151203568
38,57,0.00017231362097411905,0.998457728741331
38,58,0.00016862707244350199,0.9986263558137745
38,59,0.00016181666302190817,0.9987881724767964
38,60,0.00015785407802757908,0.998946026554824
38,61,0.00014333838229655914,0.9990893649371205
38,62,0.0001353968510510039,0.9992247617881715
38,63,0.0001283922364558381,0.9993531540246274
38,64,0.00012679190898310877,0.9994799459336104
38,65,0.00012063610530697465,0.9996005820389174
38,66,0.00010970705720995535,0.9997102890961274
38,67,0.00010514498268386235,0.9998154340788112
38,68,9.43162458387633e-05,0.99990975032465
38,69,9.024967535034385e-05,1.0000000000000004
39,1,0.7879641689497324,0.7879641689497324
39,2,0.055274064046661936,0.8432382329963943
39,3,0.031261682692286595,0.8744999156886809
39,4,0.023038434218525427,0.8975383499072064
39,5,0.0151230626825884,0.9126614125897948
39,6,0.009730500782718084,0.9223919133725129
39,7,0.008064647132269127,0.9304565605047821
39,8,0.0075024875306453215,0.9379590480354273
39,9,0.005605224181456298,0.9435642722168835
39,10,0.005000921798077391,0.948565194014961
39,11,0.004418662196343109,0.9529838562113041
39,12,0.003737128265722765,0.9567209844770269
39,13,0.003512321155155028,0.9602333056321819
39,14,0.002993634542891267,0.9632269401750732
39,15,0.0027972829872173807,0.9660242231622905
39,16,0.0023878967205585378,0.968412119882849
39,17,0.002129458980585562,0.9705415788634346
39,18,0.0020083386498228797,0.9725499175132575
39,19,0.0018432133797003408,0.9743931308929579
39,20,0.0017533502975879188,0.9761464811905458
39,21,0.001707890821674306,0.9778543720122201
39,22,0.0013750614450668095,0.979229433457287
39,23,0.0013233775261191488,0.9805528109834061
39,24,0.0012861308331419176,0.981838941816548
39,25,0.0012339280344210524,0.983072869850969
39,26,0.001046732014287142,0.9841196018652562
39,27,0.0009901019224085486,0.9851097037876647
39,28,0.0009140166791666261,0.9860237204668313
39,29,0.0008536917848399557,0.9868774122516712
39,30,0.0007867320251308706,0.9876641442768022
39,31,0.0007438021345221757,0.9884079464113243
39,32,0.0006478071741830804,0.9890557535855075
39,33,0.0006011699375220484,0.9896569235230295
39,34,0.0005722519943378099,0.9902291755173673
39,35,0.0005420452262344995,0.9907712207436018
39,36,0.0005170240992569077,0.9912882448428587
39,37,0.0005163555285847053,0.9918046003714435
39,38,0.0004906972075567739,0.9922952975790003
39,39,0.00046814314546561624,0.9927634407244659
39,40,0.00043561845292516957,0.9931990591773908
39,41,0.0004056513615560128,0.9936047105389468
39,42,0.00039264470575018143,0.993997355244697
39,43,0.0003753643106749013,0.9943727195553719
39,44,0.0003618423351247029,0.9947345618904966
39,45,0.00034932144711956054,0.9950838833376161
39,46,0.0003456780097492032,0.9954295613473653
39,47,0.000321216535318337,0.9957507778826836
39,48,0.0003136490798631944,0.9960644269625469
39,49,0.0002926873198546815,0.9963571142824016
39,50,0.00028345050036059766,0.9966405647827622
39,51,0.0002721557416462779,0.9969127205244085
39,52,0.0002528399581692077,0.9971655604825777
39,53,0.00023856107935614054,0.9974041215619338
39,54,0.0002314831785518941,0.9976356047404857
39,55,0.0002087393301348578,0.9978443440706206
39,56,0.0001982877938004584,0.9980426318644211
39,57,0.0001941401970983674,0.9982367720615195
39,58,0.00018378114074802323,0.9984205532022675
39,59,0.00017840033610979183,0.9985989535383774
39,60,0.000171973988911598,0.9987709275272889
39,61,0.00016365010182240044,0.9989345776291113
39,62,0.0001583272874066145,0.9990929049165179
39,63,0.00015270565301449602,0.9992456105695324
39,64,0.00014293670938957432,0.9993885472789219
39,65,0.00014010217425735583,0.9995286494531792
39,66,0.00013124245701340225,0.9996598919101926
39,67,0.00012391274263640135,0.999783804652829
39,68,0.00011179453672587277,0.9998955991895548
39,69,0.00010440081044479235,0.9999999999999997
40,1,0.8021401727293588,0.8021401727293588
40,2,0.053851513329235025,0.8559916860585938
40,3,0.03210971712924036,0.8881014031878341
40,4,0.01864947490195138,0.9067508780897855
40,5,0.012919985064461566,0.9196708631542471
40,6,0.008400998900506067,0.9280718620547531
40,7,0.0078554579985599,0.935927320053313
40,8,0.006464868784446114,0.9423921888377591
40,9,0.004618228940847514,0.9470104177786066
40,10,0.004462836078541135,0.9514732538571478
40,11,0.004045873759267121,0.9555191276164149
40,12,0.0035116125742538245,0.9590307401906687
40,13,0.0031023260589493574,0.962133066249618
40,14,0.0028349446017292145,0.9649680108513472
40,15,0.0025623151437976586,0.9675303259951449
40,16,0.0023116625308009014,0.9698419885259458
40,17,0.002130020686653884,0.9719720092125997
40,18,0.001998476440333727,0.9739704856529334
40,19,0.0018566270562287415,0.9758271127091621
40,20,0.0016984655487605113,0.9775255782579226
40,21,0.0015736755477376784,0.9790992538056603
40,22,0.0014892704050150168,0.9805885242106753
40,23,0.0013017502200306243,0.981890274430706
40,24,0.0011194148774167324,0.9830096893081229
40,25,0.001072856273487629,0.9840825455816106
40,26,0.0009472192874428766,0.9850297648690535
40,27,0.0009057029328302333,0.9859354678018837
40,28,0.0008007392736336399,0.9867362070755173
40,29,0.00078007894965982,0.9875162860251772
40,30,0.00073107932372995,0.9882473653489071
40,31,0.0007152317866198957,0.988962597135527
40,32,0.000645703454118668,0.9896083005896456
40,33,0.0006161698117896398,0.9902244704014352
40,34,0.0006064592045651021,0.9908309296060004
40,35,0.0005353384253297418,0.9913662680313301
40,36,0.0005121884319966498,0.9918784564633267
40,37,0.000490762795829437,0.9923692192591562
40,38,0.00046528069236380674,0.9928344999515201
40,39,0.0004220678744628963,0.9932565678259829
40,40,0.0004062762641611014,0.993662844090144
40,41,0.0003823066685938473,0.9940451507587379
40,42,0.0003655619106714708,0.9944107126694094
40,43,0.00036258791543454684,0.9947733005848439
40,44,0.0003437372337284206,0.9951170378185723
40,45,0.0003195921635885492,0.9954366299821609
40,46,0.0003050781936777408,0.9957417081758386
40,47,0.0002973946359414423,0.9960391028117801
40,48,0.0002807273606577431,0.9963198301724377
40,49,0.000268997931769262,0.996588828104207
40,50,0.0002548930966080446,0.9968437212008151
40,51,0.00024062529838550926,0.9970843464992006
40,52,0.00022639200112776776,0.9973107385003284
40,53,0.00022319930992961462,0.997533937810258
40,54,0.00020651556792182328,0.9977404533781798
40,55,0.00020166006505745808,0.9979421134432374
40,56,0.00019647742534122117,0.9981385908685785
40,57,0.00019090011027227065,0.9983294909788507
40,58,0.00018440803387130572,0.998513899012722
40,59,0.00017606446314481067,0.9986899634758668
40,60,0.00016577819249597104,0.9988557416683628
40,61,0.00015892635511445565,0.9990146680234773
40,62,0.00014672753459922118,0.9991613955580765
40,63,0.00014262658112186525,0.9993040221391983
40,64,0.00012892000939381014,0.9994329421485921
40,65,0.00012517093976679552,0.999558113088359
40,66,0.00012137130602467786,0.9996794843943836
40,67,0.00011330793479371407,0.9997927923291773
40,68,0.0001077808425432853,0.9999005731717205
40,69,9.942682827969019e-05,1.0000000000000002
41,1,0.8052112086484423,0.8052112086484423
41,2,0.05212265808783899,0.8573338667362813
41,3,0.033349077279169144,0.8906829440154505
41,4,0.017781474418417775,0.9084644184338683
41,5,0.013120047291387426,0.9215844657252557
41,6,0.008437779877632692,0.9300222456028884
41,7,0.00779501819368675,0.9378172637965752
41,8,0.0058889540842731215,0.9437062178808483
41,9,0.004573984434769811,0.9482802023156182
41,10,0.004109133183085895,0.9523893354987041
41,11,0.003883836366906291,0.9562731718656103
41,12,0.003531618480661248,0.9598047903462716
41,13,0.0032406407689683702,0.96304543111524
41,14,0.0029670200617249363,0.9660124511769649
41,15,0.002552402981086479,0.9685648541580514
41,16,0.002366930946218234,0.9709317851042696
41,17,0.0020471287333927637,0.9729789138376623
41,18,0.0019927801780454863,0.9749716940157078
41,19,0.0016659242808298794,0.9766376182965377
41,20,0.001489136839131449,0.9781267551356692
41,21,0.001450888718403095,0.9795776438540722
41,22,0.0012875296096099128,0.9808651734636821
41,23,0.0011670978608318582,0.982032271324514
41,24,0.0011360439810274873,0.9831683153055415
41,25,0.0009886504675165732,0.9841569657730581
41,26,0.000906440498211024,0.9850634062712691
41,27,0.00088852676645214,0.9859519330377212
41,28,0.0008328981214520574,0.9867848311591733
41,29,0.0007865114434009501,0.9875713426025742
41,30,0.0007582015414806061,0.9883295441440548
41,31,0.0006848850633115651,0.9890144292073664
41,32,0.0006331976225996765,0.9896476268299661
41,33,0.0006049469722165074,0.9902525738021826
41,34,0.0005462442493427193,0.9907988180515253
41,35,0.0005157525028806843,0.991314570554406
41,36,0.00048787807524962887,0.9918024486296556
41,37,0.00046928822666706364,0.9922717368563226
41,38,0.0004434391536632507,0.9927151760099859
41,39,0.0004269253193980086,0.993142101329384
41,40,0.00039530831238843584,0.9935374096417723
41,41,0.0003722168496044825,0.9939096264913768
41,42,0.00036600066837860664,0.9942756271597554
41,43,0.0003518898288465186,0.9946275169886019
41,44,0.0003321519129480128,0.9949596689015499
41,45,0.0003286996124377754,0.9952883685139876
41,46,0.00031935219749477267,0.9956077207114824
41,47,0.0003022834521005403,0.995910004163583
41,48,0.0002934861437026334,0.9962034903072858
41,49,0.000267812921100969,0.9964713032283868
41,50,0.000261834047282861,0.9967331372756697
41,51,0.0002534740189156324,0.9969866112945853
41,52,0.0002329499526419291,0.9972195612472272
41,53,0.0002257383227825199,0.9974452995700097
41,54,0.0002210531683682735,0.997666352738378
41,55,0.00021295210109970988,0.9978793048394777
41,56,0.0002029424509733781,0.998082247290451
41,57,0.00019136127189109194,0.9982736085623422
41,58,0.00018756741681405357,0.9984611759791562
41,59,0.00018243100890630784,0.9986436069880625
41,60,0.00016843596201007827,0.9988120429500726
41,61,0.00016159109428351995,0.9989736340443561
41,62,0.00015252313155453945,0.9991261571759107
41,63,0.00014819492231606788,0.9992743520982268
41,64,0.00014606199270706126,0.9994204140909337
41,65,0.00013100416236091713,0.9995514182532946
41,66,0.00012452720537917288,0.9996759454586738
41,67,0.00011989339887169712,0.9997958388575455
41,68,0.00010884002460324327,0.9999046788821487
41,69,9.532111785127838e-05,1.0
42,1,0.8198585505082322,0.8198585505082322
42,2,0.04756388460508244,0.8674224351133146
42,3,0.030003176945425942,0.8974256120587406
42,4,0.016660592019532964,0.9140862040782736
42,5,0.01330860309503329,0.9273948071733069
42,6,0.008032313145911359,0.9354271203192183
42,7,0.0069722210110453,0.9423993413302636
42,8,0.005829622772355002,0.9482289641026185
42,9,0.004789878250603037,0.9530188423532215
42,10,0.003716509602676587,0.9567353519558981
42,11,0.0037027964774832994,0.9604381484333814
42,12,0.003390791144767654,0.9638289395781491
42,13,0.002824904642722638,0.9666538442208717
42,14,0.0023721313370729698,0.9690259755579447
42,15,0.0022839218289550907,0.9713098973868998
42,16,0.002169705258448428,0.9734796026453482
42,17,0.0018728231850384965,0.9753524258303866
42,18,0.0017008124264232603,0.9770532382568099
42,19,0.0015713135719983894,0.9786245518288083
42,20,0.0014540872388342106,0.9800786390676425
42,21,0.0013775369424855106,0.981456176010128
42,22,0.00122769024077275,0.9826838662509008
42,23,0.001060969277354177,0.983744835528255
42,24,0.00095886684186485,0.9847037023701198
42,25,0.0008908596013964411,0.9855945619715163
42,26,0.0008491387093711889,0.9864437006808875
42,27,0.0008421836355755478,0.987285884316463
42,28,0.0007224809026874088,0.9880083652191505
42,29,0.0007075187925214666,0.988715884011672
42,30,0.0006839609618109035,0.9893998449734829
42,31,0.0006240478708719457,0.9900238928443548
42,32,0.0005786719008708676,0.9906025647452256
42,33,0.0005210109699971061,0.9911235757152227
42,34,0.0005163556266097346,0.9916399313418325
42,35,0.0004768700494875815,0.9921168013913201
42,36,0.0004560767108992109,0.9925728781022193
42,37,0.000430235916734842,0.9930031140189541
42,38,0.0004158184117002699,0.9934189324306544
42,39,0.00040625737568069037,0.993825189806335
42,40,0.0003756082602352037,0.9942007980665702
42,41,0.0003654260562623079,0.9945662241228326
42,42,0.0003365910115571377,0.9949028151343897
42,43,0.0003258831988392016,0.9952286983332289
42,44,0.00030307955808923904,0.9955317778913182
42,45,0.00029671458623099426,0.9958284924775492
42,46,0.00027781321681724706,0.9961063056943665
42,47,0.00026409945820765114,0.9963704051525741
42,48,0.0002583010831473193,0.9966287062357214
42,49,0.0002526912465233124,0.9968813974822447
42,50,0.00022458452642479016,0.9971059820086695
42,51,0.0002174495092299448,0.9973234315178995
42,52,0.0002126829020680323,0.9975361144199675
42,53,0.00020152346417960263,0.997737637884147
42,54,0.00018773331367552207,0.9979253711978225
42,55,0.0001808885499724973,0.998106259747795
42,56,0.0001801166274606718,0.9982863763752556
42,57,0.00017158451629210362,0.9984579608915477
42,58,0.0001651374915589228,0.9986230983831066
42,59,0.00016104974046269146,0.9987841481235693
42,60,0.00015061976642205581,0.9989347678899914
42,61,0.00014823784805773342,0.9990830057380491
42,62,0.00014230406976007185,0.9992253098078092
42,63,0.00013316775916523077,0.9993584775669745
42,64,0.0001255726249367564,0.9994840501919113
42,65,0.00011902652596889137,0.9996030767178802
42,66,0.0001116494322375319,0.9997147261501177
42,67,0.00010624094957320868,0.9998209670996909
42,68,9.253096461413332e-05,0.9999134980643051
42,69,8.65019356950693e-05,1.0000000000000002
43,1,0.8009239147416318,0.8009239147416318
43,2,0.054215897186652776,0.8551398119282846
43,3,0.03106985618081478,0.8862096681090994
43,4,0.020797132445699855,0.9070068005547992
43,5,0.014817306724821124,0.9218241072796204
43,6,0.008343164138052675,0.9301672714176731
43,7,0.007285825816637141,0.9374530972343103
43,8,0.006344888215278027,0.9437979854495882
43,9,0.004943731500982348,0.9487417169505705
43,10,0.004485801609565473,0.953227518560136
43,11,0.0039268627832173535,0.9571543813433533
43,12,0.003314248103495729,0.960468629446849
43,13,0.003102416134262221,0.9635710455811112
43,14,0.002875504332795423,0.9664465499139065
43,15,0.0026045917982125497,0.9690511417121191
43,16,0.002257601384821042,0.9713087430969404
43,17,0.0020807191947515677,0.973389462291692
43,18,0.0018996348819904432,0.9752890971736824
43,19,0.0017016377011888513,0.9769907348748712
43,20,0.0015286874840338557,0.9785194223589051
43,21,0.0014678102829435325,0.9799872326418486
43,22,0.001237938872693751,0.9812251715145424
43,23,0.0011914349883135607,0.9824166065028559
43,24,0.0011786390678075662,0.9835952455706636
43,25,0.0009073597298364929,0.9845026053005
43,26,0.0008737005684687195,0.9853763058689687
43,27,0.0008295288570214482,0.9862058347259902
43,28,0.0007981361836076803,0.9870039709095979
43,29,0.0007238973064510971,0.987727868216049
43,30,0.000692045253372061,0.988419913469421
43,31,0.0006457092861648756,0.989065622755586
43,32,0.0006138024796688221,0.9896794252352548
43,33,0.0005728635877802346,0.990252288823035
43,34,0.0005557323094921604,0.9908080211325271
43,35,0.0005182608657443792,0.9913262819982714
43,36,0.0005000189290106494,0.9918263009272821
43,37,0.00047298776774206503,0.9922992886950242
43,38,0.0004476090166432778,0.9927468977116675
43,39,0.00042420324082436366,0.9931711009524918
43,40,0.00039471970587263934,0.9935658206583644
43,41,0.0003758850358315872,0.993941705694196
43,42,0.00036575582023159504,0.9943074615144276
43,43,0.0003531558661633414,0.994660617380591
43,44,0.00034236981001138915,0.9950029871906023
43,45,0.0003346206086780675,0.9953376077992804
43,46,0.0003222441535861297,0.9956598519528665
43,47,0.00030552625477738374,0.995965378207644
43,48,0.00030412873341860165,0.9962695069410625
43,49,0.00027646387837897807,0.9965459708194415
43,50,0.0002597780452642941,0.9968057488647059
43,51,0.00024036814238876175,0.9970461170070947
43,52,0.00023582792215378416,0.9972819449292485
43,53,0.00023051546143972333,0.9975124603906882
43,54,0.00021719829423043352,0.9977296586849186
43,55,0.0002049599758178315,0.9979346186607364
43,56,0.0002000992290248557,0.9981347178897613
43,57,0.00019245884870404956,0.9983271767384653
43,58,0.00018046839458892646,0.9985076451330542
43,59,0.00016769639403742544,0.9986753415270917
43,60,0.00016303650281620282,0.9988383780299079
43,61,0.00015900750896769448,0.9989973855388756
43,62,0.00015037381772386934,0.9991477593565995
43,63,0.00014392377230092502,0.9992916831289004
43,64,0.0001352596167408703,0.9994269427456411
43,65,0.00012972892850249878,0.9995566716741436
43,66,0.00012440743001402348,0.9996810791041577
43,67,0.00011155764695951218,0.9997926367511172
43,68,0.00010758685768219695,0.9999002236087994
43,69,9.977639120036954e-05,0.9999999999999998
44,1,0.808721675042094,0.808721675042094
44,2,0.04838518360030869,0.8571068586424027
44,3,0.02886332233374835,0.885970180976151
44,4,0.019541442628162306,0.9055116236043133
44,5,0.013446808551076479,0.9189584321553897
44,6,0.008768684445429217,0.927727116600819
44,7,0.0075342918560558836,0.9352614084568749
44,8,0.006782251387483795,0.9420436598443587
44,9,0.005407051137764153,0.9474507109821229
44,10,0.004470141358064638,0.9519208523401875
44,11,0.004195522797096159,0.9561163751372836
44,12,0.003441244883887564,0.9595576200211712
44,13,0.0033501408330506174,0.9629077608542218
44,14,0.0029484593751863248,0.9658562202294081
44,15,0.002730337389503877,0.968586557618912
44,16,0.0025228343111771373,0.9711093919300892
44,17,0.0022819427931273476,0.9733913347232165
44,18,0.0018536210786354085,0.9752449558018519
44,19,0.001686332885837951,0.9769312886876899
44,20,0.001532935687096958,0.9784642243747869
44,21,0.0014888013613382203,0.9799530257361251
44,22,0.001202341104141926,0.981155366840267
44,23,0.0011262208301374872,0.9822815876704045
44,24,0.000982767940772364,0.9832643556111769
44,25,0.0009661428973103706,0.9842304985084872
44,26,0.0009530516947053702,0.9851835502031926
44,27,0.0009107916355447261,0.9860943418387373
44,28,0.0007785431668049606,0.9868728850055423
44,29,0.0007568641364984622,0.9876297491420407
44,30,0.0007370087583343327,0.9883667579003751
44,31,0.0006675884480335767,0.9890343463484087
44,32,0.000643405038731324,0.98967775138714
44,33,0.0006008930416726994,0.9902786444288126
44,34,0.000564690066407283,0.9908433344952199
44,35,0.0005344893033597814,0.9913778237985796
44,36,0.0005107518049712978,0.9918885756035509
44,37,0.0004690026181759969,0.9923575782217269
44,38,0.00043712454911901615,0.9927947027708459
44,39,0.00043361630858595627,0.9932283190794319
44,40,0.00041676695716190605,0.9936450860365938
44,41,0.0004070909550147414,0.9940521769916086
44,42,0.0003836049067172515,0.9944357818983259
44,43,0.00036332459102749235,0.9947991064893534
44,44,0.0003523019440996166,0.9951514084334531
44,45,0.0003272849849645739,0.9954786934184177
44,46,0.00030414102620452836,0.9957828344446222
44,47,0.00030150612242377305,0.996084340567046
44,48,0.0002763452195162621,0.9963606857865621
44,49,0.00027314439784529584,0.9966338301844074
44,50,0.000259714376862567,0.99689354456127
44,51,0.0002349317246559081,0.9971284762859259
44,52,0.00022898619172145052,0.9973574624776473
44,53,0.00021835662642332958,0.9975758191040707
44,54,0.00020729698250862433,0.9977831160865793
44,55,0.00020546165587560853,0.997988577742455
44,56,0.0001877858769890505,0.998176363619444
44,57,0.00018191072600703614,0.998358274345451
44,58,0.00017885414136587158,0.9985371284868169
44,59,0.00017066702241295368,0.9987077955092298
44,60,0.0001627387243086395,0.9988705342335384
44,61,0.00015380518982315347,0.9990243394233616
44,62,0.0001466354193012659,0.9991709748426628
44,63,0.00013914749973298248,0.9993101223423958
44,64,0.00013816826191466466,0.9994482906043105
44,65,0.00012812550689583676,0.9995764161112063
44,66,0.00011635690995855177,0.9996927730211649
44,67,0.00011434815022433922,0.9998071211713893
44,68,0.00010207897338445298,0.9999092001447737
44,69,9.079985522616359e-05,0.9999999999999999
45,1,0.8105820597431445,0.8105820597431445
45,2,0.04722059436604094,0.8578026541091854
45,3,0.03366917933387147,0.8914718334430569
45,4,0.01837069551250167,0.9098425289555586
45,5,0.01489470950988307,0.9247372384654416
45,6,0.007685263186149438,0.9324225016515911
45,7,0.006582014362744591,0.9390045160143358
45,8,0.00599913629646337,0.9450036523107991
45,9,0.0047670410829811355,0.9497706933937802
45,10,0.004215878795867796,0.953986572189648
45,11,0.003823920094910976,0.957810492284559
45,12,0.0032620262594588037,0.9610725185440178
45,13,0.002773033295051816,0.9638455518390696
45,14,0.0026500199962328844,0.9664955718353025
45,15,0.0024040020167032305,0.9688995738520058
45,16,0.002324425095433452,0.971223998947439
45,17,0.0021222987373625372,0.9733462976848016
45,18,0.001913678249960851,0.9752599759347624
45,19,0.001770706772169073,0.9770306827069315
45,20,0.0016427573391439721,0.9786734400460755
45,21,0.0013507169092303072,0.9800241569553058
45,22,0.0012664105317005795,0.9812905674870064
45,23,0.0011650258636632306,0.9824555933506696
45,24,0.001123663653498585,0.9835792570041683
45,25,0.0010455633908231694,0.9846248203949914
45,26,0.0009062811599595444,0.9855311015549509
45,27,0.0008030126251404858,0.9863341141800914
45,28,0.0007947561567480311,0.9871288703368395
45,29,0.0007555425392766837,0.9878844128761162
45,30,0.000726319088935647,0.9886107319650518
45,31,0.0006836120990768935,0.9892943440641286
45,32,0.0006513620336073772,0.989945706097736
45,33,0.0005818468415758666,0.9905275529393119
45,34,0.0005399272199952989,0.9910674801593072
45,35,0.0005276236501590092,0.9915951038094662
45,36,0.0004957815293180278,0.9920908853387843
45,37,0.00048683752123790955,0.9925777228600222
45,38,0.00043177192254959803,0.9930094947825718
45,39,0.00041272769391511894,0.9934222224764869
45,40,0.00039774267058864947,0.9938199651470756
45,41,0.0003774713973568119,0.9941974365444324
45,42,0.00036226657712674795,0.9945597031215592
45,43,0.000348995914430924,0.9949086990359901
45,44,0.00034272610946021684,0.9952514251454503
45,45,0.0003161723999030657,0.9955675975453534
45,46,0.0002965461228943721,0.9958641436682478
45,47,0.0002886182818215839,0.9961527619500694
45,48,0.00027674103878363684,0.9964295029888529
45,49,0.0002592836496607481,0.9966887866385137
45,50,0.0002478907065721368,0.9969366773450858
45,51,0.00023901681999328835,0.9971756941650791
45,52,0.00023168784939470884,0.9974073820144739
45,53,0.00021683621219237688,0.9976242182266662
45,54,0.00021364171256871569,0.997837859939235
45,55,0.00020093997997972453,0.9980387999192147
45,56,0.00018504463331968216,0.9982238445525344
45,57,0.00017585386585327174,0.9983996984183877
45,58,0.00017070223786505803,0.9985704006562528
45,59,0.0001640293244330396,0.9987344299806858
45,60,0.000158510252926564,0.9988929402336124
45,61,0.0001542610229821904,0.9990472012565946
45,62,0.00013835723559368752,0.9991855584921883
45,63,0.0001358752857649809,0.9993214337779532
45,64,0.00013305777294771786,0.9994544915509008
45,65,0.00012750206697277405,0.9995819936178736
45,66,0.00011701567429896717,0.9996990092921726
45,67,0.00010741565370601425,0.9998064249458786
45,68,0.0001046331223782193,0.9999110580682568
45,69,8.894193174340421e-05,1.0000000000000002
46,1,0.783037032450185,0.783037032450185
46,2,0.05530592187254999,0.838342954322735
46,3,0.034383610435429965,0.8727265647581649
46,4,0.02250953964084026,0.8952361043990051
46,5,0.015325921140500857,0.910562025539506
46,6,0.00984851936506013,0.9204105449045662
46,7,0.008485727450049472,0.9288962723546157
46,8,0.006669965713775936,0.9355662380683917
46,9,0.005600936653499356,0.941167174721891
46,10,0.005016232048645715,0.9461834067705368
46,11,0.004338861081681638,0.9505222678522185
46,12,0.004221372388592055,0.9547436402408106
46,13,0.0035212787471845595,0.9582649189879952
46,14,0.0032856960564942956,0.9615506150444895
46,15,0.0030957792298080536,0.9646463942742975
46,16,0.002791057597528016,0.9674374518718253
46,17,0.002326583867325562,0.9697640357391508
46,18,0.00211797850671323,0.9718820142458641
46,19,0.0019733166754415856,0.9738553309213056
46,20,0.0017720307619025675,0.9756273616832082
46,21,0.0016586699001493715,0.9772860315833576
46,22,0.0014234720245762467,0.9787095036079339
46,23,0.0013144863450938763,0.9800239899530278
46,24,0.001220519602998982,0.9812445095560266
46,25,0.0011176884368278427,0.9823621979928544
46,26,0.0010052367115565846,0.983367434704411
46,27,0.0009541066130625805,0.9843215413174736
46,28,0.0008874616033062902,0.98520900292078
46,29,0.0008179079573016824,0.9860269108780816
46,30,0.0007890187521534675,0.986815929630235
46,31,0.0007457431336298528,0.9875616727638649
46,32,0.0007335705892602399,0.9882952433531251
46,33,0.0007027614683790249,0.9889980048215041
46,34,0.0006510404929380475,0.9896490453144422
46,35,0.0005748908468768319,0.990223936161319
46,36,0.0005680378988108826,0.9907919740601299
46,37,0.0005440696463663022,0.9913360437064962
46,38,0.0005298720551512523,0.9918659157616474
46,39,0.0004960538824225076,0.9923619696440699
46,40,0.00044682655605292424,0.992808796200123
46,41,0.00043351441154324775,0.9932423106116662
46,42,0.00042748057932744544,0.9936697911909936
46,43,0.0004190435745701717,0.9940888347655638
46,44,0.0003796842810966641,0.9944685190466604
46,45,0.00035362031658485454,0.9948221393632453
46,46,0.00035124534757769934,0.995173384710823
46,47,0.00033558350933351506,0.9955089682201564
46,48,0.00032729080253113794,0.9958362590226877
46,49,0.00029842309182658456,0.9961346821145143
46,50,0.0002937045832251729,0.9964283866977395
46,51,0.00028129733017459357,0.996709684027914
46,52,0.0002753117717324974,0.9969849957996465
46,53,0.00025532188718826874,0.9972403176868347
46,54,0.00024916903657679236,0.9974894867234115
46,55,0.00023750029822071283,0.9977269870216322
46,56,0.0002193942795227967,0.9979463813011551
46,57,0.00020621817756463854,0.9981525994787197
46,58,0.00020173713362511681,0.9983543366123449
46,59,0.00018730720515909173,0.998541643817504
46,60,0.00017535525103039466,0.9987169990685344
46,61,0.00017329599165968762,0.9988902950601941
46,62,0.00016739665258758076,0.9990576917127817
46,63,0.0001567185519506248,0.9992144102647323
46,64,0.00015243920970243986,0.9993668494744347
46,65,0.00014365211476353608,0.9995105015891982
46,66,0.00013758634686003452,0.9996480879360582
46,67,0.00013061534745932346,0.9997787032835175
46,68,0.00011871406883323951,0.9998974173523507
46,69,0.00010258264764927948,1.0
47,1,0.8026961261436956,0.8026961261436956
47,2,0.04434826058032009,0.8470443867240156
47,3,0.0333076614330665,0.8803520481570821
47,4,0.021423899937113543,0.9017759480941957
47,5,0.015512681956397193,0.9172886300505929
47,6,0.009128145251770031,0.926416775302363
47,7,0.007904740496513237,0.9343215157988762
47,8,0.006726202685467419,0.9410477184843435
47,9,0.005375617581373228,0.9464233360657168
47,10,0.004597505410236572,0.9510208414759534
47,11,0.00423470483220333,0.9552555463081568
47,12,0.0037807460934872663,0.959036292401644
47,13,0.003103566352890884,0.9621398587545349
47,14,0.00298385911382842,0.9651237178683633
47,15,0.002540843845947216,0.9676645617143105
47,16,0.002419598498747998,0.9700841602130585
47,17,0.0022808295374871757,0.9723649897505457
47,18,0.0018730279442443823,0.9742380176947901
47,19,0.0016515259920801275,0.9758895436868703
47,20,0.001582571114085906,0.9774721148009562
47,21,0.0014837020670823368,0.9789558168680386
47,22,0.0013317962994625282,0.9802876131675011
47,23,0.0012174347868491836,0.9815050479543503
47,24,0.001126750779087791,0.9826317987334381
47,25,0.0010890551378824383,0.9837208538713206
47,26,0.0009760427098116313,0.9846968965811322
47,27,0.0008997732819437439,0.985596669863076
47,28,0.0008208262008701358,0.9864174960639461
47,29,0.0007825770534141918,0.9872000731173604
47,30,0.0007260628024110032,0.9879261359197714
47,31,0.0007248128883967866,0.9886509488081682
47,32,0.0006673856205773192,0.9893183344287454
47,33,0.0006461167392517685,0.9899644511679971
47,34,0.0005984460561707959,0.9905628972241679
47,35,0.0005748885248809993,0.9911377857490489
47,36,0.000532539100650434,0.9916703248496993
47,37,0.000507615343114716,0.992177940192814
47,38,0.0004736894179505296,0.9926516296107646
47,39,0.0004525142986152073,0.9931041439093798
47,40,0.0004198972767825398,0.9935240411861623
47,41,0.0004054652212836015,0.9939295064074459
47,42,0.00038219045486636465,0.9943116968623122
47,43,0.00037288024441859286,0.9946845771067309
47,44,0.0003383121937871101,0.995022889300518
47,45,0.0003296128531787385,0.9953525021536967
47,46,0.0003198632921601455,0.9956723654458569
47,47,0.0003123666199669689,0.9959847320658238
47,48,0.00029989979596430923,0.9962846318617881
47,49,0.0002962972616586949,0.9965809291234468
47,50,0.00024487480624915697,0.9968258039296959
47,51,0.00024066115420509756,0.997066465083901
47,52,0.00023316395649425974,0.9972996290403953
47,53,0.00023007267532998012,0.9975297017157252
47,54,0.00021661339470592985,0.9977463151104311
47,55,0.00020842923593656547,0.9979547443463677
47,56,0.0001965495743423248,0.9981512939207102
47,57,0.00018637229910134016,0.9983376662198116
47,58,0.00018226101054149348,0.9985199272303531
47,59,0.00017652728275343322,0.9986964545131065
47,60,0.00016929445442633652,0.9988657489675329
47,61,0.00015897504796399454,0.9990247240154969
47,62,0.00015451546894012673,0.999179239484437
47,63,0.00013846869677969497,0.9993177081812167
47,64,0.0001299415466834261,0.9994476497279
47,65,0.0001262171186426871,0.9995738668465427
47,66,0.00012251131382150189,0.9996963781603642
47,67,0.00011066450453325389,0.9998070426648974
47,68,0.00010556027785136508,0.9999126029427488
47,69,8.739705725118428e-05,0.9999999999999999
48,1,0.8217015815204323,0.8217015815204323
48,2,0.04687334328486286,0.8685749248052951
48,3,0.02754861228335461,0.8961235370886497
48,4,0.017188446366327763,0.9133119834549774
48,5,0.013656265132130875,0.9269682485871084
48,6,0.00787462530460572,0.934842873891714
48,7,0.006358240889391335,0.9412011147811054
48,8,0.005563472462404751,0.9467645872435101
48,9,0.005140383067138956,0.951904970310649
48,10,0.003665043190156222,0.9555700135008053
48,11,0.0035810431452203604,0.9591510566460256
48,12,0.003278439554648104,0.9624294962006738
48,13,0.0029596959770425745,0.9653891921777163
48,14,0.0026702659713358197,0.9680594581490521
48,15,0.002250601527555979,0.9703100596766081
48,16,0.002190981593084795,0.972501041269693
48,17,0.002065358944642042,0.9745664002143349
48,18,0.0017261540186864336,0.9762925542330214
48,19,0.0016657050405516857,0.977958259273573
48,20,0.0015447465053214343,0.9795030057788945
48,21,0.0013677952449120633,0.9808708010238065
48,22,0.0012727396328974028,0.982143540656704
48,23,0.001076320783275202,0.9832198614399792
48,24,0.0010229765041692442,0.9842428379441486
48,25,0.0009392167816374753,0.985182054725786
48,26,0.0008963084229508952,0.9860783631487369
48,27,0.0008176231950246143,0.9868959863437615
48,28,0.0007549006875774936,0.987650887031339
48,29,0.0007312390260212462,0.9883821260573602
48,30,0.0006586114195852633,0.9890407374769454
48,31,0.0006543922314324439,0.9896951297083779
48,32,0.0005944885169360414,0.9902896182253139
48,33,0.0005784934338559195,0.9908681116591699
48,34,0.0005478185323204423,0.9914159301914903
48,35,0.0005195280225597831,0.9919354582140502
48,36,0.00047012504400591334,0.9924055832580561
48,37,0.0004655132904989203,0.992871096548555
48,38,0.00041856451914080273,0.9932896610676958
48,39,0.00040347475881065094,0.9936931358265064
48,40,0.0003752322618998801,0.9940683680884062
48,41,0.0003532587907847265,0.9944216268791909
48,42,0.0003467048191984085,0.9947683316983893
48,43,0.00033805549469151,0.9951063871930808
48,44,0.0003283485804859607,0.9954347357735667
48,45,0.00030529661680984505,0.9957400323903766
48,46,0.00028996668765518573,0.9960299990780318
48,47,0.00027903485825967123,0.9963090339362914
48,48,0.0002707960059476217,0.9965798299422391
48,49,0.00026131996421399926,0.9968411499064531
48,50,0.00023657244563253765,0.9970777223520857
48,51,0.00022981508758860715,0.9973075374396743
48,52,0.000227980286968207,0.9975355177266425
48,53,0.00020059677318375206,0.9977361144998262
48,54,0.00019744285228128074,0.9979335573521075
48,55,0.0001886886364741153,0.9981222459885817
48,56,0.00018713276174893315,0.9983093787503305
48,57,0.00016959799780920636,0.9984789767481398
48,58,0.00016510507897397558,0.9986440818271137
48,59,0.00015493310451730928,0.998799014931631
48,60,0.00015125633587846266,0.9989502712675095
48,61,0.0001414211082189355,0.9990916923757284
48,62,0.00013301807814110287,0.9992247104538695
48,63,0.00013080136624473302,0.9993555118201143
48,64,0.00012073498855231974,0.9994762468086665
48,65,0.00011784944355148711,0.9995940962522181
48,66,0.00011238210999922077,0.9997064783622173
48,67,0.0001076069190325307,0.9998140852812498
48,68,9.937622505869307e-05,0.9999134615063086
48,69,8.653849369121778e-05,0.9999999999999998
49,1,0.8056040674861692,0.8056040674861692
49,2,0.05123476927658473,0.856838836762754
49,3,0.031406898865424235,0.8882457356281782
49,4,0.01751414141656048,0.9057598770447387
49,5,0.015115658921699828,0.9208755359664386
49,6,0.008508762889008389,0.9293842988554469
49,7,0.007349703423205782,0.9367340022786527
49,8,0.006530184692208089,0.9432641869708608
49,9,0.004592440215341197,0.947856627186202
49,10,0.004184768771298204,0.9520413959575003
49,11,0.004089439962510169,0.9561308359200105
49,12,0.003690236586399017,0.9598210725064095
49,13,0.003291566820610525,0.96311263932702
49,14,0.002928544915139406,0.9660411842421593
49,15,0.0026142380480343157,0.9686554222901936
49,16,0.0022164811485341947,0.9708719034387278
49,17,0.001952171058936642,0.9728240744976644
49,18,0.0018378434868335713,0.974661917984498
49,19,0.001747286182841754,0.9764092041673397
49,20,0.001650182787472522,0.9780593869548122
49,21,0.0014407814278401534,0.9795001683826523
49,22,0.0012690007144636319,0.980769169097116
49,23,0.0012247615083986175,0.9819939306055145
49,24,0.001113393846341044,0.9831073244518557
49,25,0.0010335229233833405,0.984140847375239
49,26,0.000929221153731577,0.9850700685289706
49,27,0.0008662691399389256,0.9859363376689095
49,28,0.0008377874129560755,0.9867741250818656
49,29,0.0007297175776424879,0.9875038426595081
49,30,0.0006944352925344507,0.9881982779520425
49,31,0.0006801103092536171,0.9888783882612961
49,32,0.0006310286289955956,0.9895094168902917
49,33,0.0006278301521445499,0.9901372470424362
49,34,0.0005923405682254933,0.9907295876106618
49,35,0.0005427990154595137,0.9912723866261213
49,36,0.0005180421311402366,0.9917904287572615
49,37,0.0004753177622161642,0.9922657465194777
49,38,0.0004516804321900546,0.9927174269516678
49,39,0.0004273425940833337,0.993144769545751
49,40,0.00041821087012141207,0.9935629804158724
49,41,0.00040133344345543527,0.9939643138593278
49,42,0.0003812947092161129,0.9943456085685439
49,43,0.00036636965792124723,0.9947119782264652
49,44,0.0003479413731564056,0.9950599195996216
49,45,0.0003303486314546043,0.9953902682310762
49,46,0.00031575675685326777,0.9957060249879295
49,47,0.0002996581468539082,0.9960056831347834
49,48,0.00028221716469499204,0.9962879002994783
49,49,0.000279212958849411,0.9965671132583277
49,50,0.00025701792836588423,0.9968241311866936
49,51,0.0002507648871734042,0.9970748960738669
49,52,0.0002501758380139704,0.9973250719118809
49,53,0.00022320329890656492,0.9975482752107875
49,54,0.00021768422094300827,0.9977659594317305
49,55,0.0002083477938672292,0.9979743072255978
49,56,0.00019578750757392647,0.9981700947331718
49,57,0.00019228753480269518,0.9983623822679745
49,58,0.00018126004160677042,0.9985436423095813
49,59,0.00017077167236812034,0.9987144139819494
49,60,0.00015904805895437197,0.9988734620409038
49,61,0.0001535517154948222,0.9990270137563986
49,62,0.0001471374009644449,0.999174151157363
49,63,0.00013888524549205048,0.9993130364028551
49,64,0.00013125024082496811,0.99944428664368
49,65,0.0001295764766682451,0.9995738631203482
49,66,0.00012213465720122726,0.9996959977775495
49,67,0.00011032515003189977,0.9998063229275814
49,68,9.994872558537055e-05,0.9999062716531668
49,69,9.372834683280183e-05,0.9999999999999997
