max_features,representation,n_neighbors,weights,metric,mean_macro_f1,mean_accuracy,mean_sensitivity,mean_specificity
100,raw,1,uniform,euclidean,0.43761975450776774,0.48333333333333334,0.6063636363636363,0.29
100,raw,1,uniform,cosine,0.43761975450776774,0.48333333333333334,0.6063636363636363,0.29
100,raw,1,distance,euclidean,0.43761975450776774,0.48333333333333334,0.6063636363636363,0.29
100,raw,1,distance,cosine,0.43761975450776774,0.48333333333333334,0.6063636363636363,0.29
100,raw,3,uniform,euclidean,0.4521308343973272,0.52,0.6945454545454547,0.2457142857142857
100,raw,3,uniform,cosine,0.4521308343973272,0.52,0.6945454545454547,0.2457142857142857
100,raw,3,distance,euclidean,0.4521308343973272,0.52,0.6945454545454547,0.2457142857142857
100,raw,3,distance,cosine,0.4521308343973272,0.52,0.6945454545454547,0.2457142857142857
100,raw,5,uniform,euclidean,0.47438372686090075,0.5477777777777778,0.7427272727272728,0.24142857142857135
100,raw,5,uniform,cosine,0.47438372686090075,0.5477777777777778,0.7427272727272728,0.24142857142857135
100,raw,5,distance,euclidean,0.47438372686090075,0.5477777777777778,0.7427272727272728,0.24142857142857135
100,raw,5,distance,cosine,0.47438372686090075,0.5477777777777778,0.7427272727272728,0.24142857142857135
100,raw,7,uniform,euclidean,0.48641276848533216,0.5783333333333335,0.8072727272727275,0.2185714285714285
100,raw,7,uniform,cosine,0.48641276848533216,0.5783333333333335,0.8072727272727275,0.2185714285714285
100,raw,7,distance,euclidean,0.48641276848533216,0.5783333333333335,0.8072727272727275,0.2185714285714285
100,raw,7,distance,cosine,0.48641276848533216,0.5783333333333335,0.8072727272727275,0.2185714285714285
100,raw,9,uniform,euclidean,0.49423066537826665,0.59,0.8236363636363636,0.2228571428571428
100,raw,9,uniform,cosine,0.49423066537826665,0.59,0.8236363636363636,0.2228571428571428
100,raw,9,distance,euclidean,0.49423066537826665,0.59,0.8236363636363636,0.2228571428571428
100,raw,9,distance,cosine,0.49423066537826665,0.59,0.8236363636363636,0.2228571428571428
100,raw,11,uniform,euclidean,0.4933818160267186,0.5977777777777779,0.8454545454545455,0.20857142857142855
100,raw,11,uniform,cosine,0.4933818160267186,0.5977777777777779,0.8454545454545455,0.20857142857142855
100,raw,11,distance,euclidean,0.4933818160267186,0.5977777777777779,0.8454545454545455,0.20857142857142855
100,raw,11,distance,cosine,0.4933818160267186,0.5977777777777779,0.8454545454545455,0.20857142857142855
100,raw,15,uniform,euclidean,0.5155251482844436,0.6227777777777779,0.8836363636363636,0.2128571428571428
100,raw,15,uniform,cosine,0.5155251482844436,0.6227777777777779,0.8836363636363636,0.2128571428571428
100,raw,15,distance,euclidean,0.5155251482844436,0.6227777777777779,0.8836363636363636,0.2128571428571428
100,raw,15,distance,cosine,0.5155251482844436,0.6227777777777779,0.8836363636363636,0.2128571428571428
100,raw,21,uniform,euclidean,0.5012453337350639,0.625,0.9090909090909091,0.17857142857142858
100,raw,21,uniform,cosine,0.5012453337350639,0.625,0.9090909090909091,0.17857142857142858
100,raw,21,distance,euclidean,0.5012453337350639,0.625,0.9090909090909091,0.17857142857142858
100,raw,21,distance,cosine,0.49961024659997677,0.6244444444444445,0.91,0.17571428571428574
100,pca,1,uniform,euclidean,0.46284243519513746,0.5083333333333333,0.6363636363636364,0.30714285714285705
100,pca,1,uniform,cosine,0.46436363670198316,0.5122222222222222,0.6427272727272728,0.30714285714285705
100,pca,1,distance,euclidean,0.46284243519513746,0.5083333333333333,0.6363636363636364,0.30714285714285705
100,pca,1,distance,cosine,0.46436363670198316,0.5122222222222222,0.6427272727272728,0.30714285714285705
100,pca,3,uniform,euclidean,0.4743662257227475,0.5405555555555556,0.7154545454545456,0.2657142857142857
100,pca,3,uniform,cosine,0.5014341848167936,0.57,0.7572727272727274,0.27571428571428563
100,pca,3,distance,euclidean,0.4743662257227475,0.5405555555555556,0.7154545454545456,0.2657142857142857
100,pca,3,distance,cosine,0.5014341848167936,0.57,0.7572727272727274,0.27571428571428563
100,pca,5,uniform,euclidean,0.4874621057160061,0.5588888888888889,0.7472727272727272,0.26285714285714284
100,pca,5,uniform,cosine,0.5157936154425284,0.5938888888888889,0.8018181818181819,0.26714285714285707
100,pca,5,distance,euclidean,0.4874621057160061,0.5588888888888889,0.7472727272727272,0.26285714285714284
100,pca,5,distance,cosine,0.5162117972607103,0.5944444444444444,0.8027272727272726,0.26714285714285707
100,pca,7,uniform,euclidean,0.5091768117050359,0.5888888888888889,0.7945454545454546,0.2657142857142857
100,pca,7,uniform,cosine,0.5013634797846942,0.5855555555555556,0.8036363636363637,0.2428571428571428
100,pca,7,distance,euclidean,0.5091768117050359,0.5888888888888889,0.7945454545454546,0.2657142857142857
100,pca,7,distance,cosine,0.49998604562465127,0.585,0.8045454545454547,0.23999999999999996
100,pca,9,uniform,euclidean,0.5071760320611145,0.5961111111111111,0.8190909090909089,0.24571428571428566
100,pca,9,uniform,cosine,0.506735613528567,0.5966666666666667,0.8272727272727274,0.23428571428571424
100,pca,9,distance,euclidean,0.5071760320611145,0.5961111111111111,0.8190909090909089,0.24571428571428566
100,pca,9,distance,cosine,0.5055155074671567,0.5966666666666667,0.8290909090909092,0.2314285714285714
100,pca,11,uniform,euclidean,0.5205077749836371,0.6116666666666667,0.8390909090909089,0.2542857142857142
100,pca,11,uniform,cosine,0.5017488324213961,0.5961111111111113,0.8336363636363636,0.22285714285714278
100,pca,11,distance,euclidean,0.5205077749836371,0.6116666666666667,0.8390909090909089,0.2542857142857142
100,pca,11,distance,cosine,0.5009215731267456,0.5966666666666669,0.8363636363636363,0.21999999999999992
100,pca,15,uniform,euclidean,0.5005315951109803,0.6116666666666668,0.8763636363636362,0.19571428571428565
100,pca,15,uniform,cosine,0.4965016793356007,0.6066666666666668,0.8672727272727272,0.19714285714285712
100,pca,15,distance,euclidean,0.5005315951109803,0.6116666666666668,0.8763636363636362,0.19571428571428565
100,pca,15,distance,cosine,0.4959007764681311,0.6083333333333334,0.8727272727272728,0.1928571428571428
100,pca,21,uniform,euclidean,0.48146695832902736,0.6194444444444445,0.9190909090909091,0.14857142857142852
100,pca,21,uniform,cosine,0.47906062012838624,0.6044444444444446,0.8836363636363634,0.1657142857142857
100,pca,21,distance,euclidean,0.48146695832902736,0.6194444444444445,0.9190909090909091,0.14857142857142852
100,pca,21,distance,cosine,0.4819646534139413,0.6072222222222222,0.8872727272727272,0.16714285714285712
100,embedkit_unsup,1,uniform,euclidean,0.49609795623641695,0.5377777777777777,0.6563636363636364,0.3514285714285715
100,embedkit_unsup,1,uniform,cosine,0.49609795623641695,0.5377777777777777,0.6563636363636364,0.3514285714285715
100,embedkit_unsup,1,distance,euclidean,0.49609795623641695,0.5377777777777777,0.6563636363636364,0.3514285714285715
100,embedkit_unsup,1,distance,cosine,0.49609795623641695,0.5377777777777777,0.6563636363636364,0.3514285714285715
100,embedkit_unsup,3,uniform,euclidean,0.5094578843849473,0.5688888888888889,0.7345454545454547,0.3085714285714285
100,embedkit_unsup,3,uniform,cosine,0.5094578843849473,0.5688888888888889,0.7345454545454547,0.3085714285714285
100,embedkit_unsup,3,distance,euclidean,0.5094578843849473,0.5688888888888889,0.7345454545454547,0.3085714285714285
100,embedkit_unsup,3,distance,cosine,0.5078823456720786,0.5666666666666668,0.730909090909091,0.3085714285714285
100,embedkit_unsup,5,uniform,euclidean,0.5056422431974156,0.5794444444444445,0.7727272727272728,0.27571428571428563
100,embedkit_unsup,5,uniform,cosine,0.5056422431974156,0.5794444444444445,0.7727272727272728,0.27571428571428563
100,embedkit_unsup,5,distance,euclidean,0.5056422431974156,0.5794444444444445,0.7727272727272728,0.27571428571428563
100,embedkit_unsup,5,distance,cosine,0.5066419529884297,0.5794444444444445,0.7709090909090911,0.27857142857142847
100,embedkit_unsup,7,uniform,euclidean,0.503562852446848,0.5905555555555556,0.8090909090909087,0.24714285714285708
100,embedkit_unsup,7,uniform,cosine,0.503562852446848,0.5905555555555556,0.8090909090909087,0.24714285714285708
100,embedkit_unsup,7,distance,euclidean,0.503562852446848,0.5905555555555556,0.8090909090909087,0.24714285714285708
100,embedkit_unsup,7,distance,cosine,0.49938669327368734,0.5866666666666667,0.8045454545454542,0.2442857142857142
100,embedkit_unsup,9,uniform,euclidean,0.49619341835215147,0.5938888888888889,0.8272727272727272,0.2271428571428571
100,embedkit_unsup,9,uniform,cosine,0.49619341835215147,0.5938888888888889,0.8272727272727272,0.2271428571428571
100,embedkit_unsup,9,distance,euclidean,0.49619341835215147,0.5938888888888889,0.8272727272727272,0.2271428571428571
100,embedkit_unsup,9,distance,cosine,0.4930781553681479,0.5911111111111111,0.8236363636363635,0.22571428571428565
100,embedkit_unsup,11,uniform,euclidean,0.49499413306999507,0.6016666666666667,0.8554545454545454,0.20285714285714282
100,embedkit_unsup,11,uniform,cosine,0.49499413306999507,0.6016666666666667,0.8554545454545454,0.20285714285714282
100,embedkit_unsup,11,distance,euclidean,0.49499413306999507,0.6016666666666667,0.8554545454545454,0.20285714285714282
100,embedkit_unsup,11,distance,cosine,0.49428083527056543,0.6005555555555556,0.8527272727272726,0.20428571428571424
100,embedkit_unsup,15,uniform,euclidean,0.4629999479392282,0.6033333333333334,0.8963636363636363,0.14285714285714285
100,embedkit_unsup,15,uniform,cosine,0.4629999479392282,0.6033333333333334,0.8963636363636363,0.14285714285714285
100,embedkit_unsup,15,distance,euclidean,0.4629999479392282,0.6033333333333334,0.8963636363636363,0.14285714285714285
100,embedkit_unsup,15,distance,cosine,0.46715737521404693,0.6027777777777777,0.8899999999999999,0.15142857142857138
100,embedkit_unsup,21,uniform,euclidean,0.44566398431098575,0.6055555555555556,0.9245454545454543,0.10428571428571427
100,embedkit_unsup,21,uniform,cosine,0.44566398431098575,0.6055555555555556,0.9245454545454543,0.10428571428571427
100,embedkit_unsup,21,distance,euclidean,0.4441182874152889,0.6044444444444445,0.9236363636363635,0.10285714285714283
100,embedkit_unsup,21,distance,cosine,0.4411028340946631,0.6005555555555556,0.9163636363636363,0.10428571428571427
100,embedkit_sup,1,uniform,euclidean,0.49487068350914426,0.5361111111111111,0.6527272727272729,0.3528571428571429
100,embedkit_sup,1,uniform,cosine,0.49487068350914426,0.5361111111111111,0.6527272727272729,0.3528571428571429
100,embedkit_sup,1,distance,euclidean,0.49487068350914426,0.5361111111111111,0.6527272727272729,0.3528571428571429
100,embedkit_sup,1,distance,cosine,0.49487068350914426,0.5361111111111111,0.6527272727272729,0.3528571428571429
100,embedkit_sup,3,uniform,euclidean,0.5060078843849474,0.5661111111111111,0.7327272727272728,0.3042857142857142
100,embedkit_sup,3,uniform,cosine,0.5060078843849474,0.5661111111111111,0.7327272727272728,0.3042857142857142
100,embedkit_sup,3,distance,euclidean,0.5060078843849474,0.5661111111111111,0.7327272727272728,0.3042857142857142
100,embedkit_sup,3,distance,cosine,0.5044323456720786,0.5638888888888889,0.7290909090909092,0.3042857142857142
100,embedkit_sup,5,uniform,euclidean,0.5012191662743387,0.5761111111111112,0.7709090909090911,0.2699999999999999
100,embedkit_sup,5,uniform,cosine,0.5012191662743387,0.5761111111111112,0.7709090909090911,0.2699999999999999
100,embedkit_sup,5,distance,euclidean,0.5012191662743387,0.5761111111111112,0.7709090909090911,0.2699999999999999
100,embedkit_sup,5,distance,cosine,0.5022188760653529,0.5761111111111112,0.7690909090909092,0.27285714285714274
100,embedkit_sup,7,uniform,euclidean,0.5040357013370882,0.5905555555555556,0.8081818181818179,0.2485714285714285
100,embedkit_sup,7,uniform,cosine,0.5040357013370882,0.5905555555555556,0.8081818181818179,0.2485714285714285
100,embedkit_sup,7,distance,euclidean,0.5040357013370882,0.5905555555555556,0.8081818181818179,0.2485714285714285
100,embedkit_sup,7,distance,cosine,0.4998595421639275,0.5866666666666667,0.8036363636363635,0.24571428571428564
100,embedkit_sup,9,uniform,euclidean,0.49523677499550806,0.5933333333333334,0.8272727272727272,0.22571428571428565
100,embedkit_sup,9,uniform,cosine,0.49523677499550806,0.5933333333333334,0.8272727272727272,0.22571428571428565
100,embedkit_sup,9,distance,euclidean,0.49523677499550806,0.5933333333333334,0.8272727272727272,0.22571428571428565
100,embedkit_sup,9,distance,cosine,0.49212151201150456,0.5905555555555556,0.8236363636363635,0.2242857142857142
100,embedkit_sup,11,uniform,euclidean,0.49571116603702814,0.6027777777777779,0.8572727272727271,0.20285714285714282
100,embedkit_sup,11,uniform,cosine,0.49571116603702814,0.6027777777777779,0.8572727272727271,0.20285714285714282
100,embedkit_sup,11,distance,euclidean,0.49571116603702814,0.6027777777777779,0.8572727272727271,0.20285714285714282
100,embedkit_sup,11,distance,cosine,0.4949978682375984,0.6016666666666667,0.8545454545454544,0.20428571428571424
100,embedkit_sup,15,uniform,euclidean,0.46448142942070975,0.6044444444444445,0.8972727272727272,0.14428571428571427
100,embedkit_sup,15,uniform,cosine,0.46448142942070975,0.6044444444444445,0.8972727272727272,0.14428571428571427
100,embedkit_sup,15,distance,euclidean,0.46448142942070975,0.6044444444444445,0.8972727272727272,0.14428571428571427
100,embedkit_sup,15,distance,cosine,0.46863885669552835,0.6038888888888889,0.8909090909090908,0.15285714285714283
100,embedkit_sup,21,uniform,euclidean,0.4438292264762279,0.6038888888888889,0.9227272727272725,0.10285714285714284
100,embedkit_sup,21,uniform,cosine,0.4438292264762279,0.6038888888888889,0.9227272727272725,0.10285714285714284
100,embedkit_sup,21,distance,euclidean,0.4422835295805311,0.6027777777777777,0.9218181818181815,0.10142857142857141
100,embedkit_sup,21,distance,cosine,0.4403858011276302,0.5994444444444444,0.9145454545454544,0.10428571428571427
100,corr_0.7,1,uniform,euclidean,0.45878764435897634,0.5077777777777778,0.6436363636363636,0.29428571428571415
100,corr_0.7,1,uniform,cosine,0.4552924107831564,0.5016666666666666,0.6318181818181818,0.29714285714285704
100,corr_0.7,1,distance,euclidean,0.45878764435897634,0.5077777777777778,0.6436363636363636,0.29428571428571415
100,corr_0.7,1,distance,cosine,0.4552924107831564,0.5016666666666666,0.6318181818181818,0.29714285714285704
100,corr_0.7,3,uniform,euclidean,0.4406638524109316,0.5166666666666667,0.7072727272727272,0.21714285714285708
100,corr_0.7,3,uniform,cosine,0.45283554830725387,0.5155555555555555,0.6772727272727274,0.2614285714285714
100,corr_0.7,3,distance,euclidean,0.4406638524109316,0.5166666666666667,0.7072727272727272,0.21714285714285708
100,corr_0.7,3,distance,cosine,0.45283554830725387,0.5155555555555555,0.6772727272727274,0.2614285714285714
100,corr_0.7,5,uniform,euclidean,0.42718173225111244,0.5233333333333333,0.7490909090909093,0.1685714285714285
100,corr_0.7,5,uniform,cosine,0.46063581862405056,0.5377777777777778,0.7327272727272727,0.23142857142857134
100,corr_0.7,5,distance,euclidean,0.42718173225111244,0.5233333333333333,0.7490909090909093,0.1685714285714285
100,corr_0.7,5,distance,cosine,0.46063581862405056,0.5377777777777778,0.7327272727272727,0.23142857142857134
100,corr_0.7,7,uniform,euclidean,0.4483900843395596,0.5533333333333333,0.7981818181818181,0.1685714285714285
100,corr_0.7,7,uniform,cosine,0.47096854860115733,0.5583333333333333,0.7754545454545455,0.21714285714285708
100,corr_0.7,7,distance,euclidean,0.4483900843395596,0.5533333333333333,0.7981818181818181,0.1685714285714285
100,corr_0.7,7,distance,cosine,0.47096854860115733,0.5583333333333333,0.7754545454545455,0.21714285714285708
100,corr_0.7,9,uniform,euclidean,0.45178949785014255,0.5666666666666667,0.8272727272727272,0.1571428571428571
100,corr_0.7,9,uniform,cosine,0.469304156513152,0.5677777777777778,0.8027272727272726,0.1985714285714285
100,corr_0.7,9,distance,euclidean,0.45178949785014255,0.5666666666666667,0.8272727272727272,0.1571428571428571
100,corr_0.7,9,distance,cosine,0.469304156513152,0.5677777777777778,0.8027272727272726,0.1985714285714285
100,corr_0.7,11,uniform,euclidean,0.4626333911160747,0.5883333333333334,0.8654545454545455,0.15285714285714286
100,corr_0.7,11,uniform,cosine,0.4699584296984597,0.5816666666666667,0.8390909090909092,0.17714285714285707
100,corr_0.7,11,distance,euclidean,0.4626333911160747,0.5883333333333334,0.8654545454545455,0.15285714285714286
100,corr_0.7,11,distance,cosine,0.4699584296984597,0.5816666666666667,0.8390909090909092,0.17714285714285707
100,corr_0.7,15,uniform,euclidean,0.48267363447535855,0.6116666666666666,0.9,0.15857142857142856
100,corr_0.7,15,uniform,cosine,0.4855094514597513,0.6033333333333334,0.8772727272727273,0.17285714285714282
100,corr_0.7,15,distance,euclidean,0.48267363447535855,0.6116666666666666,0.9,0.15857142857142856
100,corr_0.7,15,distance,cosine,0.4840279699782698,0.6022222222222223,0.8763636363636365,0.17142857142857137
100,corr_0.7,21,uniform,euclidean,0.45802396447741267,0.6138888888888889,0.9345454545454543,0.10999999999999999
100,corr_0.7,21,uniform,cosine,0.48637587903794804,0.6238888888888889,0.9254545454545453,0.15
100,corr_0.7,21,distance,euclidean,0.45802396447741267,0.6138888888888889,0.9345454545454543,0.10999999999999999
100,corr_0.7,21,distance,cosine,0.48329234220441114,0.6222222222222222,0.9254545454545453,0.14571428571428569
100,corr_0.8,1,uniform,euclidean,0.447322860486806,0.5011111111111112,0.6463636363636364,0.27285714285714274
100,corr_0.8,1,uniform,cosine,0.4553024909633672,0.5033333333333334,0.6354545454545454,0.29571428571428565
100,corr_0.8,1,distance,euclidean,0.447322860486806,0.5011111111111112,0.6463636363636364,0.27285714285714274
100,corr_0.8,1,distance,cosine,0.4553024909633672,0.5033333333333334,0.6354545454545454,0.29571428571428565
100,corr_0.8,3,uniform,euclidean,0.44712875176353445,0.5233333333333334,0.7136363636363634,0.22428571428571423
100,corr_0.8,3,uniform,cosine,0.4549721832109402,0.5166666666666668,0.6772727272727274,0.2642857142857142
100,corr_0.8,3,distance,euclidean,0.44712875176353445,0.5233333333333334,0.7136363636363634,0.22428571428571423
100,corr_0.8,3,distance,cosine,0.4549721832109402,0.5166666666666668,0.6772727272727274,0.2642857142857142
100,corr_0.8,5,uniform,euclidean,0.45641096112782775,0.5444444444444444,0.7600000000000001,0.20571428571428566
100,corr_0.8,5,uniform,cosine,0.48270097703025094,0.5511111111111111,0.7318181818181819,0.26714285714285707
100,corr_0.8,5,distance,euclidean,0.45641096112782775,0.5444444444444444,0.7600000000000001,0.20571428571428566
100,corr_0.8,5,distance,cosine,0.48270097703025094,0.5511111111111111,0.7318181818181819,0.26714285714285707
100,corr_0.8,7,uniform,euclidean,0.4658286745211033,0.5683333333333332,0.8118181818181819,0.1857142857142856
100,corr_0.8,7,uniform,cosine,0.48807421100194714,0.5738888888888889,0.791818181818182,0.23142857142857134
100,corr_0.8,7,distance,euclidean,0.4658286745211033,0.5683333333333332,0.8118181818181819,0.1857142857142856
100,corr_0.8,7,distance,cosine,0.48807421100194714,0.5738888888888889,0.791818181818182,0.23142857142857134
100,corr_0.8,9,uniform,euclidean,0.478187066035192,0.5877777777777778,0.8445454545454544,0.18428571428571425
100,corr_0.8,9,uniform,cosine,0.4841159671523989,0.5805555555555556,0.8127272727272726,0.21571428571428564
100,corr_0.8,9,distance,euclidean,0.478187066035192,0.5877777777777778,0.8445454545454544,0.18428571428571425
100,corr_0.8,9,distance,cosine,0.4841159671523989,0.5805555555555556,0.8127272727272726,0.21571428571428564
100,corr_0.8,11,uniform,euclidean,0.4865236577459966,0.6050000000000001,0.8763636363636365,0.17857142857142855
100,corr_0.8,11,uniform,cosine,0.4813472968560675,0.5961111111111111,0.860909090909091,0.17999999999999997
100,corr_0.8,11,distance,euclidean,0.4865236577459966,0.6050000000000001,0.8763636363636365,0.17857142857142855
100,corr_0.8,11,distance,cosine,0.4813472968560675,0.5961111111111111,0.860909090909091,0.17999999999999997
100,corr_0.8,15,uniform,euclidean,0.4830532665846009,0.6099999999999999,0.8936363636363636,0.16428571428571426
100,corr_0.8,15,uniform,cosine,0.49624113758139243,0.6088888888888889,0.8763636363636365,0.18857142857142853
100,corr_0.8,15,distance,euclidean,0.4830532665846009,0.6099999999999999,0.8936363636363636,0.16428571428571426
100,corr_0.8,15,distance,cosine,0.4942318135720684,0.6077777777777779,0.8763636363636365,0.1857142857142857
100,corr_0.8,21,uniform,euclidean,0.45883100692411033,0.6133333333333334,0.9327272727272725,0.1114285714285714
100,corr_0.8,21,uniform,cosine,0.48032684770113554,0.6177777777777779,0.9181818181818181,0.14571428571428569
100,corr_0.8,21,distance,euclidean,0.45883100692411033,0.6133333333333334,0.9327272727272725,0.1114285714285714
100,corr_0.8,21,distance,cosine,0.48032684770113554,0.6177777777777779,0.9181818181818181,0.14571428571428569
100,corr_0.9,1,uniform,euclidean,0.4281411224974255,0.4777777777777777,0.6109090909090908,0.2685714285714285
100,corr_0.9,1,uniform,cosine,0.43776574747684927,0.4822222222222222,0.6027272727272727,0.29285714285714276
100,corr_0.9,1,distance,euclidean,0.4281411224974255,0.4777777777777777,0.6109090909090908,0.2685714285714285
100,corr_0.9,1,distance,cosine,0.43776574747684927,0.4822222222222222,0.6027272727272727,0.29285714285714276
100,corr_0.9,3,uniform,euclidean,0.43214697484480097,0.5022222222222222,0.6809090909090911,0.22142857142857136
100,corr_0.9,3,uniform,cosine,0.4361247921544463,0.4955555555555556,0.6536363636363636,0.24714285714285708
100,corr_0.9,3,distance,euclidean,0.43214697484480097,0.5022222222222222,0.6809090909090911,0.22142857142857136
100,corr_0.9,3,distance,cosine,0.4361247921544463,0.4955555555555556,0.6536363636363636,0.24714285714285708
100,corr_0.9,5,uniform,euclidean,0.4617933601016822,0.54,0.7409090909090911,0.2242857142857142
100,corr_0.9,5,uniform,cosine,0.4647746236046849,0.5333333333333333,0.7172727272727275,0.24428571428571424
100,corr_0.9,5,distance,euclidean,0.4617933601016822,0.54,0.7409090909090911,0.2242857142857142
100,corr_0.9,5,distance,cosine,0.4647746236046849,0.5333333333333333,0.7172727272727275,0.24428571428571424
100,corr_0.9,7,uniform,euclidean,0.48739691148986497,0.5811111111111111,0.8127272727272729,0.21714285714285708
100,corr_0.9,7,uniform,cosine,0.4847331451032724,0.5761111111111111,0.8018181818181819,0.22142857142857136
100,corr_0.9,7,distance,euclidean,0.48739691148986497,0.5811111111111111,0.8127272727272729,0.21714285714285708
100,corr_0.9,7,distance,cosine,0.4847331451032724,0.5761111111111111,0.8018181818181819,0.22142857142857136
100,corr_0.9,9,uniform,euclidean,0.481830152083188,0.5894444444444445,0.8418181818181819,0.1928571428571428
100,corr_0.9,9,uniform,cosine,0.4856313311237599,0.5866666666666667,0.8299999999999998,0.20428571428571424
100,corr_0.9,9,distance,euclidean,0.481830152083188,0.5894444444444445,0.8418181818181819,0.1928571428571428
100,corr_0.9,9,distance,cosine,0.4856313311237599,0.5866666666666667,0.8299999999999998,0.20428571428571424
100,corr_0.9,11,uniform,euclidean,0.4792187675087975,0.5950000000000001,0.86,0.1785714285714285
100,corr_0.9,11,uniform,cosine,0.48690202264557586,0.5972222222222223,0.8545454545454547,0.19285714285714278
100,corr_0.9,11,distance,euclidean,0.4792187675087975,0.5950000000000001,0.86,0.1785714285714285
100,corr_0.9,11,distance,cosine,0.48690202264557586,0.5972222222222223,0.8545454545454547,0.19285714285714278
100,corr_0.9,15,uniform,euclidean,0.5004720925501285,0.6183333333333334,0.8936363636363636,0.1857142857142856
100,corr_0.9,15,uniform,cosine,0.5081959888770233,0.6205555555555556,0.8881818181818183,0.1999999999999999
100,corr_0.9,15,distance,euclidean,0.5004720925501285,0.6183333333333334,0.8936363636363636,0.1857142857142856
100,corr_0.9,15,distance,cosine,0.5081959888770233,0.6205555555555556,0.8881818181818183,0.1999999999999999
100,corr_0.9,21,uniform,euclidean,0.4836847834435541,0.6188888888888889,0.9163636363636364,0.15142857142857138
100,corr_0.9,21,uniform,cosine,0.5017070196864051,0.6249999999999999,0.9099999999999998,0.17714285714285713
100,corr_0.9,21,distance,euclidean,0.4836847834435541,0.6188888888888889,0.9163636363636364,0.15142857142857138
100,corr_0.9,21,distance,cosine,0.5008259008052862,0.6244444444444444,0.9099999999999998,0.17571428571428566
100,corr_0.95,1,uniform,euclidean,0.42298231278512943,0.4727777777777778,0.6072727272727273,0.26142857142857134
100,corr_0.95,1,uniform,cosine,0.4352598801924957,0.47888888888888886,0.5981818181818181,0.29142857142857137
100,corr_0.95,1,distance,euclidean,0.42298231278512943,0.4727777777777778,0.6072727272727273,0.26142857142857134
100,corr_0.95,1,distance,cosine,0.4352598801924957,0.47888888888888886,0.5981818181818181,0.29142857142857137
100,corr_0.95,3,uniform,euclidean,0.4303550774905736,0.5022222222222222,0.6827272727272728,0.2185714285714285
100,corr_0.95,3,uniform,cosine,0.4356095218377491,0.49611111111111117,0.6563636363636364,0.2442857142857142
100,corr_0.95,3,distance,euclidean,0.4303550774905736,0.5022222222222222,0.6827272727272728,0.2185714285714285
100,corr_0.95,3,distance,cosine,0.4356095218377491,0.49611111111111117,0.6563636363636364,0.2442857142857142
100,corr_0.95,5,uniform,euclidean,0.4553837680833946,0.5344444444444444,0.7363636363636366,0.21714285714285708
100,corr_0.95,5,uniform,cosine,0.46213167444434444,0.5316666666666667,0.7172727272727275,0.23999999999999994
100,corr_0.95,5,distance,euclidean,0.4553837680833946,0.5344444444444444,0.7363636363636366,0.21714285714285708
100,corr_0.95,5,distance,cosine,0.46213167444434444,0.5316666666666667,0.7172727272727275,0.23999999999999994
100,corr_0.95,7,uniform,euclidean,0.48854482789130466,0.5833333333333335,0.8172727272727272,0.21571428571428566
100,corr_0.95,7,uniform,cosine,0.4808291766079996,0.5738888888888889,0.8018181818181819,0.21571428571428566
100,corr_0.95,7,distance,euclidean,0.48854482789130466,0.5833333333333335,0.8172727272727272,0.21571428571428566
100,corr_0.95,7,distance,cosine,0.4808291766079996,0.5738888888888889,0.8018181818181819,0.21571428571428566
100,corr_0.95,9,uniform,euclidean,0.482862180025261,0.5877777777777778,0.8363636363636364,0.1971428571428571
100,corr_0.95,9,uniform,cosine,0.4841272857993247,0.5838888888888889,0.8254545454545453,0.20428571428571424
100,corr_0.95,9,distance,euclidean,0.482862180025261,0.5877777777777778,0.8363636363636364,0.1971428571428571
100,corr_0.95,9,distance,cosine,0.4841272857993247,0.5838888888888889,0.8254545454545453,0.20428571428571424
100,corr_0.95,11,uniform,euclidean,0.4770618350415202,0.5927777777777778,0.8572727272727272,0.17714285714285713
100,corr_0.95,11,uniform,cosine,0.4880587344522877,0.5972222222222223,0.8527272727272727,0.19571428571428562
100,corr_0.95,11,distance,euclidean,0.4770618350415202,0.5927777777777778,0.8572727272727272,0.17714285714285713
100,corr_0.95,11,distance,cosine,0.4880587344522877,0.5972222222222223,0.8527272727272727,0.19571428571428562
100,corr_0.95,15,uniform,euclidean,0.4967254832429495,0.6172222222222222,0.8936363636363636,0.18285714285714286
100,corr_0.95,15,uniform,cosine,0.507815363089351,0.6222222222222222,0.8918181818181818,0.1985714285714285
100,corr_0.95,15,distance,euclidean,0.4967254832429495,0.6172222222222222,0.8936363636363636,0.18285714285714286
100,corr_0.95,15,distance,cosine,0.507815363089351,0.6222222222222222,0.8918181818181818,0.1985714285714285
100,corr_0.95,21,uniform,euclidean,0.4891893936481642,0.6211111111111112,0.9145454545454546,0.15999999999999998
100,corr_0.95,21,uniform,cosine,0.5018625014970594,0.6255555555555555,0.9099999999999998,0.1785714285714285
100,corr_0.95,21,distance,euclidean,0.4891893936481642,0.6211111111111112,0.9145454545454546,0.15999999999999998
100,corr_0.95,21,distance,cosine,0.5009813826159405,0.6249999999999999,0.9099999999999998,0.17714285714285713
300,raw,1,uniform,euclidean,0.594060690417478,0.6288888888888889,0.7254545454545455,0.47714285714285715
300,raw,1,uniform,cosine,0.594060690417478,0.6288888888888889,0.7254545454545455,0.47714285714285715
300,raw,1,distance,euclidean,0.594060690417478,0.6288888888888889,0.7254545454545455,0.47714285714285715
300,raw,1,distance,cosine,0.594060690417478,0.6288888888888889,0.7254545454545455,0.47714285714285715
300,raw,3,uniform,euclidean,0.5585213841199606,0.6138888888888888,0.77,0.3685714285714285
300,raw,3,uniform,cosine,0.5585213841199606,0.6138888888888888,0.77,0.3685714285714285
300,raw,3,distance,euclidean,0.5585213841199606,0.6138888888888888,0.77,0.3685714285714285
300,raw,3,distance,cosine,0.5585213841199606,0.6138888888888888,0.77,0.3685714285714285
300,raw,5,uniform,euclidean,0.5406977385211268,0.6077777777777778,0.7863636363636366,0.32714285714285707
300,raw,5,uniform,cosine,0.5406977385211268,0.6077777777777778,0.7863636363636366,0.32714285714285707
300,raw,5,distance,euclidean,0.5406977385211268,0.6077777777777778,0.7863636363636366,0.32714285714285707
300,raw,5,distance,cosine,0.5406977385211268,0.6077777777777778,0.7863636363636366,0.32714285714285707
300,raw,7,uniform,euclidean,0.523877734182082,0.6033333333333334,0.8109090909090908,0.277142857142857
300,raw,7,uniform,cosine,0.523877734182082,0.6033333333333334,0.8109090909090908,0.277142857142857
300,raw,7,distance,euclidean,0.523877734182082,0.6033333333333334,0.8109090909090908,0.277142857142857
300,raw,7,distance,cosine,0.523877734182082,0.6033333333333334,0.8109090909090908,0.277142857142857
300,raw,9,uniform,euclidean,0.5216836766168476,0.6166666666666668,0.8509090909090908,0.24857142857142847
300,raw,9,uniform,cosine,0.5216836766168476,0.6166666666666668,0.8509090909090908,0.24857142857142847
300,raw,9,distance,euclidean,0.5216836766168476,0.6166666666666668,0.8509090909090908,0.24857142857142847
300,raw,9,distance,cosine,0.5216836766168476,0.6166666666666668,0.8509090909090908,0.24857142857142847
300,raw,11,uniform,euclidean,0.5136886402675008,0.6155555555555555,0.8618181818181816,0.22857142857142854
300,raw,11,uniform,cosine,0.5136886402675008,0.6155555555555555,0.8618181818181816,0.22857142857142854
300,raw,11,distance,euclidean,0.5136886402675008,0.6155555555555555,0.8618181818181816,0.22857142857142854
300,raw,11,distance,cosine,0.5136886402675008,0.6155555555555555,0.8618181818181816,0.22857142857142854
300,raw,15,uniform,euclidean,0.49644661121542677,0.6166666666666667,0.8918181818181816,0.18428571428571425
300,raw,15,uniform,cosine,0.49644661121542677,0.6166666666666667,0.8918181818181816,0.18428571428571425
300,raw,15,distance,euclidean,0.49644661121542677,0.6166666666666667,0.8918181818181816,0.18428571428571425
300,raw,15,distance,cosine,0.49644661121542677,0.6166666666666667,0.8918181818181816,0.18428571428571425
300,raw,21,uniform,euclidean,0.48083681147826574,0.6216666666666668,0.9245454545454546,0.14571428571428569
300,raw,21,uniform,cosine,0.48083681147826574,0.6216666666666668,0.9245454545454546,0.14571428571428569
300,raw,21,distance,euclidean,0.48083681147826574,0.6216666666666668,0.9245454545454546,0.14571428571428569
300,raw,21,distance,cosine,0.48083681147826574,0.6216666666666668,0.9245454545454546,0.14571428571428569
300,pca,1,uniform,euclidean,0.5935883199757646,0.6311111111111112,0.740909090909091,0.4585714285714285
300,pca,1,uniform,cosine,0.6136283327006372,0.6411111111111112,0.7181818181818181,0.5199999999999999
300,pca,1,distance,euclidean,0.5935883199757646,0.6311111111111112,0.740909090909091,0.4585714285714285
300,pca,1,distance,cosine,0.6136283327006372,0.6411111111111112,0.7181818181818181,0.5199999999999999
300,pca,3,uniform,euclidean,0.5888123618218077,0.6416666666666667,0.7999999999999998,0.39285714285714285
300,pca,3,uniform,cosine,0.5954086402131766,0.6416666666666667,0.7799999999999997,0.4242857142857142
300,pca,3,distance,euclidean,0.5888123618218077,0.6416666666666667,0.7999999999999998,0.39285714285714285
300,pca,3,distance,cosine,0.5954086402131766,0.6416666666666667,0.7799999999999997,0.4242857142857142
300,pca,5,uniform,euclidean,0.5372919427191166,0.6122222222222223,0.8154545454545454,0.29285714285714276
300,pca,5,uniform,cosine,0.5749183168736408,0.6383333333333333,0.8163636363636363,0.35857142857142854
300,pca,5,distance,euclidean,0.5372919427191166,0.6122222222222223,0.8154545454545454,0.29285714285714276
300,pca,5,distance,cosine,0.5749183168736408,0.6383333333333333,0.8163636363636363,0.35857142857142854
300,pca,7,uniform,euclidean,0.5245820460010865,0.6133333333333334,0.8409090909090909,0.2557142857142856
300,pca,7,uniform,cosine,0.5610764975903656,0.6322222222222222,0.8309090909090908,0.31999999999999995
300,pca,7,distance,euclidean,0.5245820460010865,0.6133333333333334,0.8409090909090909,0.2557142857142856
300,pca,7,distance,cosine,0.5632050690189371,0.6344444444444445,0.8336363636363636,0.32142857142857134
300,pca,9,uniform,euclidean,0.5077131586360222,0.6083333333333334,0.8554545454545455,0.2199999999999999
300,pca,9,uniform,cosine,0.5286930909143053,0.6144444444444445,0.8363636363636364,0.2657142857142857
300,pca,9,distance,euclidean,0.5077131586360222,0.6083333333333334,0.8554545454545455,0.2199999999999999
300,pca,9,distance,cosine,0.5306829358519763,0.616111111111111,0.8372727272727274,0.2685714285714285
300,pca,11,uniform,euclidean,0.5097367941542604,0.62,0.879090909090909,0.2128571428571428
300,pca,11,uniform,cosine,0.516747167139596,0.6077777777777779,0.8363636363636364,0.2485714285714285
300,pca,11,distance,euclidean,0.5097367941542604,0.62,0.879090909090909,0.2128571428571428
300,pca,11,distance,cosine,0.5203065367554873,0.6105555555555555,0.8381818181818181,0.25285714285714284
300,pca,15,uniform,euclidean,0.4939200362217603,0.6233333333333334,0.9136363636363636,0.1671428571428571
300,pca,15,uniform,cosine,0.5122008512837599,0.6194444444444444,0.879090909090909,0.21142857142857135
300,pca,15,distance,euclidean,0.4939200362217603,0.6233333333333334,0.9136363636363636,0.1671428571428571
300,pca,15,distance,cosine,0.5145233621062707,0.6216666666666666,0.8818181818181818,0.21285714285714277
300,pca,21,uniform,euclidean,0.45321554789815655,0.6138888888888889,0.9363636363636363,0.10714285714285714
300,pca,21,uniform,cosine,0.48770695638971495,0.6266666666666667,0.9272727272727274,0.15428571428571428
300,pca,21,distance,euclidean,0.45321554789815655,0.6138888888888889,0.9363636363636363,0.10714285714285714
300,pca,21,distance,cosine,0.49442706960982824,0.6305555555555556,0.9290909090909091,0.16142857142857142
300,embedkit_unsup,1,uniform,euclidean,0.4964456260744187,0.5349999999999999,0.6318181818181818,0.3828571428571429
300,embedkit_unsup,1,uniform,cosine,0.4964456260744187,0.5349999999999999,0.6318181818181818,0.3828571428571429
300,embedkit_unsup,1,distance,euclidean,0.4964456260744187,0.5349999999999999,0.6318181818181818,0.3828571428571429
300,embedkit_unsup,1,distance,cosine,0.4964456260744187,0.5349999999999999,0.6318181818181818,0.3828571428571429
300,embedkit_unsup,3,uniform,euclidean,0.5245369084789666,0.5722222222222222,0.7000000000000002,0.3714285714285714
300,embedkit_unsup,3,uniform,cosine,0.5245369084789666,0.5722222222222222,0.7000000000000002,0.3714285714285714
300,embedkit_unsup,3,distance,euclidean,0.5245369084789666,0.5722222222222222,0.7000000000000002,0.3714285714285714
300,embedkit_unsup,3,distance,cosine,0.5245369084789666,0.5722222222222222,0.7000000000000002,0.3714285714285714
300,embedkit_unsup,5,uniform,euclidean,0.5145305836180316,0.5727777777777778,0.7236363636363637,0.3357142857142857
300,embedkit_unsup,5,uniform,cosine,0.5145305836180316,0.5727777777777778,0.7236363636363637,0.3357142857142857
300,embedkit_unsup,5,distance,euclidean,0.5145305836180316,0.5727777777777778,0.7236363636363637,0.3357142857142857
300,embedkit_unsup,5,distance,cosine,0.5145305836180316,0.5727777777777778,0.7236363636363637,0.3357142857142857
300,embedkit_unsup,7,uniform,euclidean,0.4937156090980702,0.5694444444444444,0.7536363636363638,0.27999999999999997
300,embedkit_unsup,7,uniform,cosine,0.4937156090980702,0.5694444444444444,0.7536363636363638,0.27999999999999997
300,embedkit_unsup,7,distance,euclidean,0.4937156090980702,0.5694444444444444,0.7536363636363638,0.27999999999999997
300,embedkit_unsup,7,distance,cosine,0.4937156090980702,0.5694444444444444,0.7536363636363638,0.27999999999999997
300,embedkit_unsup,9,uniform,euclidean,0.5007982926105491,0.5855555555555556,0.7890909090909091,0.2657142857142857
300,embedkit_unsup,9,uniform,cosine,0.5007982926105491,0.5855555555555556,0.7890909090909091,0.2657142857142857
300,embedkit_unsup,9,distance,euclidean,0.5007982926105491,0.5855555555555556,0.7890909090909091,0.2657142857142857
300,embedkit_unsup,9,distance,cosine,0.5007982926105491,0.5855555555555556,0.7890909090909091,0.2657142857142857
300,embedkit_unsup,11,uniform,euclidean,0.4827729582736723,0.5833333333333334,0.8154545454545453,0.21857142857142847
300,embedkit_unsup,11,uniform,cosine,0.4827729582736723,0.5833333333333334,0.8154545454545453,0.21857142857142847
300,embedkit_unsup,11,distance,euclidean,0.4827729582736723,0.5833333333333334,0.8154545454545453,0.21857142857142847
300,embedkit_unsup,11,distance,cosine,0.4845392493899634,0.5844444444444445,0.8154545454545453,0.2214285714285714
300,embedkit_unsup,15,uniform,euclidean,0.4977029898484546,0.611111111111111,0.87,0.20428571428571424
300,embedkit_unsup,15,uniform,cosine,0.4977029898484546,0.611111111111111,0.87,0.20428571428571424
300,embedkit_unsup,15,distance,euclidean,0.4977029898484546,0.611111111111111,0.87,0.20428571428571424
300,embedkit_unsup,15,distance,cosine,0.49830784602287603,0.6105555555555555,0.8672727272727272,0.20714285714285713
300,embedkit_unsup,21,uniform,euclidean,0.4655216239837678,0.6111111111111112,0.9109090909090907,0.13999999999999999
300,embedkit_unsup,21,uniform,cosine,0.4655216239837678,0.6111111111111112,0.9109090909090907,0.13999999999999999
300,embedkit_unsup,21,distance,euclidean,0.4655216239837678,0.6111111111111112,0.9109090909090907,0.13999999999999999
300,embedkit_unsup,21,distance,cosine,0.46709804966536594,0.611111111111111,0.9081818181818181,0.14428571428571427
300,embedkit_sup,1,uniform,euclidean,0.4964456260744187,0.5349999999999999,0.6318181818181818,0.3828571428571429
300,embedkit_sup,1,uniform,cosine,0.4964456260744187,0.5349999999999999,0.6318181818181818,0.3828571428571429
300,embedkit_sup,1,distance,euclidean,0.4964456260744187,0.5349999999999999,0.6318181818181818,0.3828571428571429
300,embedkit_sup,1,distance,cosine,0.4964456260744187,0.5349999999999999,0.6318181818181818,0.3828571428571429
300,embedkit_sup,3,uniform,euclidean,0.5245369084789666,0.5722222222222222,0.7000000000000002,0.3714285714285714
300,embedkit_sup,3,uniform,cosine,0.5245369084789666,0.5722222222222222,0.7000000000000002,0.3714285714285714
300,embedkit_sup,3,distance,euclidean,0.5245369084789666,0.5722222222222222,0.7000000000000002,0.3714285714285714
300,embedkit_sup,3,distance,cosine,0.5245369084789666,0.5722222222222222,0.7000000000000002,0.3714285714285714
300,embedkit_sup,5,uniform,euclidean,0.5145305836180316,0.5727777777777778,0.7236363636363637,0.3357142857142857
300,embedkit_sup,5,uniform,cosine,0.5145305836180316,0.5727777777777778,0.7236363636363637,0.3357142857142857
300,embedkit_sup,5,distance,euclidean,0.5145305836180316,0.5727777777777778,0.7236363636363637,0.3357142857142857
300,embedkit_sup,5,distance,cosine,0.5145305836180316,0.5727777777777778,0.7236363636363637,0.3357142857142857
300,embedkit_sup,7,uniform,euclidean,0.4937156090980702,0.5694444444444444,0.7536363636363638,0.27999999999999997
300,embedkit_sup,7,uniform,cosine,0.4937156090980702,0.5694444444444444,0.7536363636363638,0.27999999999999997
300,embedkit_sup,7,distance,euclidean,0.4937156090980702,0.5694444444444444,0.7536363636363638,0.27999999999999997
300,embedkit_sup,7,distance,cosine,0.4937156090980702,0.5694444444444444,0.7536363636363638,0.27999999999999997
300,embedkit_sup,9,uniform,euclidean,0.5007982926105491,0.5855555555555556,0.7890909090909091,0.2657142857142857
300,embedkit_sup,9,uniform,cosine,0.5007982926105491,0.5855555555555556,0.7890909090909091,0.2657142857142857
300,embedkit_sup,9,distance,euclidean,0.5007982926105491,0.5855555555555556,0.7890909090909091,0.2657142857142857
300,embedkit_sup,9,distance,cosine,0.5007982926105491,0.5855555555555556,0.7890909090909091,0.2657142857142857
300,embedkit_sup,11,uniform,euclidean,0.4827729582736723,0.5833333333333334,0.8154545454545453,0.21857142857142847
300,embedkit_sup,11,uniform,cosine,0.4827729582736723,0.5833333333333334,0.8154545454545453,0.21857142857142847
300,embedkit_sup,11,distance,euclidean,0.4827729582736723,0.5833333333333334,0.8154545454545453,0.21857142857142847
300,embedkit_sup,11,distance,cosine,0.4845392493899634,0.5844444444444445,0.8154545454545453,0.2214285714285714
300,embedkit_sup,15,uniform,euclidean,0.4977029898484546,0.611111111111111,0.87,0.20428571428571424
300,embedkit_sup,15,uniform,cosine,0.4977029898484546,0.611111111111111,0.87,0.20428571428571424
300,embedkit_sup,15,distance,euclidean,0.4977029898484546,0.611111111111111,0.87,0.20428571428571424
300,embedkit_sup,15,distance,cosine,0.49830784602287603,0.6105555555555555,0.8672727272727272,0.20714285714285713
300,embedkit_sup,21,uniform,euclidean,0.4655216239837678,0.6111111111111112,0.9109090909090907,0.13999999999999999
300,embedkit_sup,21,uniform,cosine,0.4655216239837678,0.6111111111111112,0.9109090909090907,0.13999999999999999
300,embedkit_sup,21,distance,euclidean,0.4655216239837678,0.6111111111111112,0.9109090909090907,0.13999999999999999
300,embedkit_sup,21,distance,cosine,0.46709804966536594,0.611111111111111,0.9081818181818181,0.14428571428571427
300,corr_0.7,1,uniform,euclidean,0.582205340465012,0.6188888888888888,0.7254545454545456,0.4514285714285714
300,corr_0.7,1,uniform,cosine,0.5873939830511442,0.6249999999999999,0.7336363636363638,0.4542857142857143
300,corr_0.7,1,distance,euclidean,0.582205340465012,0.6188888888888888,0.7254545454545456,0.4514285714285714
300,corr_0.7,1,distance,cosine,0.5873939830511442,0.6249999999999999,0.7336363636363638,0.4542857142857143
300,corr_0.7,3,uniform,euclidean,0.5612181240851423,0.6266666666666668,0.808181818181818,0.3414285714285713
300,corr_0.7,3,uniform,cosine,0.56619972878751,0.6311111111111112,0.8118181818181818,0.3471428571428571
300,corr_0.7,3,distance,euclidean,0.5612181240851423,0.6266666666666668,0.808181818181818,0.3414285714285713
300,corr_0.7,3,distance,cosine,0.56619972878751,0.6311111111111112,0.8118181818181818,0.3471428571428571
300,corr_0.7,5,uniform,euclidean,0.5533523408958191,0.6305555555555555,0.8399999999999999,0.3014285714285714
300,corr_0.7,5,uniform,cosine,0.5691681166936788,0.6444444444444444,0.8463636363636361,0.32714285714285707
300,corr_0.7,5,distance,euclidean,0.5533523408958191,0.6305555555555555,0.8399999999999999,0.3014285714285714
300,corr_0.7,5,distance,cosine,0.5691681166936788,0.6444444444444444,0.8463636363636361,0.32714285714285707
300,corr_0.7,7,uniform,euclidean,0.5273308151868121,0.6222222222222222,0.8590909090909089,0.24999999999999992
300,corr_0.7,7,uniform,cosine,0.5498981579085027,0.6344444444444445,0.8554545454545454,0.2871428571428571
300,corr_0.7,7,distance,euclidean,0.5273308151868121,0.6222222222222222,0.8590909090909089,0.24999999999999992
300,corr_0.7,7,distance,cosine,0.5498981579085027,0.6344444444444445,0.8554545454545454,0.2871428571428571
300,corr_0.7,9,uniform,euclidean,0.5287323979313484,0.6244444444444445,0.8663636363636364,0.2442857142857142
300,corr_0.7,9,uniform,cosine,0.547489944851639,0.6366666666666666,0.8663636363636362,0.27571428571428563
300,corr_0.7,9,distance,euclidean,0.5287323979313484,0.6244444444444445,0.8663636363636364,0.2442857142857142
300,corr_0.7,9,distance,cosine,0.547489944851639,0.6366666666666666,0.8663636363636362,0.27571428571428563
300,corr_0.7,11,uniform,euclidean,0.5114286669213954,0.6194444444444445,0.8763636363636365,0.21571428571428566
300,corr_0.7,11,uniform,cosine,0.5416383840020272,0.6405555555555555,0.8909090909090907,0.24714285714285708
300,corr_0.7,11,distance,euclidean,0.5114286669213954,0.6194444444444445,0.8763636363636365,0.21571428571428566
300,corr_0.7,11,distance,cosine,0.5416383840020272,0.6405555555555555,0.8909090909090907,0.24714285714285708
300,corr_0.7,15,uniform,euclidean,0.5347254900521766,0.6472222222222221,0.9181818181818181,0.22142857142857136
300,corr_0.7,15,uniform,cosine,0.5158964987425257,0.6377777777777778,0.919090909090909,0.19571428571428565
300,corr_0.7,15,distance,euclidean,0.5347254900521766,0.6472222222222221,0.9181818181818181,0.22142857142857136
300,corr_0.7,15,distance,cosine,0.5158964987425257,0.6377777777777778,0.919090909090909,0.19571428571428565
300,corr_0.7,21,uniform,euclidean,0.49419178050557355,0.6466666666666666,0.9681818181818181,0.14142857142857143
300,corr_0.7,21,uniform,cosine,0.4912203968445348,0.6411111111111112,0.9590909090909091,0.1414285714285714
300,corr_0.7,21,distance,euclidean,0.49419178050557355,0.6466666666666666,0.9681818181818181,0.14142857142857143
300,corr_0.7,21,distance,cosine,0.4912203968445348,0.6411111111111112,0.9590909090909091,0.1414285714285714
300,corr_0.8,1,uniform,euclidean,0.5767186345489211,0.617777777777778,0.7372727272727272,0.43
300,corr_0.8,1,uniform,cosine,0.5826020806113416,0.6227777777777778,0.74,0.43857142857142856
300,corr_0.8,1,distance,euclidean,0.5767186345489211,0.617777777777778,0.7372727272727272,0.43
300,corr_0.8,1,distance,cosine,0.5826020806113416,0.6227777777777778,0.74,0.43857142857142856
300,corr_0.8,3,uniform,euclidean,0.5577614995449328,0.6283333333333334,0.8227272727272725,0.3228571428571428
300,corr_0.8,3,uniform,cosine,0.5614301610127331,0.6272222222222222,0.8072727272727271,0.3442857142857143
300,corr_0.8,3,distance,euclidean,0.5577614995449328,0.6283333333333334,0.8227272727272725,0.3228571428571428
300,corr_0.8,3,distance,cosine,0.5614301610127331,0.6272222222222222,0.8072727272727271,0.3442857142857143
300,corr_0.8,5,uniform,euclidean,0.5299153603933964,0.6188888888888889,0.8409090909090908,0.2699999999999999
300,corr_0.8,5,uniform,cosine,0.5414201832574027,0.6177777777777779,0.8145454545454544,0.3085714285714285
300,corr_0.8,5,distance,euclidean,0.5299153603933964,0.6188888888888889,0.8409090909090908,0.2699999999999999
300,corr_0.8,5,distance,cosine,0.5414201832574027,0.6177777777777779,0.8145454545454544,0.3085714285714285
300,corr_0.8,7,uniform,euclidean,0.5207026527972556,0.6183333333333334,0.8563636363636362,0.24428571428571424
300,corr_0.8,7,uniform,cosine,0.5459005432043663,0.628888888888889,0.8481818181818181,0.2842857142857142
300,corr_0.8,7,distance,euclidean,0.5207026527972556,0.6183333333333334,0.8563636363636362,0.24428571428571424
300,corr_0.8,7,distance,cosine,0.5459005432043663,0.628888888888889,0.8481818181818181,0.2842857142857142
300,corr_0.8,9,uniform,euclidean,0.5190660713432826,0.6227777777777779,0.8736363636363635,0.2285714285714285
300,corr_0.8,9,uniform,cosine,0.5378176907245124,0.628888888888889,0.8609090909090906,0.26428571428571423
300,corr_0.8,9,distance,euclidean,0.5190660713432826,0.6227777777777779,0.8736363636363635,0.2285714285714285
300,corr_0.8,9,distance,cosine,0.5378176907245124,0.628888888888889,0.8609090909090906,0.26428571428571423
300,corr_0.8,11,uniform,euclidean,0.5168431177018884,0.6288888888888888,0.8945454545454544,0.21142857142857135
300,corr_0.8,11,uniform,cosine,0.5324395368749192,0.638888888888889,0.9,0.2285714285714285
300,corr_0.8,11,distance,euclidean,0.5168431177018884,0.6288888888888888,0.8945454545454544,0.21142857142857135
300,corr_0.8,11,distance,cosine,0.5324395368749192,0.638888888888889,0.9,0.2285714285714285
300,corr_0.8,15,uniform,euclidean,0.4930250171783904,0.6288888888888889,0.9272727272727272,0.15999999999999998
300,corr_0.8,15,uniform,cosine,0.5088038838556079,0.6327777777777778,0.9163636363636363,0.18714285714285708
300,corr_0.8,15,distance,euclidean,0.4930250171783904,0.6288888888888889,0.9272727272727272,0.15999999999999998
300,corr_0.8,15,distance,cosine,0.5088038838556079,0.6327777777777778,0.9163636363636363,0.18714285714285708
300,corr_0.8,21,uniform,euclidean,0.4710187468342641,0.6355555555555555,0.9672727272727273,0.11428571428571427
300,corr_0.8,21,uniform,cosine,0.4790541011989288,0.6355555555555557,0.9572727272727272,0.12999999999999998
300,corr_0.8,21,distance,euclidean,0.4710187468342641,0.6355555555555555,0.9672727272727273,0.11428571428571427
300,corr_0.8,21,distance,cosine,0.4790541011989288,0.6355555555555557,0.9572727272727272,0.12999999999999998
300,corr_0.9,1,uniform,euclidean,0.6013731266929577,0.6355555555555557,0.7327272727272729,0.4828571428571429
300,corr_0.9,1,uniform,cosine,0.5981605752374933,0.6322222222222222,0.7309090909090911,0.4771428571428571
300,corr_0.9,1,distance,euclidean,0.6013731266929577,0.6355555555555557,0.7327272727272729,0.4828571428571429
300,corr_0.9,1,distance,cosine,0.5981605752374933,0.6322222222222222,0.7309090909090911,0.4771428571428571
300,corr_0.9,3,uniform,euclidean,0.5653103083224164,0.6272222222222222,0.7999999999999998,0.3557142857142857
300,corr_0.9,3,uniform,cosine,0.5634474439622137,0.6200000000000001,0.7799999999999998,0.3685714285714285
300,corr_0.9,3,distance,euclidean,0.5653103083224164,0.6272222222222222,0.7999999999999998,0.3557142857142857
300,corr_0.9,3,distance,cosine,0.5634474439622137,0.6200000000000001,0.7799999999999998,0.3685714285714285
300,corr_0.9,5,uniform,euclidean,0.5323872465863854,0.6066666666666667,0.8009090909090908,0.3014285714285714
300,corr_0.9,5,uniform,cosine,0.5399988949211224,0.6111111111111112,0.7963636363636363,0.31999999999999995
300,corr_0.9,5,distance,euclidean,0.5323872465863854,0.6066666666666667,0.8009090909090908,0.3014285714285714
300,corr_0.9,5,distance,cosine,0.5399988949211224,0.6111111111111112,0.7963636363636363,0.31999999999999995
300,corr_0.9,7,uniform,euclidean,0.5252033014628217,0.6133333333333334,0.8372727272727272,0.26142857142857134
300,corr_0.9,7,uniform,cosine,0.5215167448493535,0.6044444444444445,0.8172727272727272,0.2699999999999999
300,corr_0.9,7,distance,euclidean,0.5252033014628217,0.6133333333333334,0.8372727272727272,0.26142857142857134
300,corr_0.9,7,distance,cosine,0.5215167448493535,0.6044444444444445,0.8172727272727272,0.2699999999999999
300,corr_0.9,9,uniform,euclidean,0.5076853016160363,0.6055555555555556,0.8454545454545455,0.2285714285714285
300,corr_0.9,9,uniform,cosine,0.5180065315133531,0.6105555555555556,0.8427272727272725,0.24571428571428566
300,corr_0.9,9,distance,euclidean,0.5076853016160363,0.6055555555555556,0.8454545454545455,0.2285714285714285
300,corr_0.9,9,distance,cosine,0.5180065315133531,0.6105555555555556,0.8427272727272725,0.24571428571428566
300,corr_0.9,11,uniform,euclidean,0.5060695789745265,0.618888888888889,0.8827272727272725,0.20428571428571426
300,corr_0.9,11,uniform,cosine,0.5098434651388924,0.6144444444444445,0.8636363636363634,0.22285714285714278
300,corr_0.9,11,distance,euclidean,0.5060695789745265,0.618888888888889,0.8827272727272725,0.20428571428571426
300,corr_0.9,11,distance,cosine,0.5098434651388924,0.6144444444444445,0.8636363636363634,0.22285714285714278
300,corr_0.9,15,uniform,euclidean,0.48315634384772316,0.6138888888888889,0.9018181818181816,0.1614285714285714
300,corr_0.9,15,uniform,cosine,0.48627025880998886,0.6111111111111112,0.8927272727272725,0.1685714285714285
300,corr_0.9,15,distance,euclidean,0.48315634384772316,0.6138888888888889,0.9018181818181816,0.1614285714285714
300,corr_0.9,15,distance,cosine,0.48627025880998886,0.6111111111111112,0.8927272727272725,0.1685714285714285
300,corr_0.9,21,uniform,euclidean,0.47707424570543017,0.6294444444444445,0.9472727272727274,0.12999999999999998
300,corr_0.9,21,uniform,cosine,0.47466273237839957,0.6227777777777779,0.9345454545454546,0.13285714285714284
300,corr_0.9,21,distance,euclidean,0.47707424570543017,0.6294444444444445,0.9472727272727274,0.12999999999999998
300,corr_0.9,21,distance,cosine,0.47466273237839957,0.6227777777777779,0.9345454545454546,0.13285714285714284
300,corr_0.95,1,uniform,euclidean,0.5917280758531936,0.6266666666666668,0.7236363636363637,0.4742857142857143
300,corr_0.95,1,uniform,cosine,0.5955813737308892,0.6305555555555556,0.7281818181818183,0.4771428571428571
300,corr_0.95,1,distance,euclidean,0.5917280758531936,0.6266666666666668,0.7236363636363637,0.4742857142857143
300,corr_0.95,1,distance,cosine,0.5955813737308892,0.6305555555555556,0.7281818181818183,0.4771428571428571
300,corr_0.95,3,uniform,euclidean,0.5501889574630959,0.6144444444444445,0.7918181818181818,0.3357142857142857
300,corr_0.95,3,uniform,cosine,0.5549339141859769,0.6116666666666667,0.7718181818181816,0.35999999999999993
300,corr_0.95,3,distance,euclidean,0.5501889574630959,0.6144444444444445,0.7918181818181818,0.3357142857142857
300,corr_0.95,3,distance,cosine,0.5549339141859769,0.6116666666666667,0.7718181818181816,0.35999999999999993
300,corr_0.95,5,uniform,euclidean,0.5313773441699611,0.6044444444444445,0.798181818181818,0.29999999999999993
300,corr_0.95,5,uniform,cosine,0.5361013396765285,0.6033333333333333,0.7790909090909091,0.32714285714285707
300,corr_0.95,5,distance,euclidean,0.5313773441699611,0.6044444444444445,0.798181818181818,0.29999999999999993
300,corr_0.95,5,distance,cosine,0.5361013396765285,0.6033333333333333,0.7790909090909091,0.32714285714285707
300,corr_0.95,7,uniform,euclidean,0.5092302177970843,0.6011111111111113,0.8309090909090906,0.23999999999999994
300,corr_0.95,7,uniform,cosine,0.5185643313208531,0.5983333333333334,0.8063636363636363,0.27142857142857135
300,corr_0.95,7,distance,euclidean,0.5092302177970843,0.6011111111111113,0.8309090909090906,0.23999999999999994
300,corr_0.95,7,distance,cosine,0.5185643313208531,0.5983333333333334,0.8063636363636363,0.27142857142857135
300,corr_0.95,9,uniform,euclidean,0.49525033966533216,0.5983333333333334,0.8436363636363634,0.21285714285714277
300,corr_0.95,9,uniform,cosine,0.5176946145794347,0.6127777777777778,0.8463636363636362,0.24571428571428566
300,corr_0.95,9,distance,euclidean,0.49525033966533216,0.5983333333333334,0.8436363636363634,0.21285714285714277
300,corr_0.95,9,distance,cosine,0.5176946145794347,0.6127777777777778,0.8463636363636362,0.24571428571428566
300,corr_0.95,11,uniform,euclidean,0.504024488477262,0.6138888888888889,0.8736363636363634,0.20571428571428566
300,corr_0.95,11,uniform,cosine,0.5098437818109482,0.6144444444444443,0.8645454545454544,0.22142857142857136
300,corr_0.95,11,distance,euclidean,0.504024488477262,0.6138888888888889,0.8736363636363634,0.20571428571428566
300,corr_0.95,11,distance,cosine,0.5098437818109482,0.6144444444444443,0.8645454545454544,0.22142857142857136
300,corr_0.95,15,uniform,euclidean,0.4873061734201164,0.6111111111111112,0.8890909090909088,0.17428571428571424
300,corr_0.95,15,uniform,cosine,0.4924418245228589,0.6105555555555555,0.8827272727272725,0.1828571428571428
300,corr_0.95,15,distance,euclidean,0.4873061734201164,0.6111111111111112,0.8890909090909088,0.17428571428571424
300,corr_0.95,15,distance,cosine,0.4924418245228589,0.6105555555555555,0.8827272727272725,0.1828571428571428
300,corr_0.95,21,uniform,euclidean,0.474572121392961,0.6244444444444445,0.9381818181818181,0.1314285714285714
300,corr_0.95,21,uniform,cosine,0.47469223250789966,0.6211111111111112,0.929090909090909,0.13714285714285712
300,corr_0.95,21,distance,euclidean,0.474572121392961,0.6244444444444445,0.9381818181818181,0.1314285714285714
300,corr_0.95,21,distance,cosine,0.47469223250789966,0.6211111111111112,0.929090909090909,0.13714285714285712
500,raw,1,uniform,euclidean,0.5955158935991046,0.6366666666666668,0.7618181818181821,0.43999999999999995
500,raw,1,uniform,cosine,0.5955158935991046,0.6366666666666668,0.7618181818181821,0.43999999999999995
500,raw,1,distance,euclidean,0.5955158935991046,0.6366666666666668,0.7618181818181821,0.43999999999999995
500,raw,1,distance,cosine,0.5955158935991046,0.6366666666666668,0.7618181818181821,0.43999999999999995
500,raw,3,uniform,euclidean,0.5616066757053263,0.6305555555555555,0.8190909090909092,0.33428571428571424
500,raw,3,uniform,cosine,0.5616066757053263,0.6305555555555555,0.8190909090909092,0.33428571428571424
500,raw,3,distance,euclidean,0.5616066757053263,0.6305555555555555,0.8190909090909092,0.33428571428571424
500,raw,3,distance,cosine,0.5616066757053263,0.6305555555555555,0.8190909090909092,0.33428571428571424
500,raw,5,uniform,euclidean,0.567178133541177,0.6427777777777779,0.85,0.31714285714285706
500,raw,5,uniform,cosine,0.567178133541177,0.6427777777777779,0.85,0.31714285714285706
500,raw,5,distance,euclidean,0.567178133541177,0.6427777777777779,0.85,0.31714285714285706
500,raw,5,distance,cosine,0.567178133541177,0.6427777777777779,0.85,0.31714285714285706
500,raw,7,uniform,euclidean,0.5549912354553659,0.6405555555555555,0.8663636363636362,0.28571428571428564
500,raw,7,uniform,cosine,0.5549912354553659,0.6405555555555555,0.8663636363636362,0.28571428571428564
500,raw,7,distance,euclidean,0.5549912354553659,0.6405555555555555,0.8663636363636362,0.28571428571428564
500,raw,7,distance,cosine,0.5549912354553659,0.6405555555555555,0.8663636363636362,0.28571428571428564
500,raw,9,uniform,euclidean,0.5529286133101725,0.6477777777777779,0.8899999999999999,0.26714285714285707
500,raw,9,uniform,cosine,0.5529286133101725,0.6477777777777779,0.8899999999999999,0.26714285714285707
500,raw,9,distance,euclidean,0.5529286133101725,0.6477777777777779,0.8899999999999999,0.26714285714285707
500,raw,9,distance,cosine,0.5529286133101725,0.6477777777777779,0.8899999999999999,0.26714285714285707
500,raw,11,uniform,euclidean,0.54383995336664,0.6422222222222221,0.888181818181818,0.25571428571428567
500,raw,11,uniform,cosine,0.54383995336664,0.6422222222222221,0.888181818181818,0.25571428571428567
500,raw,11,distance,euclidean,0.54383995336664,0.6422222222222221,0.888181818181818,0.25571428571428567
500,raw,11,distance,cosine,0.54383995336664,0.6422222222222221,0.888181818181818,0.25571428571428567
500,raw,15,uniform,euclidean,0.5357424816229913,0.6494444444444444,0.9209090909090908,0.22285714285714278
500,raw,15,uniform,cosine,0.5357424816229913,0.6494444444444444,0.9209090909090908,0.22285714285714278
500,raw,15,distance,euclidean,0.5357424816229913,0.6494444444444444,0.9209090909090908,0.22285714285714278
500,raw,15,distance,cosine,0.5357424816229913,0.6494444444444444,0.9209090909090908,0.22285714285714278
500,raw,21,uniform,euclidean,0.4895468151899187,0.6338888888888888,0.9436363636363636,0.14714285714285713
500,raw,21,uniform,cosine,0.4895468151899187,0.6338888888888888,0.9436363636363636,0.14714285714285713
500,raw,21,distance,euclidean,0.4895468151899187,0.6338888888888888,0.9436363636363636,0.14714285714285713
500,raw,21,distance,cosine,0.4895468151899187,0.6338888888888888,0.9436363636363636,0.14714285714285713
500,pca,1,uniform,euclidean,0.5577713500982248,0.6161111111111112,0.7763636363636364,0.3642857142857143
500,pca,1,uniform,cosine,0.6329213173950083,0.6611111111111113,0.7463636363636365,0.5271428571428571
500,pca,1,distance,euclidean,0.5577713500982248,0.6161111111111112,0.7763636363636364,0.3642857142857143
500,pca,1,distance,cosine,0.6329213173950083,0.6611111111111113,0.7463636363636365,0.5271428571428571
500,pca,3,uniform,euclidean,0.5366605013121137,0.6250000000000001,0.8481818181818181,0.2742857142857142
500,pca,3,uniform,cosine,0.5693739778909588,0.6227777777777779,0.7745454545454544,0.38428571428571423
500,pca,3,distance,euclidean,0.5366605013121137,0.6250000000000001,0.8481818181818181,0.2742857142857142
500,pca,3,distance,cosine,0.5693739778909588,0.6227777777777779,0.7745454545454544,0.38428571428571423
500,pca,5,uniform,euclidean,0.5464809714190523,0.6416666666666667,0.8836363636363638,0.26142857142857134
500,pca,5,uniform,cosine,0.5651326079994746,0.6344444444444445,0.8263636363636363,0.3328571428571428
500,pca,5,distance,euclidean,0.5464809714190523,0.6416666666666667,0.8836363636363638,0.26142857142857134
500,pca,5,distance,cosine,0.5651326079994746,0.6344444444444445,0.8263636363636363,0.3328571428571428
500,pca,7,uniform,euclidean,0.532576775467855,0.6372222222222222,0.8963636363636363,0.2299999999999999
500,pca,7,uniform,cosine,0.5434717154825851,0.6250000000000001,0.8427272727272725,0.28285714285714275
500,pca,7,distance,euclidean,0.532576775467855,0.6372222222222222,0.8963636363636363,0.2299999999999999
500,pca,7,distance,cosine,0.5439817489274011,0.6255555555555556,0.8436363636363634,0.28285714285714275
500,pca,9,uniform,euclidean,0.5305538021587497,0.6388888888888888,0.9036363636363638,0.2228571428571428
500,pca,9,uniform,cosine,0.550457971605273,0.6316666666666667,0.848181818181818,0.29142857142857137
500,pca,9,distance,euclidean,0.5305538021587497,0.6388888888888888,0.9036363636363638,0.2228571428571428
500,pca,9,distance,cosine,0.5509081140554154,0.6322222222222222,0.8490909090909089,0.29142857142857137
500,pca,11,uniform,euclidean,0.5130982700513436,0.6333333333333333,0.9127272727272726,0.19428571428571423
500,pca,11,uniform,cosine,0.5496130609867117,0.6355555555555555,0.8618181818181818,0.2799999999999999
500,pca,11,distance,euclidean,0.5130982700513436,0.6333333333333333,0.9127272727272726,0.19428571428571423
500,pca,11,distance,cosine,0.5496130609867117,0.6355555555555555,0.8618181818181818,0.2799999999999999
500,pca,15,uniform,euclidean,0.47585739694532797,0.6216666666666667,0.929090909090909,0.13857142857142857
500,pca,15,uniform,cosine,0.5402004634969033,0.6355555555555555,0.8809090909090906,0.2499999999999999
500,pca,15,distance,euclidean,0.47585739694532797,0.6216666666666667,0.929090909090909,0.13857142857142857
500,pca,15,distance,cosine,0.5414449299000654,0.6372222222222222,0.8836363636363634,0.2499999999999999
500,pca,21,uniform,euclidean,0.44451763364349567,0.6183333333333335,0.9563636363636363,0.08714285714285713
500,pca,21,uniform,cosine,0.5008344802068939,0.6333333333333333,0.927272727272727,0.17142857142857135
500,pca,21,distance,euclidean,0.44451763364349567,0.6183333333333335,0.9563636363636363,0.08714285714285713
500,pca,21,distance,cosine,0.5045600601824739,0.6383333333333333,0.9345454545454543,0.17285714285714282
500,embedkit_unsup,1,uniform,euclidean,0.515707993976405,0.5494444444444444,0.6372727272727273,0.4114285714285715
500,embedkit_unsup,1,uniform,cosine,0.515707993976405,0.5494444444444444,0.6372727272727273,0.4114285714285715
500,embedkit_unsup,1,distance,euclidean,0.515707993976405,0.5494444444444444,0.6372727272727273,0.4114285714285715
500,embedkit_unsup,1,distance,cosine,0.515707993976405,0.5494444444444444,0.6372727272727273,0.4114285714285715
500,embedkit_unsup,3,uniform,euclidean,0.5350428707971109,0.58,0.6927272727272729,0.4028571428571428
500,embedkit_unsup,3,uniform,cosine,0.5350428707971109,0.58,0.6927272727272729,0.4028571428571428
500,embedkit_unsup,3,distance,euclidean,0.5350428707971109,0.58,0.6927272727272729,0.4028571428571428
500,embedkit_unsup,3,distance,cosine,0.5350428707971109,0.58,0.6927272727272729,0.4028571428571428
500,embedkit_unsup,5,uniform,euclidean,0.5288463525806539,0.5877777777777778,0.7381818181818183,0.35142857142857137
500,embedkit_unsup,5,uniform,cosine,0.5288463525806539,0.5877777777777778,0.7381818181818183,0.35142857142857137
500,embedkit_unsup,5,distance,euclidean,0.5288463525806539,0.5877777777777778,0.7381818181818183,0.35142857142857137
500,embedkit_unsup,5,distance,cosine,0.5288463525806539,0.5877777777777778,0.7381818181818183,0.35142857142857137
500,embedkit_unsup,7,uniform,euclidean,0.5024939178830148,0.5722222222222222,0.7472727272727272,0.2971428571428571
500,embedkit_unsup,7,uniform,cosine,0.50286599146161,0.5727777777777778,0.7481818181818182,0.2971428571428571
500,embedkit_unsup,7,distance,euclidean,0.5024939178830148,0.5722222222222222,0.7472727272727272,0.2971428571428571
500,embedkit_unsup,7,distance,cosine,0.50286599146161,0.5727777777777778,0.7481818181818182,0.2971428571428571
500,embedkit_unsup,9,uniform,euclidean,0.49185222732280587,0.5766666666666668,0.7818181818181819,0.2542857142857142
500,embedkit_unsup,9,uniform,cosine,0.49185222732280587,0.5766666666666668,0.7818181818181819,0.2542857142857142
500,embedkit_unsup,9,distance,euclidean,0.49185222732280587,0.5766666666666668,0.7818181818181819,0.2542857142857142
500,embedkit_unsup,9,distance,cosine,0.49185222732280587,0.5766666666666668,0.7818181818181819,0.2542857142857142
500,embedkit_unsup,11,uniform,euclidean,0.47407979751383045,0.57,0.7936363636363636,0.2185714285714285
500,embedkit_unsup,11,uniform,cosine,0.47407979751383045,0.57,0.7936363636363636,0.2185714285714285
500,embedkit_unsup,11,distance,euclidean,0.47407979751383045,0.57,0.7936363636363636,0.2185714285714285
500,embedkit_unsup,11,distance,cosine,0.47407979751383045,0.57,0.7936363636363636,0.2185714285714285
500,embedkit_unsup,15,uniform,euclidean,0.48102413345164474,0.5911111111111111,0.8445454545454544,0.19285714285714278
500,embedkit_unsup,15,uniform,cosine,0.48102413345164474,0.5911111111111111,0.8445454545454544,0.19285714285714278
500,embedkit_unsup,15,distance,euclidean,0.48102413345164474,0.5911111111111111,0.8445454545454544,0.19285714285714278
500,embedkit_unsup,15,distance,cosine,0.4807646928922042,0.5911111111111111,0.8445454545454544,0.19285714285714278
500,embedkit_unsup,21,uniform,euclidean,0.4515072643248805,0.5933333333333334,0.8863636363636362,0.13285714285714284
500,embedkit_unsup,21,uniform,cosine,0.4511351907462852,0.5927777777777777,0.8854545454545455,0.13285714285714284
500,embedkit_unsup,21,distance,euclidean,0.4515072643248805,0.5933333333333334,0.8863636363636362,0.13285714285714284
500,embedkit_unsup,21,distance,cosine,0.4513979691778042,0.5916666666666667,0.8827272727272727,0.13428571428571426
500,embedkit_sup,1,uniform,euclidean,0.515707993976405,0.5494444444444444,0.6372727272727273,0.4114285714285715
500,embedkit_sup,1,uniform,cosine,0.515707993976405,0.5494444444444444,0.6372727272727273,0.4114285714285715
500,embedkit_sup,1,distance,euclidean,0.515707993976405,0.5494444444444444,0.6372727272727273,0.4114285714285715
500,embedkit_sup,1,distance,cosine,0.515707993976405,0.5494444444444444,0.6372727272727273,0.4114285714285715
500,embedkit_sup,3,uniform,euclidean,0.5350428707971109,0.58,0.6927272727272729,0.4028571428571428
500,embedkit_sup,3,uniform,cosine,0.5350428707971109,0.58,0.6927272727272729,0.4028571428571428
500,embedkit_sup,3,distance,euclidean,0.5350428707971109,0.58,0.6927272727272729,0.4028571428571428
500,embedkit_sup,3,distance,cosine,0.5350428707971109,0.58,0.6927272727272729,0.4028571428571428
500,embedkit_sup,5,uniform,euclidean,0.5288463525806539,0.5877777777777778,0.7381818181818183,0.35142857142857137
500,embedkit_sup,5,uniform,cosine,0.5288463525806539,0.5877777777777778,0.7381818181818183,0.35142857142857137
500,embedkit_sup,5,distance,euclidean,0.5288463525806539,0.5877777777777778,0.7381818181818183,0.35142857142857137
500,embedkit_sup,5,distance,cosine,0.5288463525806539,0.5877777777777778,0.7381818181818183,0.35142857142857137
500,embedkit_sup,7,uniform,euclidean,0.5024939178830148,0.5722222222222222,0.7472727272727272,0.2971428571428571
500,embedkit_sup,7,uniform,cosine,0.50286599146161,0.5727777777777778,0.7481818181818182,0.2971428571428571
500,embedkit_sup,7,distance,euclidean,0.5024939178830148,0.5722222222222222,0.7472727272727272,0.2971428571428571
500,embedkit_sup,7,distance,cosine,0.50286599146161,0.5727777777777778,0.7481818181818182,0.2971428571428571
500,embedkit_sup,9,uniform,euclidean,0.49185222732280587,0.5766666666666668,0.7818181818181819,0.2542857142857142
500,embedkit_sup,9,uniform,cosine,0.49185222732280587,0.5766666666666668,0.7818181818181819,0.2542857142857142
500,embedkit_sup,9,distance,euclidean,0.49185222732280587,0.5766666666666668,0.7818181818181819,0.2542857142857142
500,embedkit_sup,9,distance,cosine,0.49185222732280587,0.5766666666666668,0.7818181818181819,0.2542857142857142
500,embedkit_sup,11,uniform,euclidean,0.47407979751383045,0.57,0.7936363636363636,0.2185714285714285
500,embedkit_sup,11,uniform,cosine,0.47407979751383045,0.57,0.7936363636363636,0.2185714285714285
500,embedkit_sup,11,distance,euclidean,0.47407979751383045,0.57,0.7936363636363636,0.2185714285714285
500,embedkit_sup,11,distance,cosine,0.47407979751383045,0.57,0.7936363636363636,0.2185714285714285
500,embedkit_sup,15,uniform,euclidean,0.48102413345164474,0.5911111111111111,0.8445454545454544,0.19285714285714278
500,embedkit_sup,15,uniform,cosine,0.48102413345164474,0.5911111111111111,0.8445454545454544,0.19285714285714278
500,embedkit_sup,15,distance,euclidean,0.48102413345164474,0.5911111111111111,0.8445454545454544,0.19285714285714278
500,embedkit_sup,15,distance,cosine,0.4807646928922042,0.5911111111111111,0.8445454545454544,0.19285714285714278
500,embedkit_sup,21,uniform,euclidean,0.4515072643248805,0.5933333333333334,0.8863636363636362,0.13285714285714284
500,embedkit_sup,21,uniform,cosine,0.4511351907462852,0.5927777777777777,0.8854545454545455,0.13285714285714284
500,embedkit_sup,21,distance,euclidean,0.4515072643248805,0.5933333333333334,0.8863636363636362,0.13285714285714284
500,embedkit_sup,21,distance,cosine,0.4513979691778042,0.5916666666666667,0.8827272727272727,0.13428571428571426
500,corr_0.7,1,uniform,euclidean,0.5581845926386072,0.6066666666666667,0.7454545454545456,0.38857142857142857
500,corr_0.7,1,uniform,cosine,0.5690217267724772,0.6211111111111112,0.7718181818181817,0.3842857142857143
500,corr_0.7,1,distance,euclidean,0.5581845926386072,0.6066666666666667,0.7454545454545456,0.38857142857142857
500,corr_0.7,1,distance,cosine,0.5690217267724772,0.6211111111111112,0.7718181818181817,0.3842857142857143
500,corr_0.7,3,uniform,euclidean,0.5427579621264405,0.6172222222222221,0.8172727272727272,0.3028571428571428
500,corr_0.7,3,uniform,cosine,0.5483007733146414,0.62,0.8145454545454546,0.3142857142857143
500,corr_0.7,3,distance,euclidean,0.5427579621264405,0.6172222222222221,0.8172727272727272,0.3028571428571428
500,corr_0.7,3,distance,cosine,0.5483007733146414,0.62,0.8145454545454546,0.3142857142857143
500,corr_0.7,5,uniform,euclidean,0.5448897385362153,0.6255555555555556,0.8390909090909091,0.29
500,corr_0.7,5,uniform,cosine,0.5437800173672737,0.6288888888888889,0.8499999999999999,0.28142857142857136
500,corr_0.7,5,distance,euclidean,0.5448897385362153,0.6255555555555556,0.8390909090909091,0.29
500,corr_0.7,5,distance,cosine,0.5437800173672737,0.6288888888888889,0.8499999999999999,0.28142857142857136
500,corr_0.7,7,uniform,euclidean,0.5614238334933987,0.645,0.870909090909091,0.2899999999999999
500,corr_0.7,7,uniform,cosine,0.5646462502625922,0.655,0.8900000000000001,0.28571428571428564
500,corr_0.7,7,distance,euclidean,0.5614238334933987,0.645,0.870909090909091,0.2899999999999999
500,corr_0.7,7,distance,cosine,0.5646462502625922,0.655,0.8900000000000001,0.28571428571428564
500,corr_0.7,9,uniform,euclidean,0.5472765138520761,0.6394444444444445,0.8772727272727271,0.2657142857142856
500,corr_0.7,9,uniform,cosine,0.5691947647249747,0.6627777777777779,0.9045454545454545,0.28285714285714286
500,corr_0.7,9,distance,euclidean,0.5472765138520761,0.6394444444444445,0.8772727272727271,0.2657142857142856
500,corr_0.7,9,distance,cosine,0.5691947647249747,0.6627777777777779,0.9045454545454545,0.28285714285714286
500,corr_0.7,11,uniform,euclidean,0.5472300773328509,0.6505555555555556,0.9045454545454544,0.25142857142857133
500,corr_0.7,11,uniform,cosine,0.5615022040650227,0.6583333333333334,0.9063636363636363,0.26857142857142846
500,corr_0.7,11,distance,euclidean,0.5472300773328509,0.6505555555555556,0.9045454545454544,0.25142857142857133
500,corr_0.7,11,distance,cosine,0.5615022040650227,0.6583333333333334,0.9063636363636363,0.26857142857142846
500,corr_0.7,15,uniform,euclidean,0.5483801906267424,0.6611111111111113,0.9354545454545453,0.22999999999999993
500,corr_0.7,15,uniform,cosine,0.5470851900417868,0.662777777777778,0.9409090909090907,0.22571428571428565
500,corr_0.7,15,distance,euclidean,0.5483801906267424,0.6611111111111113,0.9354545454545453,0.22999999999999993
500,corr_0.7,15,distance,cosine,0.5470851900417868,0.662777777777778,0.9409090909090907,0.22571428571428565
500,corr_0.7,21,uniform,euclidean,0.5180518582394893,0.6522222222222225,0.9536363636363635,0.17857142857142855
500,corr_0.7,21,uniform,cosine,0.4993328153827404,0.6483333333333333,0.9663636363636364,0.14857142857142855
500,corr_0.7,21,distance,euclidean,0.5180518582394893,0.6522222222222225,0.9536363636363635,0.17857142857142855
500,corr_0.7,21,distance,cosine,0.4993328153827404,0.6483333333333333,0.9663636363636364,0.14857142857142855
500,corr_0.8,1,uniform,euclidean,0.5539199738408144,0.6055555555555556,0.7536363636363635,0.37285714285714294
500,corr_0.8,1,uniform,cosine,0.5856830287957356,0.6366666666666667,0.7854545454545455,0.4028571428571428
500,corr_0.8,1,distance,euclidean,0.5539199738408144,0.6055555555555556,0.7536363636363635,0.37285714285714294
500,corr_0.8,1,distance,cosine,0.5856830287957356,0.6366666666666667,0.7854545454545455,0.4028571428571428
500,corr_0.8,3,uniform,euclidean,0.5309042624181304,0.6161111111111112,0.8327272727272726,0.27571428571428563
500,corr_0.8,3,uniform,cosine,0.54409754869485,0.6205555555555555,0.8245454545454546,0.29999999999999993
500,corr_0.8,3,distance,euclidean,0.5309042624181304,0.6161111111111112,0.8327272727272726,0.27571428571428563
500,corr_0.8,3,distance,cosine,0.54409754869485,0.6205555555555555,0.8245454545454546,0.29999999999999993
500,corr_0.8,5,uniform,euclidean,0.5479803486368704,0.6316666666666667,0.8554545454545455,0.2799999999999999
500,corr_0.8,5,uniform,cosine,0.5573121449820101,0.6405555555555555,0.8609090909090908,0.2942857142857142
500,corr_0.8,5,distance,euclidean,0.5479803486368704,0.6316666666666667,0.8554545454545455,0.2799999999999999
500,corr_0.8,5,distance,cosine,0.5573121449820101,0.6405555555555555,0.8609090909090908,0.2942857142857142
500,corr_0.8,7,uniform,euclidean,0.5672000477921767,0.6533333333333334,0.8827272727272727,0.29285714285714276
500,corr_0.8,7,uniform,cosine,0.5707679104059914,0.6599999999999998,0.8945454545454545,0.29142857142857137
500,corr_0.8,7,distance,euclidean,0.5672000477921767,0.6533333333333334,0.8827272727272727,0.29285714285714276
500,corr_0.8,7,distance,cosine,0.5707679104059914,0.6599999999999998,0.8945454545454545,0.29142857142857137
500,corr_0.8,9,uniform,euclidean,0.5552676746514078,0.653888888888889,0.9027272727272727,0.2628571428571428
500,corr_0.8,9,uniform,cosine,0.5481698376669142,0.6483333333333333,0.8972727272727272,0.25714285714285706
500,corr_0.8,9,distance,euclidean,0.5552676746514078,0.653888888888889,0.9027272727272727,0.2628571428571428
500,corr_0.8,9,distance,cosine,0.5481698376669142,0.6483333333333333,0.8972727272727272,0.25714285714285706
500,corr_0.8,11,uniform,euclidean,0.5442101467525756,0.6533333333333334,0.9181818181818179,0.23714285714285707
500,corr_0.8,11,uniform,cosine,0.5472343280740583,0.6522222222222223,0.9099999999999997,0.24714285714285708
500,corr_0.8,11,distance,euclidean,0.5442101467525756,0.6533333333333334,0.9181818181818179,0.23714285714285707
500,corr_0.8,11,distance,cosine,0.5472343280740583,0.6522222222222223,0.9099999999999997,0.24714285714285708
500,corr_0.8,15,uniform,euclidean,0.5458592322109563,0.6611111111111113,0.9399999999999998,0.2228571428571428
500,corr_0.8,15,uniform,cosine,0.5333784139953556,0.6505555555555556,0.9254545454545453,0.21857142857142858
500,corr_0.8,15,distance,euclidean,0.5458592322109563,0.6611111111111113,0.9399999999999998,0.2228571428571428
500,corr_0.8,15,distance,cosine,0.5333784139953556,0.6505555555555556,0.9254545454545453,0.21857142857142858
500,corr_0.8,21,uniform,euclidean,0.5045345520380004,0.6511111111111112,0.9672727272727272,0.15428571428571428
500,corr_0.8,21,uniform,cosine,0.508089521853015,0.6533333333333334,0.9681818181818181,0.15857142857142853
500,corr_0.8,21,distance,euclidean,0.5045345520380004,0.6511111111111112,0.9672727272727272,0.15428571428571428
500,corr_0.8,21,distance,cosine,0.508089521853015,0.6533333333333334,0.9681818181818181,0.15857142857142853
500,corr_0.9,1,uniform,euclidean,0.5879483082313308,0.6344444444444445,0.770909090909091,0.41999999999999993
500,corr_0.9,1,uniform,cosine,0.6109524581037334,0.6527777777777779,0.7818181818181819,0.44999999999999996
500,corr_0.9,1,distance,euclidean,0.5879483082313308,0.6344444444444445,0.770909090909091,0.41999999999999993
500,corr_0.9,1,distance,cosine,0.6109524581037334,0.6527777777777779,0.7818181818181819,0.44999999999999996
500,corr_0.9,3,uniform,euclidean,0.5523492675481065,0.6311111111111112,0.8409090909090909,0.3014285714285714
500,corr_0.9,3,uniform,cosine,0.5599255843190624,0.6305555555555556,0.8272727272727272,0.3214285714285714
500,corr_0.9,3,distance,euclidean,0.5523492675481065,0.6311111111111112,0.8409090909090909,0.3014285714285714
500,corr_0.9,3,distance,cosine,0.5599255843190624,0.6305555555555556,0.8272727272727272,0.3214285714285714
500,corr_0.9,5,uniform,euclidean,0.5465894532476242,0.6322222222222222,0.8545454545454545,0.28285714285714275
500,corr_0.9,5,uniform,cosine,0.5621244070882752,0.6377777777777779,0.8454545454545455,0.31142857142857133
500,corr_0.9,5,distance,euclidean,0.5465894532476242,0.6322222222222222,0.8545454545454545,0.28285714285714275
500,corr_0.9,5,distance,cosine,0.5621244070882752,0.6377777777777779,0.8454545454545455,0.31142857142857133
500,corr_0.9,7,uniform,euclidean,0.5622608571921166,0.65,0.8818181818181817,0.28571428571428564
500,corr_0.9,7,uniform,cosine,0.5566455343770561,0.6427777777777779,0.869090909090909,0.28714285714285714
500,corr_0.9,7,distance,euclidean,0.5622608571921166,0.65,0.8818181818181817,0.28571428571428564
500,corr_0.9,7,distance,cosine,0.5566455343770561,0.6427777777777779,0.869090909090909,0.28714285714285714
500,corr_0.9,9,uniform,euclidean,0.5606762855918028,0.6533333333333334,0.8945454545454545,0.2742857142857142
500,corr_0.9,9,uniform,cosine,0.5585184758353424,0.6483333333333334,0.8809090909090908,0.28285714285714275
500,corr_0.9,9,distance,euclidean,0.5606762855918028,0.6533333333333334,0.8945454545454545,0.2742857142857142
500,corr_0.9,9,distance,cosine,0.5585184758353424,0.6483333333333334,0.8809090909090908,0.28285714285714275
500,corr_0.9,11,uniform,euclidean,0.5536278965162773,0.652777777777778,0.9009090909090908,0.2628571428571428
500,corr_0.9,11,uniform,cosine,0.5534212445392356,0.6511111111111112,0.8972727272727272,0.26428571428571423
500,corr_0.9,11,distance,euclidean,0.5536278965162773,0.652777777777778,0.9009090909090908,0.2628571428571428
500,corr_0.9,11,distance,cosine,0.5534212445392356,0.6511111111111112,0.8972727272727272,0.26428571428571423
500,corr_0.9,15,uniform,euclidean,0.5319991719674628,0.6494444444444444,0.9272727272727274,0.21285714285714277
500,corr_0.9,15,uniform,cosine,0.5351345598207667,0.6477777777777777,0.9181818181818181,0.22285714285714284
500,corr_0.9,15,distance,euclidean,0.5319991719674628,0.6494444444444444,0.9272727272727274,0.21285714285714277
500,corr_0.9,15,distance,cosine,0.5351345598207667,0.6477777777777777,0.9181818181818181,0.22285714285714284
500,corr_0.9,21,uniform,euclidean,0.4899392941030872,0.638888888888889,0.9527272727272726,0.14571428571428569
500,corr_0.9,21,uniform,cosine,0.48912621164165393,0.64,0.9563636363636364,0.14285714285714282
500,corr_0.9,21,distance,euclidean,0.4899392941030872,0.638888888888889,0.9527272727272726,0.14571428571428569
500,corr_0.9,21,distance,cosine,0.48912621164165393,0.64,0.9563636363636364,0.14285714285714282
500,corr_0.95,1,uniform,euclidean,0.5792012868661678,0.6261111111111112,0.7654545454545455,0.40714285714285714
500,corr_0.95,1,uniform,cosine,0.6029288015047775,0.6455555555555555,0.7736363636363636,0.44428571428571423
500,corr_0.95,1,distance,euclidean,0.5792012868661678,0.6261111111111112,0.7654545454545455,0.40714285714285714
500,corr_0.95,1,distance,cosine,0.6029288015047775,0.6455555555555555,0.7736363636363636,0.44428571428571423
500,corr_0.95,3,uniform,euclidean,0.5636698599342158,0.6350000000000001,0.8336363636363637,0.3228571428571428
500,corr_0.95,3,uniform,cosine,0.5612949103231711,0.6288888888888888,0.8172727272727274,0.3328571428571428
500,corr_0.95,3,distance,euclidean,0.5636698599342158,0.6350000000000001,0.8336363636363637,0.3228571428571428
500,corr_0.95,3,distance,cosine,0.5612949103231711,0.6288888888888888,0.8172727272727274,0.3328571428571428
500,corr_0.95,5,uniform,euclidean,0.5524551474567967,0.6344444444444445,0.8527272727272727,0.29142857142857137
500,corr_0.95,5,uniform,cosine,0.554141962801483,0.6333333333333334,0.8463636363636364,0.2985714285714285
500,corr_0.95,5,distance,euclidean,0.5524551474567967,0.6344444444444445,0.8527272727272727,0.29142857142857137
500,corr_0.95,5,distance,cosine,0.554141962801483,0.6333333333333334,0.8463636363636364,0.2985714285714285
500,corr_0.95,7,uniform,euclidean,0.560967478750912,0.6466666666666667,0.8736363636363635,0.29
500,corr_0.95,7,uniform,cosine,0.5563972550798638,0.6416666666666667,0.8663636363636366,0.28857142857142853
500,corr_0.95,7,distance,euclidean,0.560967478750912,0.6466666666666667,0.8736363636363635,0.29
500,corr_0.95,7,distance,cosine,0.5563972550798638,0.6416666666666667,0.8663636363636366,0.28857142857142853
500,corr_0.95,9,uniform,euclidean,0.5572708884929274,0.6505555555555556,0.8909090909090908,0.2728571428571428
500,corr_0.95,9,uniform,cosine,0.5543955040008649,0.645,0.878181818181818,0.2785714285714285
500,corr_0.95,9,distance,euclidean,0.5572708884929274,0.6505555555555556,0.8909090909090908,0.2728571428571428
500,corr_0.95,9,distance,cosine,0.5543955040008649,0.645,0.878181818181818,0.2785714285714285
500,corr_0.95,11,uniform,euclidean,0.5508305981624573,0.6544444444444446,0.9109090909090908,0.25142857142857133
500,corr_0.95,11,uniform,cosine,0.5548245597425508,0.6511111111111112,0.8945454545454544,0.2685714285714285
500,corr_0.95,11,distance,euclidean,0.5508305981624573,0.6544444444444446,0.9109090909090908,0.25142857142857133
500,corr_0.95,11,distance,cosine,0.5548245597425508,0.6511111111111112,0.8945454545454544,0.2685714285714285
500,corr_0.95,15,uniform,euclidean,0.5282508195674612,0.6466666666666667,0.9254545454545453,0.20857142857142852
500,corr_0.95,15,uniform,cosine,0.5343543647867487,0.6461111111111112,0.9172727272727272,0.21999999999999992
500,corr_0.95,15,distance,euclidean,0.5282508195674612,0.6466666666666667,0.9254545454545453,0.20857142857142852
500,corr_0.95,15,distance,cosine,0.5343543647867487,0.6461111111111112,0.9172727272727272,0.21999999999999992
500,corr_0.95,21,uniform,euclidean,0.48684214176627977,0.6377777777777779,0.9554545454545453,0.13857142857142857
500,corr_0.95,21,uniform,cosine,0.4896847885830644,0.6327777777777778,0.9409090909090908,0.14857142857142855
500,corr_0.95,21,distance,euclidean,0.48684214176627977,0.6377777777777779,0.9554545454545453,0.13857142857142857
500,corr_0.95,21,distance,cosine,0.4896847885830644,0.6327777777777778,0.9409090909090908,0.14857142857142855
1000,raw,1,uniform,euclidean,0.5755904926684169,0.6216666666666668,0.7572727272727274,0.40857142857142853
1000,raw,1,uniform,cosine,0.5755904926684169,0.6216666666666668,0.7572727272727274,0.40857142857142853
1000,raw,1,distance,euclidean,0.5755904926684169,0.6216666666666668,0.7572727272727274,0.40857142857142853
1000,raw,1,distance,cosine,0.5755904926684169,0.6216666666666668,0.7572727272727274,0.40857142857142853
1000,raw,3,uniform,euclidean,0.6072262334284073,0.6622222222222223,0.83,0.3985714285714285
1000,raw,3,uniform,cosine,0.6072262334284073,0.6622222222222223,0.83,0.3985714285714285
1000,raw,3,distance,euclidean,0.6072262334284073,0.6622222222222223,0.83,0.3985714285714285
1000,raw,3,distance,cosine,0.6072262334284073,0.6622222222222223,0.83,0.3985714285714285
1000,raw,5,uniform,euclidean,0.5650710738273331,0.6322222222222222,0.8245454545454544,0.33
1000,raw,5,uniform,cosine,0.5650710738273331,0.6322222222222222,0.8245454545454544,0.33
1000,raw,5,distance,euclidean,0.5650710738273331,0.6322222222222222,0.8245454545454544,0.33
1000,raw,5,distance,cosine,0.5650710738273331,0.6322222222222222,0.8245454545454544,0.33
1000,raw,7,uniform,euclidean,0.5627745962598669,0.6383333333333334,0.8490909090909091,0.30714285714285705
1000,raw,7,uniform,cosine,0.5627745962598669,0.6383333333333334,0.8490909090909091,0.30714285714285705
1000,raw,7,distance,euclidean,0.5627745962598669,0.6383333333333334,0.8490909090909091,0.30714285714285705
1000,raw,7,distance,cosine,0.5627745962598669,0.6383333333333334,0.8490909090909091,0.30714285714285705
1000,raw,9,uniform,euclidean,0.569500364785972,0.65,0.8709090909090907,0.3028571428571428
1000,raw,9,uniform,cosine,0.569500364785972,0.65,0.8709090909090907,0.3028571428571428
1000,raw,9,distance,euclidean,0.569500364785972,0.65,0.8709090909090907,0.3028571428571428
1000,raw,9,distance,cosine,0.569500364785972,0.65,0.8709090909090907,0.3028571428571428
1000,raw,11,uniform,euclidean,0.5615897858457828,0.6450000000000001,0.8718181818181818,0.2885714285714285
1000,raw,11,uniform,cosine,0.5615897858457828,0.6450000000000001,0.8718181818181818,0.2885714285714285
1000,raw,11,distance,euclidean,0.5615897858457828,0.6450000000000001,0.8718181818181818,0.2885714285714285
1000,raw,11,distance,cosine,0.5615897858457828,0.6450000000000001,0.8718181818181818,0.2885714285714285
1000,raw,15,uniform,euclidean,0.5747666288900172,0.6633333333333334,0.8999999999999999,0.29142857142857137
1000,raw,15,uniform,cosine,0.5747666288900172,0.6633333333333334,0.8999999999999999,0.29142857142857137
1000,raw,15,distance,euclidean,0.5747666288900172,0.6633333333333334,0.8999999999999999,0.29142857142857137
1000,raw,15,distance,cosine,0.5747666288900172,0.6633333333333334,0.8999999999999999,0.29142857142857137
1000,raw,21,uniform,euclidean,0.5229542525163214,0.6516666666666668,0.9472727272727272,0.18714285714285706
1000,raw,21,uniform,cosine,0.5229542525163214,0.6516666666666668,0.9472727272727272,0.18714285714285706
1000,raw,21,distance,euclidean,0.5229542525163214,0.6516666666666668,0.9472727272727272,0.18714285714285706
1000,raw,21,distance,cosine,0.5229542525163214,0.6516666666666668,0.9472727272727272,0.18714285714285706
1000,pca,1,uniform,euclidean,0.5185170040118691,0.6105555555555556,0.842727272727273,0.24571428571428564
1000,pca,1,uniform,cosine,0.623799224595967,0.653888888888889,0.7381818181818183,0.5214285714285714
1000,pca,1,distance,euclidean,0.5185170040118691,0.6105555555555556,0.842727272727273,0.24571428571428564
1000,pca,1,distance,cosine,0.623799224595967,0.653888888888889,0.7381818181818183,0.5214285714285714
1000,pca,3,uniform,euclidean,0.5229658510904388,0.6422222222222222,0.9172727272727272,0.20999999999999994
1000,pca,3,uniform,cosine,0.5907123928839839,0.6355555555555555,0.7681818181818183,0.42714285714285716
1000,pca,3,distance,euclidean,0.5229658510904388,0.6422222222222222,0.9172727272727272,0.20999999999999994
1000,pca,3,distance,cosine,0.5907123928839839,0.6355555555555555,0.7681818181818183,0.42714285714285716
1000,pca,5,uniform,euclidean,0.5145049881735788,0.638888888888889,0.9236363636363635,0.1914285714285714
1000,pca,5,uniform,cosine,0.5707210359429635,0.6250000000000001,0.7872727272727273,0.37
1000,pca,5,distance,euclidean,0.5145049881735788,0.638888888888889,0.9236363636363635,0.1914285714285714
1000,pca,5,distance,cosine,0.5707210359429635,0.6250000000000001,0.7872727272727273,0.37
1000,pca,7,uniform,euclidean,0.5083002959004459,0.6355555555555557,0.9227272727272726,0.18428571428571425
1000,pca,7,uniform,cosine,0.5689849497533542,0.6400000000000001,0.8345454545454545,0.33428571428571424
1000,pca,7,distance,euclidean,0.5083002959004459,0.6355555555555557,0.9227272727272726,0.18428571428571425
1000,pca,7,distance,cosine,0.5694031315715361,0.6405555555555558,0.8354545454545454,0.33428571428571424
1000,pca,9,uniform,euclidean,0.5130891255754075,0.646111111111111,0.9427272727272726,0.17999999999999997
1000,pca,9,uniform,cosine,0.5603248484884542,0.6372222222222222,0.8454545454545455,0.3099999999999999
1000,pca,9,distance,euclidean,0.5130891255754075,0.646111111111111,0.9427272727272726,0.17999999999999997
1000,pca,9,distance,cosine,0.5611147007456978,0.6383333333333334,0.8472727272727273,0.3099999999999999
1000,pca,11,uniform,euclidean,0.5126775416293408,0.6472222222222223,0.9454545454545454,0.17857142857142855
1000,pca,11,uniform,cosine,0.5557924863797428,0.64,0.8599999999999999,0.29428571428571415
1000,pca,11,distance,euclidean,0.5126775416293408,0.6472222222222223,0.9454545454545454,0.17857142857142855
1000,pca,11,distance,cosine,0.5571532459905024,0.6416666666666666,0.8627272727272727,0.29428571428571415
1000,pca,15,uniform,euclidean,0.48576788766788764,0.6411111111111112,0.9636363636363634,0.13428571428571426
1000,pca,15,uniform,cosine,0.5717334226964661,0.6605555555555557,0.9009090909090908,0.28285714285714275
1000,pca,15,distance,euclidean,0.48576788766788764,0.6411111111111112,0.9636363636363634,0.13428571428571426
1000,pca,15,distance,cosine,0.5701797858480017,0.6611111111111113,0.9036363636363636,0.2799999999999999
1000,pca,21,uniform,euclidean,0.4413932830260417,0.6200000000000001,0.9609090909090909,0.08428571428571427
1000,pca,21,uniform,cosine,0.5508243929206448,0.663888888888889,0.9399999999999998,0.22999999999999993
1000,pca,21,distance,euclidean,0.4413932830260417,0.6200000000000001,0.9609090909090909,0.08428571428571427
1000,pca,21,distance,cosine,0.5561923573233918,0.6666666666666669,0.9399999999999998,0.23714285714285707
1000,embedkit_unsup,1,uniform,euclidean,0.5086979516180115,0.545,0.6381818181818182,0.39857142857142863
1000,embedkit_unsup,1,uniform,cosine,0.5086979516180115,0.545,0.6381818181818182,0.39857142857142863
1000,embedkit_unsup,1,distance,euclidean,0.5086979516180115,0.545,0.6381818181818182,0.39857142857142863
1000,embedkit_unsup,1,distance,cosine,0.5086979516180115,0.545,0.6381818181818182,0.39857142857142863
1000,embedkit_unsup,3,uniform,euclidean,0.49769844237314964,0.55,0.6809090909090911,0.34428571428571425
1000,embedkit_unsup,3,uniform,cosine,0.49769844237314964,0.55,0.6809090909090911,0.34428571428571425
1000,embedkit_unsup,3,distance,euclidean,0.49769844237314964,0.55,0.6809090909090911,0.34428571428571425
1000,embedkit_unsup,3,distance,cosine,0.49769844237314964,0.55,0.6809090909090911,0.34428571428571425
1000,embedkit_unsup,5,uniform,euclidean,0.5041640932820165,0.5694444444444445,0.730909090909091,0.31571428571428567
1000,embedkit_unsup,5,uniform,cosine,0.5031327542506774,0.5688888888888889,0.730909090909091,0.3142857142857143
1000,embedkit_unsup,5,distance,euclidean,0.5041640932820165,0.5694444444444445,0.730909090909091,0.31571428571428567
1000,embedkit_unsup,5,distance,cosine,0.5031327542506774,0.5688888888888889,0.730909090909091,0.3142857142857143
1000,embedkit_unsup,7,uniform,euclidean,0.5002166493383549,0.5777777777777777,0.7627272727272725,0.2871428571428571
1000,embedkit_unsup,7,uniform,cosine,0.49974911687082246,0.5772222222222222,0.7618181818181817,0.2871428571428571
1000,embedkit_unsup,7,distance,euclidean,0.5002166493383549,0.5777777777777777,0.7627272727272725,0.2871428571428571
1000,embedkit_unsup,7,distance,cosine,0.49974911687082246,0.5772222222222222,0.7618181818181817,0.2871428571428571
1000,embedkit_unsup,9,uniform,euclidean,0.48257132745948605,0.5744444444444443,0.7818181818181817,0.24857142857142847
1000,embedkit_unsup,9,uniform,cosine,0.48257132745948605,0.5744444444444443,0.7818181818181817,0.24857142857142847
1000,embedkit_unsup,9,distance,euclidean,0.48257132745948605,0.5744444444444443,0.7818181818181817,0.24857142857142847
1000,embedkit_unsup,9,distance,cosine,0.48257132745948605,0.5744444444444443,0.7818181818181817,0.24857142857142847
1000,embedkit_unsup,11,uniform,euclidean,0.5018156565058006,0.5977777777777777,0.8172727272727274,0.2528571428571428
1000,embedkit_unsup,11,uniform,cosine,0.5018156565058006,0.5977777777777777,0.8172727272727274,0.2528571428571428
1000,embedkit_unsup,11,distance,euclidean,0.5018156565058006,0.5977777777777777,0.8172727272727274,0.2528571428571428
1000,embedkit_unsup,11,distance,cosine,0.5014895695492789,0.5972222222222222,0.8163636363636364,0.2528571428571428
1000,embedkit_unsup,15,uniform,euclidean,0.48547706671323726,0.6011111111111112,0.8581818181818182,0.1971428571428571
1000,embedkit_unsup,15,uniform,cosine,0.48547706671323726,0.6011111111111112,0.8581818181818182,0.1971428571428571
1000,embedkit_unsup,15,distance,euclidean,0.48547706671323726,0.6011111111111112,0.8581818181818182,0.1971428571428571
1000,embedkit_unsup,15,distance,cosine,0.48459594783211835,0.6005555555555556,0.8581818181818182,0.19571428571428565
1000,embedkit_unsup,21,uniform,euclidean,0.4661969044199179,0.6077777777777779,0.9018181818181817,0.14571428571428566
1000,embedkit_unsup,21,uniform,cosine,0.4661969044199179,0.6077777777777779,0.9018181818181817,0.14571428571428566
1000,embedkit_unsup,21,distance,euclidean,0.4661969044199179,0.6077777777777779,0.9018181818181817,0.14571428571428566
1000,embedkit_unsup,21,distance,cosine,0.4705802939633525,0.61,0.9009090909090908,0.15285714285714283
1000,embedkit_sup,1,uniform,euclidean,0.5086979516180115,0.545,0.6381818181818182,0.39857142857142863
1000,embedkit_sup,1,uniform,cosine,0.5086979516180115,0.545,0.6381818181818182,0.39857142857142863
1000,embedkit_sup,1,distance,euclidean,0.5086979516180115,0.545,0.6381818181818182,0.39857142857142863
1000,embedkit_sup,1,distance,cosine,0.5086979516180115,0.545,0.6381818181818182,0.39857142857142863
1000,embedkit_sup,3,uniform,euclidean,0.49769844237314964,0.55,0.6809090909090911,0.34428571428571425
1000,embedkit_sup,3,uniform,cosine,0.49769844237314964,0.55,0.6809090909090911,0.34428571428571425
1000,embedkit_sup,3,distance,euclidean,0.49769844237314964,0.55,0.6809090909090911,0.34428571428571425
1000,embedkit_sup,3,distance,cosine,0.49769844237314964,0.55,0.6809090909090911,0.34428571428571425
1000,embedkit_sup,5,uniform,euclidean,0.5041640932820165,0.5694444444444445,0.730909090909091,0.31571428571428567
1000,embedkit_sup,5,uniform,cosine,0.5031327542506774,0.5688888888888889,0.730909090909091,0.3142857142857143
1000,embedkit_sup,5,distance,euclidean,0.5041640932820165,0.5694444444444445,0.730909090909091,0.31571428571428567
1000,embedkit_sup,5,distance,cosine,0.5031327542506774,0.5688888888888889,0.730909090909091,0.3142857142857143
1000,embedkit_sup,7,uniform,euclidean,0.5002166493383549,0.5777777777777777,0.7627272727272725,0.2871428571428571
1000,embedkit_sup,7,uniform,cosine,0.49974911687082246,0.5772222222222222,0.7618181818181817,0.2871428571428571
1000,embedkit_sup,7,distance,euclidean,0.5002166493383549,0.5777777777777777,0.7627272727272725,0.2871428571428571
1000,embedkit_sup,7,distance,cosine,0.49974911687082246,0.5772222222222222,0.7618181818181817,0.2871428571428571
1000,embedkit_sup,9,uniform,euclidean,0.48257132745948605,0.5744444444444443,0.7818181818181817,0.24857142857142847
1000,embedkit_sup,9,uniform,cosine,0.48257132745948605,0.5744444444444443,0.7818181818181817,0.24857142857142847
1000,embedkit_sup,9,distance,euclidean,0.48257132745948605,0.5744444444444443,0.7818181818181817,0.24857142857142847
1000,embedkit_sup,9,distance,cosine,0.48257132745948605,0.5744444444444443,0.7818181818181817,0.24857142857142847
1000,embedkit_sup,11,uniform,euclidean,0.5018156565058006,0.5977777777777777,0.8172727272727274,0.2528571428571428
1000,embedkit_sup,11,uniform,cosine,0.5018156565058006,0.5977777777777777,0.8172727272727274,0.2528571428571428
1000,embedkit_sup,11,distance,euclidean,0.5018156565058006,0.5977777777777777,0.8172727272727274,0.2528571428571428
1000,embedkit_sup,11,distance,cosine,0.5014895695492789,0.5972222222222222,0.8163636363636364,0.2528571428571428
1000,embedkit_sup,15,uniform,euclidean,0.48547706671323726,0.6011111111111112,0.8581818181818182,0.1971428571428571
1000,embedkit_sup,15,uniform,cosine,0.48547706671323726,0.6011111111111112,0.8581818181818182,0.1971428571428571
1000,embedkit_sup,15,distance,euclidean,0.48547706671323726,0.6011111111111112,0.8581818181818182,0.1971428571428571
1000,embedkit_sup,15,distance,cosine,0.48459594783211835,0.6005555555555556,0.8581818181818182,0.19571428571428565
1000,embedkit_sup,21,uniform,euclidean,0.4661969044199179,0.6077777777777779,0.9018181818181817,0.14571428571428566
1000,embedkit_sup,21,uniform,cosine,0.4661969044199179,0.6077777777777779,0.9018181818181817,0.14571428571428566
1000,embedkit_sup,21,distance,euclidean,0.4661969044199179,0.6077777777777779,0.9018181818181817,0.14571428571428566
1000,embedkit_sup,21,distance,cosine,0.4705802939633525,0.61,0.9009090909090908,0.15285714285714283
1000,corr_0.7,1,uniform,euclidean,0.5537325310674651,0.608888888888889,0.76,0.3714285714285714
1000,corr_0.7,1,uniform,cosine,0.5847090479344618,0.6283333333333334,0.7590909090909093,0.42285714285714276
1000,corr_0.7,1,distance,euclidean,0.5537325310674651,0.608888888888889,0.76,0.3714285714285714
1000,corr_0.7,1,distance,cosine,0.5847090479344618,0.6283333333333334,0.7590909090909093,0.42285714285714276
1000,corr_0.7,3,uniform,euclidean,0.5230396817657321,0.6122222222222223,0.8318181818181819,0.2671428571428571
1000,corr_0.7,3,uniform,cosine,0.5892037735086835,0.6572222222222223,0.8472727272727273,0.35857142857142854
1000,corr_0.7,3,distance,euclidean,0.5230396817657321,0.6122222222222223,0.8318181818181819,0.2671428571428571
1000,corr_0.7,3,distance,cosine,0.5892037735086835,0.6572222222222223,0.8472727272727273,0.35857142857142854
1000,corr_0.7,5,uniform,euclidean,0.5333089737874978,0.6344444444444445,0.88,0.2485714285714285
1000,corr_0.7,5,uniform,cosine,0.5844002172823012,0.663888888888889,0.8854545454545455,0.3157142857142856
1000,corr_0.7,5,distance,euclidean,0.5333089737874978,0.6344444444444445,0.88,0.2485714285714285
1000,corr_0.7,5,distance,cosine,0.5844002172823012,0.663888888888889,0.8854545454545455,0.3157142857142856
1000,corr_0.7,7,uniform,euclidean,0.5405450551655574,0.6494444444444444,0.9063636363636363,0.24571428571428566
1000,corr_0.7,7,uniform,cosine,0.5614714923590485,0.6500000000000001,0.8799999999999999,0.2885714285714285
1000,corr_0.7,7,distance,euclidean,0.5405450551655574,0.6494444444444444,0.9063636363636363,0.24571428571428566
1000,corr_0.7,7,distance,cosine,0.5614714923590485,0.6500000000000001,0.8799999999999999,0.2885714285714285
1000,corr_0.7,9,uniform,euclidean,0.549893558756752,0.6688888888888889,0.9454545454545453,0.2342857142857142
1000,corr_0.7,9,uniform,cosine,0.5737909887630276,0.6611111111111113,0.8954545454545453,0.29285714285714276
1000,corr_0.7,9,distance,euclidean,0.549893558756752,0.6688888888888889,0.9454545454545453,0.2342857142857142
1000,corr_0.7,9,distance,cosine,0.5737909887630276,0.6611111111111113,0.8954545454545453,0.29285714285714276
1000,corr_0.7,11,uniform,euclidean,0.5244723665861596,0.6616666666666668,0.9636363636363634,0.18714285714285708
1000,corr_0.7,11,uniform,cosine,0.575040537978319,0.6644444444444444,0.9045454545454544,0.28714285714285703
1000,corr_0.7,11,distance,euclidean,0.5244723665861596,0.6616666666666668,0.9636363636363634,0.18714285714285708
1000,corr_0.7,11,distance,cosine,0.575040537978319,0.6644444444444444,0.9045454545454544,0.28714285714285703
1000,corr_0.7,15,uniform,euclidean,0.5054385234178338,0.6555555555555557,0.9727272727272727,0.1571428571428571
1000,corr_0.7,15,uniform,cosine,0.5587458774608698,0.6638888888888892,0.9263636363636363,0.25142857142857133
1000,corr_0.7,15,distance,euclidean,0.5054385234178338,0.6555555555555557,0.9727272727272727,0.1571428571428571
1000,corr_0.7,15,distance,cosine,0.5587458774608698,0.6638888888888892,0.9263636363636363,0.25142857142857133
1000,corr_0.7,21,uniform,euclidean,0.46710109172020714,0.64,0.980909090909091,0.10428571428571427
1000,corr_0.7,21,uniform,cosine,0.5214539540918851,0.6600000000000001,0.9699999999999999,0.17285714285714276
1000,corr_0.7,21,distance,euclidean,0.46710109172020714,0.64,0.980909090909091,0.10428571428571427
1000,corr_0.7,21,distance,cosine,0.5214539540918851,0.6600000000000001,0.9699999999999999,0.17285714285714276
1000,corr_0.8,1,uniform,euclidean,0.5361132852832644,0.5977777777777779,0.7618181818181818,0.34
1000,corr_0.8,1,uniform,cosine,0.5853663622752464,0.6361111111111111,0.7872727272727273,0.39857142857142863
1000,corr_0.8,1,distance,euclidean,0.5361132852832644,0.5977777777777779,0.7618181818181818,0.34
1000,corr_0.8,1,distance,cosine,0.5853663622752464,0.6361111111111111,0.7872727272727273,0.39857142857142863
1000,corr_0.8,3,uniform,euclidean,0.5171420777197775,0.62,0.8654545454545455,0.2342857142857142
1000,corr_0.8,3,uniform,cosine,0.5743116075023871,0.6422222222222221,0.8318181818181817,0.3442857142857143
1000,corr_0.8,3,distance,euclidean,0.5171420777197775,0.62,0.8654545454545455,0.2342857142857142
1000,corr_0.8,3,distance,cosine,0.5743116075023871,0.6422222222222221,0.8318181818181817,0.3442857142857143
1000,corr_0.8,5,uniform,euclidean,0.4950526498951173,0.6261111111111112,0.9118181818181816,0.17714285714285713
1000,corr_0.8,5,uniform,cosine,0.5553456361424127,0.6433333333333334,0.8736363636363635,0.28142857142857136
1000,corr_0.8,5,distance,euclidean,0.4950526498951173,0.6261111111111112,0.9118181818181816,0.17714285714285713
1000,corr_0.8,5,distance,cosine,0.5553456361424127,0.6433333333333334,0.8736363636363635,0.28142857142857136
1000,corr_0.8,7,uniform,euclidean,0.5127500510428546,0.6422222222222222,0.9318181818181818,0.18714285714285708
1000,corr_0.8,7,uniform,cosine,0.5637185609631636,0.6555555555555556,0.8954545454545453,0.27857142857142847
1000,corr_0.8,7,distance,euclidean,0.5127500510428546,0.6422222222222222,0.9318181818181818,0.18714285714285708
1000,corr_0.8,7,distance,cosine,0.5637185609631636,0.6555555555555556,0.8954545454545453,0.27857142857142847
1000,corr_0.8,9,uniform,euclidean,0.5163123480606239,0.6488888888888888,0.9454545454545454,0.1828571428571428
1000,corr_0.8,9,uniform,cosine,0.5570977010800849,0.6516666666666667,0.8954545454545453,0.2685714285714285
1000,corr_0.8,9,distance,euclidean,0.5163123480606239,0.6488888888888888,0.9454545454545454,0.1828571428571428
1000,corr_0.8,9,distance,cosine,0.5570977010800849,0.6516666666666667,0.8954545454545453,0.2685714285714285
1000,corr_0.8,11,uniform,euclidean,0.5125517483155414,0.6544444444444444,0.9636363636363634,0.16857142857142854
1000,corr_0.8,11,uniform,cosine,0.5554052460172401,0.6500000000000001,0.8945454545454544,0.2657142857142857
1000,corr_0.8,11,distance,euclidean,0.5125517483155414,0.6544444444444444,0.9636363636363634,0.16857142857142854
1000,corr_0.8,11,distance,cosine,0.5554052460172401,0.6500000000000001,0.8945454545454544,0.2657142857142857
1000,corr_0.8,15,uniform,euclidean,0.48127057482747143,0.6438888888888888,0.9727272727272726,0.1271428571428571
1000,corr_0.8,15,uniform,cosine,0.5710505124810222,0.6716666666666667,0.928181818181818,0.2685714285714285
1000,corr_0.8,15,distance,euclidean,0.48127057482747143,0.6438888888888888,0.9727272727272726,0.1271428571428571
1000,corr_0.8,15,distance,cosine,0.5710505124810222,0.6716666666666667,0.928181818181818,0.2685714285714285
1000,corr_0.8,21,uniform,euclidean,0.44819079974942044,0.6327777777777779,0.9845454545454545,0.07999999999999999
1000,corr_0.8,21,uniform,cosine,0.5132311963898172,0.6566666666666668,0.9709090909090908,0.1628571428571428
1000,corr_0.8,21,distance,euclidean,0.44819079974942044,0.6327777777777779,0.9845454545454545,0.07999999999999999
1000,corr_0.8,21,distance,cosine,0.5132311963898172,0.6566666666666668,0.9709090909090908,0.1628571428571428
1000,corr_0.9,1,uniform,euclidean,0.5707600092149965,0.6183333333333333,0.7563636363636363,0.40142857142857147
1000,corr_0.9,1,uniform,cosine,0.5960861394644003,0.6422222222222222,0.7790909090909092,0.4271428571428571
1000,corr_0.9,1,distance,euclidean,0.5707600092149965,0.6183333333333333,0.7563636363636363,0.40142857142857147
1000,corr_0.9,1,distance,cosine,0.5960861394644003,0.6422222222222222,0.7790909090909092,0.4271428571428571
1000,corr_0.9,3,uniform,euclidean,0.5660419987593531,0.6411111111111113,0.8409090909090908,0.3271428571428572
1000,corr_0.9,3,uniform,cosine,0.6206737268000393,0.6744444444444446,0.8436363636363637,0.40857142857142853
1000,corr_0.9,3,distance,euclidean,0.5660419987593531,0.6411111111111113,0.8409090909090908,0.3271428571428572
1000,corr_0.9,3,distance,cosine,0.6206737268000393,0.6744444444444446,0.8436363636363637,0.40857142857142853
1000,corr_0.9,5,uniform,euclidean,0.5604008267927308,0.6561111111111111,0.8981818181818181,0.27571428571428563
1000,corr_0.9,5,uniform,cosine,0.592427406573547,0.6594444444444446,0.8545454545454544,0.35285714285714287
1000,corr_0.9,5,distance,euclidean,0.5604008267927308,0.6561111111111111,0.8981818181818181,0.27571428571428563
1000,corr_0.9,5,distance,cosine,0.592427406573547,0.6594444444444446,0.8545454545454544,0.35285714285714287
1000,corr_0.9,7,uniform,euclidean,0.5698876415216746,0.6666666666666667,0.9154545454545453,0.27571428571428563
1000,corr_0.9,7,uniform,cosine,0.5781067632184573,0.6566666666666667,0.8745454545454545,0.3142857142857142
1000,corr_0.9,7,distance,euclidean,0.5698876415216746,0.6666666666666667,0.9154545454545453,0.27571428571428563
1000,corr_0.9,7,distance,cosine,0.5781067632184573,0.6566666666666667,0.8745454545454545,0.3142857142857142
1000,corr_0.9,9,uniform,euclidean,0.5612865083941545,0.6655555555555556,0.9272727272727272,0.2542857142857142
1000,corr_0.9,9,uniform,cosine,0.5828217829951714,0.6638888888888892,0.8872727272727272,0.3128571428571428
1000,corr_0.9,9,distance,euclidean,0.5612865083941545,0.6655555555555556,0.9272727272727272,0.2542857142857142
1000,corr_0.9,9,distance,cosine,0.5828217829951714,0.6638888888888892,0.8872727272727272,0.3128571428571428
1000,corr_0.9,11,uniform,euclidean,0.5623903362920605,0.6705555555555559,0.9372727272727271,0.2514285714285714
1000,corr_0.9,11,uniform,cosine,0.5632375702674802,0.6505555555555557,0.8845454545454544,0.28285714285714275
1000,corr_0.9,11,distance,euclidean,0.5623903362920605,0.6705555555555559,0.9372727272727271,0.2514285714285714
1000,corr_0.9,11,distance,cosine,0.5632375702674802,0.6505555555555557,0.8845454545454544,0.28285714285714275
1000,corr_0.9,15,uniform,euclidean,0.5398088764225946,0.6622222222222223,0.9490909090909089,0.21142857142857138
1000,corr_0.9,15,uniform,cosine,0.5574028465787085,0.6566666666666667,0.9081818181818181,0.26142857142857134
1000,corr_0.9,15,distance,euclidean,0.5398088764225946,0.6622222222222223,0.9490909090909089,0.21142857142857138
1000,corr_0.9,15,distance,cosine,0.5574028465787085,0.6566666666666667,0.9081818181818181,0.26142857142857134
1000,corr_0.9,21,uniform,euclidean,0.4816469345469346,0.638888888888889,0.9627272727272727,0.12999999999999998
1000,corr_0.9,21,uniform,cosine,0.5094735310666345,0.6516666666666666,0.9627272727272725,0.1628571428571428
1000,corr_0.9,21,distance,euclidean,0.4816469345469346,0.638888888888889,0.9627272727272727,0.12999999999999998
1000,corr_0.9,21,distance,cosine,0.5094735310666345,0.6516666666666666,0.9627272727272725,0.1628571428571428
1000,corr_0.95,1,uniform,euclidean,0.5698878648939391,0.611111111111111,0.73,0.4242857142857144
1000,corr_0.95,1,uniform,cosine,0.5862469203099637,0.6322222222222222,0.771818181818182,0.41285714285714276
1000,corr_0.95,1,distance,euclidean,0.5698878648939391,0.611111111111111,0.73,0.4242857142857144
1000,corr_0.95,1,distance,cosine,0.5862469203099637,0.6322222222222222,0.771818181818182,0.41285714285714276
1000,corr_0.95,3,uniform,euclidean,0.5786386675356321,0.6455555555555555,0.8318181818181816,0.35285714285714287
1000,corr_0.95,3,uniform,cosine,0.6265635420308966,0.6794444444444445,0.8436363636363637,0.4214285714285714
1000,corr_0.95,3,distance,euclidean,0.5786386675356321,0.6455555555555555,0.8318181818181816,0.35285714285714287
1000,corr_0.95,3,distance,cosine,0.6265635420308966,0.6794444444444445,0.8436363636363637,0.4214285714285714
1000,corr_0.95,5,uniform,euclidean,0.5658756675580513,0.6533333333333333,0.8827272727272727,0.29285714285714276
1000,corr_0.95,5,uniform,cosine,0.5954139403408518,0.6594444444444446,0.8481818181818181,0.3628571428571428
1000,corr_0.95,5,distance,euclidean,0.5658756675580513,0.6533333333333333,0.8827272727272727,0.29285714285714276
1000,corr_0.95,5,distance,cosine,0.5954139403408518,0.6594444444444446,0.8481818181818181,0.3628571428571428
1000,corr_0.95,7,uniform,euclidean,0.5848705200624241,0.6761111111111113,0.9163636363636363,0.29857142857142854
1000,corr_0.95,7,uniform,cosine,0.5894466129857066,0.6650000000000001,0.8772727272727272,0.3314285714285714
1000,corr_0.95,7,distance,euclidean,0.5848705200624241,0.6761111111111113,0.9163636363636363,0.29857142857142854
1000,corr_0.95,7,distance,cosine,0.5894466129857066,0.6650000000000001,0.8772727272727272,0.3314285714285714
1000,corr_0.95,9,uniform,euclidean,0.5711548904951453,0.668888888888889,0.9190909090909091,0.27571428571428563
1000,corr_0.95,9,uniform,cosine,0.5851791168851139,0.6644444444444446,0.8863636363636361,0.31571428571428567
1000,corr_0.95,9,distance,euclidean,0.5711548904951453,0.668888888888889,0.9190909090909091,0.27571428571428563
1000,corr_0.95,9,distance,cosine,0.5851791168851139,0.6644444444444446,0.8863636363636361,0.31571428571428567
1000,corr_0.95,11,uniform,euclidean,0.5736967391345952,0.6772222222222224,0.9363636363636363,0.2699999999999999
1000,corr_0.95,11,uniform,cosine,0.5723030802946845,0.6566666666666667,0.8863636363636362,0.2957142857142856
1000,corr_0.95,11,distance,euclidean,0.5736967391345952,0.6772222222222224,0.9363636363636363,0.2699999999999999
1000,corr_0.95,11,distance,cosine,0.5723030802946845,0.6566666666666667,0.8863636363636362,0.2957142857142856
1000,corr_0.95,15,uniform,euclidean,0.547326980754267,0.6627777777777779,0.9409090909090907,0.22571428571428565
1000,corr_0.95,15,uniform,cosine,0.5647687701992049,0.6566666666666667,0.8981818181818181,0.2771428571428571
1000,corr_0.95,15,distance,euclidean,0.547326980754267,0.6627777777777779,0.9409090909090907,0.22571428571428565
1000,corr_0.95,15,distance,cosine,0.5647687701992049,0.6566666666666667,0.8981818181818181,0.2771428571428571
1000,corr_0.95,21,uniform,euclidean,0.4817733544233544,0.6394444444444445,0.9645454545454544,0.12857142857142853
1000,corr_0.95,21,uniform,cosine,0.522110117787704,0.6566666666666668,0.9599999999999997,0.17999999999999994
1000,corr_0.95,21,distance,euclidean,0.4817733544233544,0.6394444444444445,0.9645454545454544,0.12857142857142853
1000,corr_0.95,21,distance,cosine,0.522110117787704,0.6566666666666668,0.9599999999999997,0.17999999999999994
None,raw,1,uniform,euclidean,0.5939269604161312,0.6333333333333333,0.7509090909090911,0.44857142857142845
None,raw,1,uniform,cosine,0.5939269604161312,0.6333333333333333,0.7509090909090911,0.44857142857142845
None,raw,1,distance,euclidean,0.5939269604161312,0.6333333333333333,0.7509090909090911,0.44857142857142845
None,raw,1,distance,cosine,0.5939269604161312,0.6333333333333333,0.7509090909090911,0.44857142857142845
None,raw,3,uniform,euclidean,0.6299850387570033,0.6761111111111114,0.8209090909090909,0.44857142857142857
None,raw,3,uniform,cosine,0.6299850387570033,0.6761111111111114,0.8209090909090909,0.44857142857142857
None,raw,3,distance,euclidean,0.6299850387570033,0.6761111111111114,0.8209090909090909,0.44857142857142857
None,raw,3,distance,cosine,0.6299850387570033,0.6761111111111114,0.8209090909090909,0.44857142857142857
None,raw,5,uniform,euclidean,0.5781159603015675,0.6405555555555555,0.8263636363636364,0.3485714285714284
None,raw,5,uniform,cosine,0.5781159603015675,0.6405555555555555,0.8263636363636364,0.3485714285714284
None,raw,5,distance,euclidean,0.5781159603015675,0.6405555555555555,0.8263636363636364,0.3485714285714284
None,raw,5,distance,cosine,0.5781159603015675,0.6405555555555555,0.8263636363636364,0.3485714285714284
None,raw,7,uniform,euclidean,0.5685800665544677,0.6427777777777779,0.8490909090909091,0.3185714285714285
None,raw,7,uniform,cosine,0.5685800665544677,0.6427777777777779,0.8490909090909091,0.3185714285714285
None,raw,7,distance,euclidean,0.5685800665544677,0.6427777777777779,0.8490909090909091,0.3185714285714285
None,raw,7,distance,cosine,0.5685800665544677,0.6427777777777779,0.8490909090909091,0.3185714285714285
None,raw,9,uniform,euclidean,0.5832474132688901,0.6583333333333334,0.8690909090909092,0.32714285714285707
None,raw,9,uniform,cosine,0.5832474132688901,0.6583333333333334,0.8690909090909092,0.32714285714285707
None,raw,9,distance,euclidean,0.5832474132688901,0.6583333333333334,0.8690909090909092,0.32714285714285707
None,raw,9,distance,cosine,0.5832474132688901,0.6583333333333334,0.8690909090909092,0.32714285714285707
None,raw,11,uniform,euclidean,0.5816292132460797,0.6583333333333334,0.8754545454545454,0.31714285714285706
None,raw,11,uniform,cosine,0.5816292132460797,0.6583333333333334,0.8754545454545454,0.31714285714285706
None,raw,11,distance,euclidean,0.5816292132460797,0.6583333333333334,0.8754545454545454,0.31714285714285706
None,raw,11,distance,cosine,0.5816292132460797,0.6583333333333334,0.8754545454545454,0.31714285714285706
None,raw,15,uniform,euclidean,0.5799708081384992,0.6661111111111113,0.8981818181818181,0.3014285714285713
None,raw,15,uniform,cosine,0.5799708081384992,0.6661111111111113,0.8981818181818181,0.3014285714285713
None,raw,15,distance,euclidean,0.5799708081384992,0.6661111111111113,0.8981818181818181,0.3014285714285713
None,raw,15,distance,cosine,0.5799708081384992,0.6661111111111113,0.8981818181818181,0.3014285714285713
None,raw,21,uniform,euclidean,0.531507099477789,0.6461111111111112,0.9254545454545453,0.20714285714285705
None,raw,21,uniform,cosine,0.531507099477789,0.6461111111111112,0.9254545454545453,0.20714285714285705
None,raw,21,distance,euclidean,0.531507099477789,0.6461111111111112,0.9254545454545453,0.20714285714285705
None,raw,21,distance,cosine,0.531507099477789,0.6461111111111112,0.9254545454545453,0.20714285714285705
None,pca,1,uniform,euclidean,0.5132838439754481,0.6022222222222222,0.8263636363636363,0.24999999999999992
None,pca,1,uniform,cosine,0.6246060020816044,0.6555555555555557,0.7463636363636366,0.5128571428571428
None,pca,1,distance,euclidean,0.5132838439754481,0.6022222222222222,0.8263636363636363,0.24999999999999992
None,pca,1,distance,cosine,0.6246060020816044,0.6555555555555557,0.7463636363636366,0.5128571428571428
None,pca,3,uniform,euclidean,0.5410682047587596,0.648888888888889,0.9109090909090908,0.23714285714285707
None,pca,3,uniform,cosine,0.6297815018752057,0.6716666666666669,0.8045454545454547,0.46285714285714286
None,pca,3,distance,euclidean,0.5410682047587596,0.648888888888889,0.9109090909090908,0.23714285714285707
None,pca,3,distance,cosine,0.6297815018752057,0.6716666666666669,0.8045454545454547,0.46285714285714286
None,pca,5,uniform,euclidean,0.525209111680701,0.6444444444444444,0.919090909090909,0.2128571428571428
None,pca,5,uniform,cosine,0.5808221534932937,0.6372222222222222,0.8045454545454546,0.37428571428571417
None,pca,5,distance,euclidean,0.525209111680701,0.6444444444444444,0.919090909090909,0.2128571428571428
None,pca,5,distance,cosine,0.5808221534932937,0.6372222222222222,0.8045454545454546,0.37428571428571417
None,pca,7,uniform,euclidean,0.5172134535407399,0.64,0.9200000000000002,0.19999999999999993
None,pca,7,uniform,cosine,0.5652924667000014,0.6366666666666667,0.8327272727272728,0.3285714285714285
None,pca,7,distance,euclidean,0.5172134535407399,0.64,0.9200000000000002,0.19999999999999993
None,pca,7,distance,cosine,0.5657105269006704,0.6372222222222222,0.8336363636363636,0.3285714285714285
None,pca,9,uniform,euclidean,0.49286157374193357,0.6294444444444445,0.9245454545454547,0.1657142857142857
None,pca,9,uniform,cosine,0.5734655584489917,0.6466666666666667,0.850909090909091,0.3257142857142856
None,pca,9,distance,euclidean,0.49286157374193357,0.6294444444444445,0.9245454545454547,0.1657142857142857
None,pca,9,distance,cosine,0.5742473752634172,0.6477777777777779,0.8527272727272727,0.3257142857142856
None,pca,11,uniform,euclidean,0.5004395731565896,0.6327777777777779,0.9236363636363635,0.17571428571428566
None,pca,11,uniform,cosine,0.5721084745908209,0.6511111111111112,0.869090909090909,0.3085714285714285
None,pca,11,distance,euclidean,0.5004395731565896,0.6327777777777779,0.9236363636363635,0.17571428571428566
None,pca,11,distance,cosine,0.5742774897946188,0.6538888888888889,0.8736363636363638,0.3085714285714285
None,pca,15,uniform,euclidean,0.4936220265047851,0.6344444444444445,0.94,0.15428571428571425
None,pca,15,uniform,cosine,0.5802162058830724,0.6694444444444446,0.9109090909090908,0.2899999999999999
None,pca,15,distance,euclidean,0.4936220265047851,0.6344444444444445,0.94,0.15428571428571425
None,pca,15,distance,cosine,0.5812284457366166,0.6722222222222223,0.9163636363636362,0.2885714285714285
None,pca,21,uniform,euclidean,0.477763285692596,0.6327777777777778,0.9554545454545453,0.1257142857142857
None,pca,21,uniform,cosine,0.5394682724710461,0.6533333333333335,0.9281818181818179,0.22142857142857136
None,pca,21,distance,euclidean,0.477763285692596,0.6327777777777778,0.9554545454545453,0.1257142857142857
None,pca,21,distance,cosine,0.54996248629487,0.6611111111111113,0.9336363636363635,0.23285714285714276
None,embedkit_unsup,1,uniform,euclidean,0.4953232780393704,0.5305555555555557,0.6072727272727273,0.41
None,embedkit_unsup,1,uniform,cosine,0.49574133824003924,0.5311111111111111,0.6081818181818182,0.41
None,embedkit_unsup,1,distance,euclidean,0.4953232780393704,0.5305555555555557,0.6072727272727273,0.41
None,embedkit_unsup,1,distance,cosine,0.49574133824003924,0.5311111111111111,0.6081818181818182,0.41
None,embedkit_unsup,3,uniform,euclidean,0.515900079800349,0.5622222222222222,0.6754545454545456,0.3842857142857143
None,embedkit_unsup,3,uniform,cosine,0.5163416382419074,0.5627777777777778,0.6763636363636365,0.3842857142857143
None,embedkit_unsup,3,distance,euclidean,0.515900079800349,0.5622222222222222,0.6754545454545456,0.3842857142857143
None,embedkit_unsup,3,distance,cosine,0.5163416382419074,0.5627777777777778,0.6763636363636365,0.3842857142857143
None,embedkit_unsup,5,uniform,euclidean,0.4965029234832137,0.5583333333333333,0.7063636363636364,0.3257142857142856
None,embedkit_unsup,5,uniform,cosine,0.4965029234832137,0.5583333333333333,0.7063636363636364,0.3257142857142856
None,embedkit_unsup,5,distance,euclidean,0.4965029234832137,0.5583333333333333,0.7063636363636364,0.3257142857142856
None,embedkit_unsup,5,distance,cosine,0.4965029234832137,0.5583333333333333,0.7063636363636364,0.3257142857142856
None,embedkit_unsup,7,uniform,euclidean,0.5000498680256591,0.5700000000000001,0.7372727272727272,0.3071428571428571
None,embedkit_unsup,7,uniform,cosine,0.5000498680256591,0.5700000000000001,0.7372727272727272,0.3071428571428571
None,embedkit_unsup,7,distance,euclidean,0.5000498680256591,0.5700000000000001,0.7372727272727272,0.3071428571428571
None,embedkit_unsup,7,distance,cosine,0.5000498680256591,0.5700000000000001,0.7372727272727272,0.3071428571428571
None,embedkit_unsup,9,uniform,euclidean,0.48893706909437873,0.576111111111111,0.7790909090909091,0.25714285714285706
None,embedkit_unsup,9,uniform,cosine,0.4885109734508918,0.5755555555555554,0.7781818181818181,0.25714285714285706
None,embedkit_unsup,9,distance,euclidean,0.48893706909437873,0.576111111111111,0.7790909090909091,0.25714285714285706
None,embedkit_unsup,9,distance,cosine,0.4885109734508918,0.5755555555555554,0.7781818181818181,0.25714285714285706
None,embedkit_unsup,11,uniform,euclidean,0.4866288004477679,0.5827777777777778,0.8009090909090909,0.23999999999999994
None,embedkit_unsup,11,uniform,cosine,0.4870468606484368,0.5833333333333335,0.8018181818181819,0.23999999999999994
None,embedkit_unsup,11,distance,euclidean,0.4866288004477679,0.5827777777777778,0.8009090909090909,0.23999999999999994
None,embedkit_unsup,11,distance,cosine,0.4870468606484368,0.5833333333333335,0.8018181818181819,0.23999999999999994
None,embedkit_unsup,15,uniform,euclidean,0.47451363064508,0.5866666666666667,0.831818181818182,0.2014285714285714
None,embedkit_unsup,15,uniform,cosine,0.4733854255168749,0.586111111111111,0.831818181818182,0.19999999999999996
None,embedkit_unsup,15,distance,euclidean,0.47451363064508,0.5866666666666667,0.831818181818182,0.2014285714285714
None,embedkit_unsup,15,distance,cosine,0.4733854255168749,0.586111111111111,0.831818181818182,0.19999999999999996
None,embedkit_unsup,21,uniform,euclidean,0.4519253221554946,0.5977777777777779,0.8945454545454545,0.1314285714285714
None,embedkit_unsup,21,uniform,cosine,0.4519253221554946,0.5977777777777779,0.8945454545454545,0.1314285714285714
None,embedkit_unsup,21,distance,euclidean,0.4519253221554946,0.5977777777777779,0.8945454545454545,0.1314285714285714
None,embedkit_unsup,21,distance,cosine,0.45105699788717024,0.5966666666666667,0.8927272727272727,0.1314285714285714
None,embedkit_sup,1,uniform,euclidean,0.4953232780393704,0.5305555555555557,0.6072727272727273,0.41
None,embedkit_sup,1,uniform,cosine,0.49574133824003924,0.5311111111111111,0.6081818181818182,0.41
None,embedkit_sup,1,distance,euclidean,0.4953232780393704,0.5305555555555557,0.6072727272727273,0.41
None,embedkit_sup,1,distance,cosine,0.49574133824003924,0.5311111111111111,0.6081818181818182,0.41
None,embedkit_sup,3,uniform,euclidean,0.515900079800349,0.5622222222222222,0.6754545454545456,0.3842857142857143
None,embedkit_sup,3,uniform,cosine,0.5163416382419074,0.5627777777777778,0.6763636363636365,0.3842857142857143
None,embedkit_sup,3,distance,euclidean,0.515900079800349,0.5622222222222222,0.6754545454545456,0.3842857142857143
None,embedkit_sup,3,distance,cosine,0.5163416382419074,0.5627777777777778,0.6763636363636365,0.3842857142857143
None,embedkit_sup,5,uniform,euclidean,0.4965029234832137,0.5583333333333333,0.7063636363636364,0.3257142857142856
None,embedkit_sup,5,uniform,cosine,0.4965029234832137,0.5583333333333333,0.7063636363636364,0.3257142857142856
None,embedkit_sup,5,distance,euclidean,0.4965029234832137,0.5583333333333333,0.7063636363636364,0.3257142857142856
None,embedkit_sup,5,distance,cosine,0.4965029234832137,0.5583333333333333,0.7063636363636364,0.3257142857142856
None,embedkit_sup,7,uniform,euclidean,0.5000498680256591,0.5700000000000001,0.7372727272727272,0.3071428571428571
None,embedkit_sup,7,uniform,cosine,0.5000498680256591,0.5700000000000001,0.7372727272727272,0.3071428571428571
None,embedkit_sup,7,distance,euclidean,0.5000498680256591,0.5700000000000001,0.7372727272727272,0.3071428571428571
None,embedkit_sup,7,distance,cosine,0.5000498680256591,0.5700000000000001,0.7372727272727272,0.3071428571428571
None,embedkit_sup,9,uniform,euclidean,0.48893706909437873,0.576111111111111,0.7790909090909091,0.25714285714285706
None,embedkit_sup,9,uniform,cosine,0.4885109734508918,0.5755555555555554,0.7781818181818181,0.25714285714285706
None,embedkit_sup,9,distance,euclidean,0.48893706909437873,0.576111111111111,0.7790909090909091,0.25714285714285706
None,embedkit_sup,9,distance,cosine,0.4885109734508918,0.5755555555555554,0.7781818181818181,0.25714285714285706
None,embedkit_sup,11,uniform,euclidean,0.4866288004477679,0.5827777777777778,0.8009090909090909,0.23999999999999994
None,embedkit_sup,11,uniform,cosine,0.4870468606484368,0.5833333333333335,0.8018181818181819,0.23999999999999994
None,embedkit_sup,11,distance,euclidean,0.4866288004477679,0.5827777777777778,0.8009090909090909,0.23999999999999994
None,embedkit_sup,11,distance,cosine,0.4870468606484368,0.5833333333333335,0.8018181818181819,0.23999999999999994
None,embedkit_sup,15,uniform,euclidean,0.47451363064508,0.5866666666666667,0.831818181818182,0.2014285714285714
None,embedkit_sup,15,uniform,cosine,0.4733854255168749,0.586111111111111,0.831818181818182,0.19999999999999996
None,embedkit_sup,15,distance,euclidean,0.47451363064508,0.5866666666666667,0.831818181818182,0.2014285714285714
None,embedkit_sup,15,distance,cosine,0.4733854255168749,0.586111111111111,0.831818181818182,0.19999999999999996
None,embedkit_sup,21,uniform,euclidean,0.4519253221554946,0.5977777777777779,0.8945454545454545,0.1314285714285714
None,embedkit_sup,21,uniform,cosine,0.4519253221554946,0.5977777777777779,0.8945454545454545,0.1314285714285714
None,embedkit_sup,21,distance,euclidean,0.4519253221554946,0.5977777777777779,0.8945454545454545,0.1314285714285714
None,embedkit_sup,21,distance,cosine,0.45105699788717024,0.5966666666666667,0.8927272727272727,0.1314285714285714
None,corr_0.7,1,uniform,euclidean,0.5287766318249459,0.5988888888888889,0.7809090909090911,0.3128571428571428
None,corr_0.7,1,uniform,cosine,0.5691043115128591,0.6155555555555556,0.7536363636363638,0.39857142857142847
None,corr_0.7,1,distance,euclidean,0.5287766318249459,0.5988888888888889,0.7809090909090911,0.3128571428571428
None,corr_0.7,1,distance,cosine,0.5691043115128591,0.6155555555555556,0.7536363636363638,0.39857142857142847
None,corr_0.7,3,uniform,euclidean,0.48340897488862333,0.6,0.8563636363636362,0.19714285714285712
None,corr_0.7,3,uniform,cosine,0.5737099268824906,0.6405555555555555,0.830909090909091,0.3414285714285714
None,corr_0.7,3,distance,euclidean,0.48340897488862333,0.6,0.8563636363636362,0.19714285714285712
None,corr_0.7,3,distance,cosine,0.5737099268824906,0.6405555555555555,0.830909090909091,0.3414285714285714
None,corr_0.7,5,uniform,euclidean,0.4996726479033836,0.6172222222222223,0.879090909090909,0.20571428571428568
None,corr_0.7,5,uniform,cosine,0.5759381585680685,0.6600000000000001,0.8872727272727271,0.3028571428571427
None,corr_0.7,5,distance,euclidean,0.4996726479033836,0.6172222222222223,0.879090909090909,0.20571428571428568
None,corr_0.7,5,distance,cosine,0.5759381585680685,0.6600000000000001,0.8872727272727271,0.3028571428571427
None,corr_0.7,7,uniform,euclidean,0.5209929469580894,0.6544444444444444,0.9463636363636363,0.1957142857142857
None,corr_0.7,7,uniform,cosine,0.5716424001008708,0.6594444444444446,0.8918181818181816,0.2942857142857142
None,corr_0.7,7,distance,euclidean,0.5209929469580894,0.6544444444444444,0.9463636363636363,0.1957142857142857
None,corr_0.7,7,distance,cosine,0.5716424001008708,0.6594444444444446,0.8918181818181816,0.2942857142857142
None,corr_0.7,9,uniform,euclidean,0.5182805230834465,0.6594444444444446,0.9654545454545453,0.1785714285714285
None,corr_0.7,9,uniform,cosine,0.5549705933663205,0.6522222222222223,0.8954545454545453,0.2699999999999999
None,corr_0.7,9,distance,euclidean,0.5182805230834465,0.6594444444444446,0.9654545454545453,0.1785714285714285
None,corr_0.7,9,distance,cosine,0.5549705933663205,0.6522222222222223,0.8954545454545453,0.2699999999999999
None,corr_0.7,11,uniform,euclidean,0.5026148920738875,0.6538888888888889,0.9690909090909091,0.15857142857142856
None,corr_0.7,11,uniform,cosine,0.5679155524441132,0.6616666666666667,0.9045454545454544,0.2799999999999999
None,corr_0.7,11,distance,euclidean,0.5026148920738875,0.6538888888888889,0.9690909090909091,0.15857142857142856
None,corr_0.7,11,distance,cosine,0.5679155524441132,0.6616666666666667,0.9045454545454544,0.2799999999999999
None,corr_0.7,15,uniform,euclidean,0.48530164930854575,0.6516666666666667,0.9863636363636362,0.12571428571428572
None,corr_0.7,15,uniform,cosine,0.5515377612753174,0.6616666666666668,0.9318181818181815,0.23714285714285704
None,corr_0.7,15,distance,euclidean,0.48530164930854575,0.6516666666666667,0.9863636363636362,0.12571428571428572
None,corr_0.7,15,distance,cosine,0.5515377612753174,0.6616666666666668,0.9318181818181815,0.23714285714285704
None,corr_0.7,21,uniform,euclidean,0.4453789559737836,0.6355555555555555,0.9918181818181817,0.0757142857142857
None,corr_0.7,21,uniform,cosine,0.5209865783003715,0.6627777777777779,0.9754545454545454,0.17142857142857135
None,corr_0.7,21,distance,euclidean,0.4453789559737836,0.6355555555555555,0.9918181818181817,0.0757142857142857
None,corr_0.7,21,distance,cosine,0.5209865783003715,0.6627777777777779,0.9754545454545454,0.17142857142857135
None,corr_0.8,1,uniform,euclidean,0.5327566237358607,0.6055555555555556,0.7927272727272728,0.31142857142857133
None,corr_0.8,1,uniform,cosine,0.5814462219779692,0.6322222222222222,0.7799999999999998,0.4
None,corr_0.8,1,distance,euclidean,0.5327566237358607,0.6055555555555556,0.7927272727272728,0.31142857142857133
None,corr_0.8,1,distance,cosine,0.5814462219779692,0.6322222222222222,0.7799999999999998,0.4
None,corr_0.8,3,uniform,euclidean,0.4888720573751308,0.6172222222222222,0.9027272727272727,0.16857142857142854
None,corr_0.8,3,uniform,cosine,0.5688298205154277,0.6372222222222222,0.8263636363636363,0.3399999999999999
None,corr_0.8,3,distance,euclidean,0.4888720573751308,0.6172222222222222,0.9027272727272727,0.16857142857142854
None,corr_0.8,3,distance,cosine,0.5688298205154277,0.6372222222222222,0.8263636363636363,0.3399999999999999
None,corr_0.8,5,uniform,euclidean,0.4711864093843854,0.6161111111111112,0.92,0.13857142857142854
None,corr_0.8,5,uniform,cosine,0.5545952957282043,0.6405555555555555,0.8681818181818182,0.28285714285714275
None,corr_0.8,5,distance,euclidean,0.4711864093843854,0.6161111111111112,0.92,0.13857142857142854
None,corr_0.8,5,distance,cosine,0.5545952957282043,0.6405555555555555,0.8681818181818182,0.28285714285714275
None,corr_0.8,7,uniform,euclidean,0.48248918597366874,0.6349999999999999,0.9527272727272726,0.1357142857142857
None,corr_0.8,7,uniform,cosine,0.5624162339021409,0.655,0.898181818181818,0.27285714285714274
None,corr_0.8,7,distance,euclidean,0.48248918597366874,0.6349999999999999,0.9527272727272726,0.1357142857142857
None,corr_0.8,7,distance,cosine,0.5624162339021409,0.655,0.898181818181818,0.27285714285714274
None,corr_0.8,9,uniform,euclidean,0.4785899065812859,0.6438888888888888,0.9772727272727272,0.12
None,corr_0.8,9,uniform,cosine,0.5601075040790184,0.6527777777777779,0.8945454545454545,0.2728571428571428
None,corr_0.8,9,distance,euclidean,0.4785899065812859,0.6438888888888888,0.9772727272727272,0.12
None,corr_0.8,9,distance,cosine,0.5601075040790184,0.6527777777777779,0.8945454545454545,0.2728571428571428
None,corr_0.8,11,uniform,euclidean,0.47106253656943314,0.6416666666666667,0.98,0.11
None,corr_0.8,11,uniform,cosine,0.5610558178813801,0.6550000000000001,0.8999999999999997,0.26999999999999996
None,corr_0.8,11,distance,euclidean,0.47106253656943314,0.6416666666666667,0.98,0.11
None,corr_0.8,11,distance,cosine,0.5610558178813801,0.6550000000000001,0.8999999999999997,0.26999999999999996
None,corr_0.8,15,uniform,euclidean,0.4540037185675116,0.6377777777777778,0.989090909090909,0.08571428571428572
None,corr_0.8,15,uniform,cosine,0.5654805637363358,0.6650000000000003,0.9172727272727272,0.2685714285714285
None,corr_0.8,15,distance,euclidean,0.4540037185675116,0.6377777777777778,0.989090909090909,0.08571428571428572
None,corr_0.8,15,distance,cosine,0.5654805637363358,0.6650000000000003,0.9172727272727272,0.2685714285714285
None,corr_0.8,21,uniform,euclidean,0.4270618851136092,0.6283333333333334,0.9936363636363637,0.05428571428571428
None,corr_0.8,21,uniform,cosine,0.5076028250166181,0.6544444444444447,0.9718181818181817,0.1557142857142857
None,corr_0.8,21,distance,euclidean,0.4270618851136092,0.6283333333333334,0.9936363636363637,0.05428571428571428
None,corr_0.8,21,distance,cosine,0.5076028250166181,0.6544444444444447,0.9718181818181817,0.1557142857142857
None,corr_0.9,1,uniform,euclidean,0.5283590539367902,0.6016666666666667,0.7881818181818181,0.3085714285714285
None,corr_0.9,1,uniform,cosine,0.5947320555048815,0.6405555555555555,0.7772727272727273,0.4257142857142856
None,corr_0.9,1,distance,euclidean,0.5283590539367902,0.6016666666666667,0.7881818181818181,0.3085714285714285
None,corr_0.9,1,distance,cosine,0.5947320555048815,0.6405555555555555,0.7772727272727273,0.4257142857142856
None,corr_0.9,3,uniform,euclidean,0.5271809313347544,0.6238888888888889,0.8654545454545454,0.2442857142857142
None,corr_0.9,3,uniform,cosine,0.6190101351144829,0.6738888888888891,0.8454545454545456,0.40428571428571425
None,corr_0.9,3,distance,euclidean,0.5271809313347544,0.6238888888888889,0.8654545454545454,0.2442857142857142
None,corr_0.9,3,distance,cosine,0.6190101351144829,0.6738888888888891,0.8454545454545456,0.40428571428571425
None,corr_0.9,5,uniform,euclidean,0.5196069944048954,0.6355555555555555,0.9063636363636363,0.20999999999999996
None,corr_0.9,5,uniform,cosine,0.5998909545906923,0.6650000000000001,0.8572727272727272,0.36285714285714277
None,corr_0.9,5,distance,euclidean,0.5196069944048954,0.6355555555555555,0.9063636363636363,0.20999999999999996
None,corr_0.9,5,distance,cosine,0.5998909545906923,0.6650000000000001,0.8572727272727272,0.36285714285714277
None,corr_0.9,7,uniform,euclidean,0.5202821492683561,0.6422222222222222,0.9245454545454543,0.1985714285714285
None,corr_0.9,7,uniform,cosine,0.5746832019970701,0.6544444444444446,0.8745454545454545,0.3085714285714285
None,corr_0.9,7,distance,euclidean,0.5202821492683561,0.6422222222222222,0.9245454545454543,0.1985714285714285
None,corr_0.9,7,distance,cosine,0.5746832019970701,0.6544444444444446,0.8745454545454545,0.3085714285714285
None,corr_0.9,9,uniform,euclidean,0.5272670271563075,0.6583333333333334,0.9536363636363636,0.19428571428571423
None,corr_0.9,9,uniform,cosine,0.584236398156788,0.6655555555555557,0.8909090909090908,0.3114285714285714
None,corr_0.9,9,distance,euclidean,0.5272670271563075,0.6583333333333334,0.9536363636363636,0.19428571428571423
None,corr_0.9,9,distance,cosine,0.584236398156788,0.6655555555555557,0.8909090909090908,0.3114285714285714
None,corr_0.9,11,uniform,euclidean,0.5231444109530317,0.6616666666666668,0.9663636363636363,0.1828571428571428
None,corr_0.9,11,uniform,cosine,0.5639936202173083,0.6522222222222223,0.8872727272727271,0.28285714285714275
None,corr_0.9,11,distance,euclidean,0.5231444109530317,0.6616666666666668,0.9663636363636363,0.1828571428571428
None,corr_0.9,11,distance,cosine,0.5639936202173083,0.6522222222222223,0.8872727272727271,0.28285714285714275
None,corr_0.9,15,uniform,euclidean,0.506511678232368,0.658888888888889,0.9790909090909089,0.1557142857142857
None,corr_0.9,15,uniform,cosine,0.5587250566552665,0.6577777777777779,0.9099999999999998,0.26142857142857134
None,corr_0.9,15,distance,euclidean,0.506511678232368,0.658888888888889,0.9790909090909089,0.1557142857142857
None,corr_0.9,15,distance,cosine,0.5587250566552665,0.6577777777777779,0.9099999999999998,0.26142857142857134
None,corr_0.9,21,uniform,euclidean,0.4587284598626428,0.638888888888889,0.9845454545454545,0.09571428571428571
None,corr_0.9,21,uniform,cosine,0.5122702579030165,0.6533333333333335,0.9645454545454544,0.16428571428571423
None,corr_0.9,21,distance,euclidean,0.4587284598626428,0.638888888888889,0.9845454545454545,0.09571428571428571
None,corr_0.9,21,distance,cosine,0.5122702579030165,0.6533333333333335,0.9645454545454544,0.16428571428571423
None,corr_0.95,1,uniform,euclidean,0.5549715538332883,0.6088888888888888,0.7536363636363635,0.38142857142857145
None,corr_0.95,1,uniform,cosine,0.5857061784319288,0.6316666666666667,0.7700000000000001,0.41428571428571426
None,corr_0.95,1,distance,euclidean,0.5549715538332883,0.6088888888888888,0.7536363636363635,0.38142857142857145
None,corr_0.95,1,distance,cosine,0.5857061784319288,0.6316666666666667,0.7700000000000001,0.41428571428571426
None,corr_0.95,3,uniform,euclidean,0.5594194601431108,0.6344444444444445,0.8363636363636364,0.31714285714285706
None,corr_0.95,3,uniform,cosine,0.6189430733150378,0.6738888888888891,0.8400000000000003,0.41285714285714287
None,corr_0.95,3,distance,euclidean,0.5594194601431108,0.6344444444444445,0.8363636363636364,0.31714285714285706
None,corr_0.95,3,distance,cosine,0.6189430733150378,0.6738888888888891,0.8400000000000003,0.41285714285714287
None,corr_0.95,5,uniform,euclidean,0.5319246160192186,0.6261111111111112,0.8627272727272726,0.2542857142857142
None,corr_0.95,5,uniform,cosine,0.6004633136589659,0.6616666666666668,0.8463636363636364,0.37142857142857133
None,corr_0.95,5,distance,euclidean,0.5319246160192186,0.6261111111111112,0.8627272727272726,0.2542857142857142
None,corr_0.95,5,distance,cosine,0.6004633136589659,0.6616666666666668,0.8463636363636364,0.37142857142857133
None,corr_0.95,7,uniform,euclidean,0.53589307702681,0.6405555555555555,0.897272727272727,0.23714285714285707
None,corr_0.95,7,uniform,cosine,0.587149435847225,0.6627777777777779,0.8763636363636365,0.327142857142857
None,corr_0.95,7,distance,euclidean,0.53589307702681,0.6405555555555555,0.897272727272727,0.23714285714285707
None,corr_0.95,7,distance,cosine,0.587149435847225,0.6627777777777779,0.8763636363636365,0.327142857142857
None,corr_0.95,9,uniform,euclidean,0.5442684932286881,0.6633333333333334,0.9418181818181816,0.22571428571428565
None,corr_0.95,9,uniform,cosine,0.589502668213013,0.6683333333333334,0.8890909090909089,0.3214285714285714
None,corr_0.95,9,distance,euclidean,0.5442684932286881,0.6633333333333334,0.9418181818181816,0.22571428571428565
None,corr_0.95,9,distance,cosine,0.589502668213013,0.6683333333333334,0.8890909090909089,0.3214285714285714
None,corr_0.95,11,uniform,euclidean,0.5407332576108438,0.6672222222222223,0.96,0.20714285714285707
None,corr_0.95,11,uniform,cosine,0.5751221628224626,0.6605555555555556,0.8899999999999999,0.29999999999999993
None,corr_0.95,11,distance,euclidean,0.5407332576108438,0.6672222222222223,0.96,0.20714285714285707
None,corr_0.95,11,distance,cosine,0.5751221628224626,0.6605555555555556,0.8899999999999999,0.29999999999999993
None,corr_0.95,15,uniform,euclidean,0.5124975387320215,0.6577777777777779,0.9699999999999999,0.16714285714285712
None,corr_0.95,15,uniform,cosine,0.5660794769115608,0.657777777777778,0.898181818181818,0.2799999999999999
None,corr_0.95,15,distance,euclidean,0.5124975387320215,0.6577777777777779,0.9699999999999999,0.16714285714285712
None,corr_0.95,15,distance,cosine,0.5660794769115608,0.657777777777778,0.898181818181818,0.2799999999999999
None,corr_0.95,21,uniform,euclidean,0.46198838371079753,0.6383333333333334,0.9836363636363634,0.0957142857142857
None,corr_0.95,21,uniform,cosine,0.5187121250397113,0.6544444444444446,0.9590909090909088,0.17571428571428566
None,corr_0.95,21,distance,euclidean,0.46198838371079753,0.6383333333333334,0.9836363636363634,0.0957142857142857
None,corr_0.95,21,distance,cosine,0.5187121250397113,0.6544444444444446,0.9590909090909088,0.17571428571428566
