config_id,distance,rule,weight,k,accuracy_mean,balanced_accuracy_mean,sensitivity_mean,specificity_mean,precision_yes_mean,F1_yes_mean,F1_no_mean,Macro_F1_mean,MCC_mean,Brier_mean,ROC_AUC_mean,PR_AUC_mean,accuracy_std,balanced_accuracy_std,sensitivity_std,specificity_std,precision_yes_std,F1_yes_std,F1_no_std,Macro_F1_std,MCC_std,Brier_std,ROC_AUC_std,PR_AUC_std,accuracy_min,balanced_accuracy_min,sensitivity_min,specificity_min,precision_yes_min,F1_yes_min,F1_no_min,Macro_F1_min,MCC_min,Brier_min,ROC_AUC_min,PR_AUC_min,accuracy_max,balanced_accuracy_max,sensitivity_max,specificity_max,precision_yes_max,F1_yes_max,F1_no_max,Macro_F1_max,MCC_max,Brier_max,ROC_AUC_max,PR_AUC_max,accuracy_n_valid,balanced_accuracy_n_valid,sensitivity_n_valid,specificity_n_valid,precision_yes_n_valid,F1_yes_n_valid,F1_no_n_valid,Macro_F1_n_valid,MCC_n_valid,Brier_n_valid,ROC_AUC_n_valid,PR_AUC_n_valid,elapsed_sec
euclidean_rigid_uniform_k1,euclidean,rigid,uniform,1,0.6177777777777778,0.5885714285714286,0.7200000000000002,0.457142857142857,0.6805268342768344,0.6913918855616796,0.47154847113670634,0.581470178349193,0.19068725517743068,0.38222222222222224,0.5885714285714286,0.6656213205985934,0.10744519365568536,0.11017315583391513,0.1545836469232884,0.19360883633683956,0.09505763136737103,0.10377335580623788,0.15017771209425274,0.11201800031650758,0.22803010025697143,0.10744519365568539,0.11017315583391515,0.06352188473058983,0.3333333333333333,0.3246753246753247,0.36363636363636365,0.14285714285714285,0.4444444444444444,0.4,0.18181818181818182,0.325,-0.34188172937891387,0.16666666666666666,0.3246753246753247,0.5505050505050505,0.8333333333333334,0.8116883116883117,1.0,0.8571428571428571,0.8571428571428571,0.8695652173913043,0.7692307692307693,0.8193979933110368,0.6446583712203042,0.6666666666666666,0.8116883116883118,0.8131313131313131,50,50,50,50,50,50,50,50,50,50,50,50,6.359009265899658
euclidean_rigid_uniform_k3,euclidean,rigid,uniform,3,0.6022222222222222,0.577922077922078,0.6872727272727271,0.46857142857142847,0.6739545454545456,0.6730579159098877,0.46735981802854865,0.5702088669692181,0.16170515900077884,0.2590123456790123,0.674025974025974,0.7763851042006122,0.09547589359887343,0.09835649175279604,0.14363425000206226,0.18262740670364974,0.08294466733199952,0.09633137556415806,0.1419980242045677,0.10191600777397453,0.20230062021304168,0.07256761584771379,0.12284889997109344,0.08395215782361586,0.3888888888888889,0.3701298701298701,0.2727272727272727,0.14285714285714285,0.5,0.375,0.16666666666666666,0.37142857142857144,-0.2548235957188128,0.154320987654321,0.36363636363636365,0.5666666666666667,0.7777777777777778,0.7662337662337663,0.9090909090909091,0.8571428571428571,0.875,0.8181818181818182,0.7142857142857143,0.7662337662337663,0.5324675324675324,0.4506172839506173,0.9090909090909091,0.9646464646464646,50,50,50,50,50,50,50,50,50,50,50,50,6.314449787139893
euclidean_rigid_uniform_k5,euclidean,rigid,uniform,5,0.6155555555555555,0.5877922077922078,0.7127272727272727,0.4628571428571428,0.6788394383394383,0.6879374950809597,0.4777418305808399,0.5828396628308998,0.1911212864157327,0.23800000000000004,0.6703896103896105,0.7775213369518181,0.10579100128858178,0.10501025980121323,0.1551499690708372,0.17210749912088175,0.09668783580546816,0.10285169562579123,0.1301763259796706,0.10440957712869119,0.21924174836801738,0.05363153594453752,0.12133041695119295,0.07888902718744004,0.2777777777777778,0.2532467532467533,0.36363636363636365,0.14285714285714285,0.4,0.38095238095238093,0.13333333333333333,0.2571428571428571,-0.48416483186574427,0.15111111111111114,0.37662337662337664,0.5956709956709956,0.7777777777777778,0.7727272727272727,1.0,1.0,1.0,0.8461538461538461,0.7368421052631579,0.7230769230769231,0.5640760748177662,0.37111111111111117,0.8766233766233765,0.8974977043158862,50,50,50,50,50,50,50,50,50,50,50,50,6.079521179199219
euclidean_rigid_uniform_k7,euclidean,rigid,uniform,7,0.6388888888888888,0.6084415584415584,0.7454545454545455,0.47142857142857136,0.6944289321789323,0.7110704104647838,0.49265955973850717,0.6018649851016454,0.2348335694680673,0.22424036281179135,0.698961038961039,0.7964078627848683,0.08784104611578832,0.09027504079510758,0.14344624697645794,0.18081678721091174,0.07465154201593535,0.08530648714343327,0.1358050803270371,0.0944265703471626,0.19250678415367434,0.050442159994041606,0.1187439122099219,0.08227442119941708,0.4444444444444444,0.38961038961038963,0.36363636363636365,0.14285714285714285,0.5384615384615384,0.47058823529411764,0.16666666666666666,0.375,-0.24029618753167464,0.1575963718820862,0.43506493506493504,0.6132285421055474,0.7777777777777778,0.7662337662337663,1.0,0.8571428571428571,0.8571428571428571,0.8461538461538461,0.7142857142857143,0.7662337662337663,0.5606119105813882,0.38548752834467126,0.8961038961038962,0.915945165945166,50,50,50,50,50,50,50,50,50,50,50,50,6.384545087814331
euclidean_rigid_uniform_k9,euclidean,rigid,uniform,9,0.6611111111111111,0.6250649350649351,0.7872727272727272,0.4628571428571428,0.7019360704654822,0.7353540028409594,0.5036057276057275,0.6194798652233435,0.274873991835579,0.22096021947873803,0.7079220779220777,0.7991891198522215,0.08566282994017024,0.08890690187355045,0.1344767412162779,0.17451068021577104,0.06703827601945526,0.0807278344347422,0.14305871709892645,0.09707883439848576,0.19016129254208444,0.047861441141265136,0.11355580045276267,0.07599877348627078,0.4444444444444444,0.41558441558441556,0.36363636363636365,0.14285714285714285,0.5454545454545454,0.5,0.18181818181818182,0.4109090909090909,-0.16883116883116883,0.144718792866941,0.38961038961038963,0.6342570085885595,0.8333333333333334,0.7857142857142857,1.0,0.8571428571428571,0.8181818181818182,0.88,0.7272727272727273,0.8036363636363637,0.6700593942604899,0.4039780521262003,0.922077922077922,0.9305555555555556,50,50,50,50,50,50,50,50,50,50,50,50,6.295001268386841
euclidean_rigid_uniform_k11,euclidean,rigid,uniform,11,0.6555555555555556,0.6168831168831168,0.7909090909090908,0.4428571428571428,0.6912508667802784,0.7309084685633884,0.49321869633634335,0.6120635824498659,0.2613519391173502,0.2194490358126722,0.7058441558441558,0.7984803249335335,0.10408632578257145,0.1028472100299458,0.1528389908563613,0.16642353500306215,0.07066102467824217,0.10538731947854386,0.15343034543579476,0.11387130139370245,0.22591552199302903,0.04490706667045229,0.12423675235694895,0.08116139570166275,0.4444444444444444,0.41558441558441556,0.18181818181818182,0.14285714285714285,0.5454545454545454,0.2857142857142857,0.18181818181818182,0.4109090909090909,-0.16883116883116883,0.14554637281910007,0.33766233766233766,0.549401096526765,0.8333333333333334,0.7857142857142857,1.0,0.8571428571428571,0.8181818181818182,0.88,0.7272727272727273,0.8036363636363637,0.6700593942604899,0.3686868686868687,0.9675324675324676,0.962121212121212,50,50,50,50,50,50,50,50,50,50,50,50,6.28356671333313
euclidean_rigid_uniform_k15,euclidean,rigid,uniform,15,0.5944444444444444,0.5440259740259741,0.7709090909090908,0.31714285714285717,0.6372447307594367,0.6914779044400258,0.3659499877487493,0.5287139460943877,0.11123185918811393,0.22333827160493824,0.6718181818181818,0.7978141016737272,0.09800864313673387,0.09158141830108749,0.16756769990949935,0.158843173243184,0.0629950225263829,0.10119704564443172,0.15234691073827267,0.10292936970012381,0.22656039742257147,0.03433134478874044,0.11300673702405167,0.06540024729243706,0.3888888888888889,0.36363636363636365,0.2727272727272727,0.0,0.5,0.35294117647058826,0.0,0.3076923076923077,-0.3567530340063379,0.16296296296296295,0.4350649350649351,0.5996589269316542,0.7777777777777778,0.7402597402597402,1.0,0.5714285714285714,0.7692307692307693,0.8333333333333334,0.6666666666666666,0.75,0.5229975846277625,0.3071604938271605,0.9090909090909091,0.9290879574970483,50,50,50,50,50,50,50,50,50,50,50,50,5.34813380241394
euclidean_rigid_uniform_k21,euclidean,rigid,uniform,21,0.5744444444444445,0.5162337662337663,0.7781818181818181,0.2542857142857143,0.6203146934764583,0.6830524508068865,0.2876941781988222,0.48537331450285437,0.03342211190760732,0.21878558830939782,0.6771428571428573,0.792771745782441,0.09228899585191071,0.0899216563970593,0.17048144500178639,0.18989464186862232,0.06250690129525452,0.0990611356712124,0.18986179021993563,0.10972296191121055,0.22304192477730306,0.025211031619434623,0.1149607800277072,0.07413176244251936,0.3888888888888889,0.3701298701298701,0.2727272727272727,0.0,0.5,0.35294117647058826,0.0,0.3333333333333333,-0.2820380374088831,0.17132779037540943,0.42857142857142855,0.6713629804538896,0.8333333333333334,0.8116883116883117,1.0,0.7142857142857143,0.8333333333333334,0.8695652173913043,0.7692307692307693,0.8193979933110368,0.6446583712203042,0.2760141093474427,0.9545454545454545,0.9633264462809917,50,50,50,50,50,50,50,50,50,50,50,50,4.701265096664429
euclidean_rigid_inverse_distance_k1,euclidean,rigid,inverse_distance,1,0.6177777777777778,0.5885714285714286,0.7200000000000002,0.457142857142857,0.6805268342768344,0.6913918855616796,0.47154847113670634,0.581470178349193,0.19068725517743068,0.38222222222222224,0.5885714285714286,0.6656213205985934,0.10744519365568536,0.11017315583391513,0.1545836469232884,0.19360883633683956,0.09505763136737103,0.10377335580623788,0.15017771209425274,0.11201800031650758,0.22803010025697143,0.10744519365568539,0.11017315583391515,0.06352188473058983,0.3333333333333333,0.3246753246753247,0.36363636363636365,0.14285714285714285,0.4444444444444444,0.4,0.18181818181818182,0.325,-0.34188172937891387,0.16666666666666666,0.3246753246753247,0.5505050505050505,0.8333333333333334,0.8116883116883117,1.0,0.8571428571428571,0.8571428571428571,0.8695652173913043,0.7692307692307693,0.8193979933110368,0.6446583712203042,0.6666666666666666,0.8116883116883118,0.8131313131313131,50,50,50,50,50,50,50,50,50,50,50,50,5.4690101146698
euclidean_rigid_inverse_distance_k3,euclidean,rigid,inverse_distance,3,0.5977777777777777,0.5722077922077922,0.6872727272727271,0.4571428571428571,0.6681928071928073,0.6704483465318972,0.459086326813881,0.5647673366728891,0.15038581673283233,0.2622511023404612,0.6761038961038962,0.8038424452849587,0.09361042982721733,0.09525090469559645,0.14363425000206226,0.17555765851107402,0.07786372250231167,0.0956106039358255,0.13842338816667368,0.09937121487909188,0.1966297744241775,0.07070011153829074,0.12384402376824453,0.08638182620284457,0.3888888888888889,0.3701298701298701,0.2727272727272727,0.14285714285714285,0.5,0.375,0.16666666666666666,0.37142857142857144,-0.2548235957188128,0.15420105819605143,0.38961038961038963,0.592516069788797,0.7777777777777778,0.7662337662337663,0.9090909090909091,0.8571428571428571,0.8333333333333334,0.8181818181818182,0.7142857142857143,0.7662337662337663,0.5324675324675324,0.4431065250241225,0.9090909090909091,0.9646464646464646,50,50,50,50,50,50,50,50,50,50,50,50,6.445776462554932
euclidean_rigid_inverse_distance_k5,euclidean,rigid,inverse_distance,5,0.6066666666666666,0.5763636363636364,0.7127272727272727,0.43999999999999995,0.6668235930735931,0.6828001681511978,0.4609728474140239,0.571886507782611,0.16899560756419882,0.23968741213086533,0.6762337662337663,0.8127207542902728,0.10338196500275415,0.09994095068868046,0.1551499690708372,0.15499459221263284,0.08499722883868951,0.1020706918946386,0.12120222826766812,0.09962416043261782,0.2090744251578094,0.05313503432283608,0.1299960296186751,0.09068181878067935,0.2777777777777778,0.2532467532467533,0.36363636363636365,0.14285714285714285,0.4,0.38095238095238093,0.13333333333333333,0.2571428571428571,-0.48416483186574427,0.1608422345137549,0.35064935064935066,0.5868245316774728,0.7222222222222222,0.7467532467532467,1.0,0.8571428571428571,0.875,0.8148148148148148,0.7058823529411765,0.7213622291021672,0.48416483186574427,0.3623261875003618,0.8441558441558441,0.9305555555555556,50,50,50,50,50,50,50,50,50,50,50,50,6.330108642578125
euclidean_rigid_inverse_distance_k7,euclidean,rigid,inverse_distance,7,0.6355555555555555,0.6031168831168832,0.749090909090909,0.4571428571428571,0.6891751581751582,0.7098241420793849,0.4824383920173394,0.5961312670483622,0.22632285310307806,0.22650363420354505,0.6950649350649352,0.8288891730669805,0.08335978416191037,0.08424354014969249,0.14526889822451494,0.17555765851107402,0.06972143718419971,0.08356445668363321,0.12897483311472688,0.08837414862474176,0.18108329368312687,0.0503429492680968,0.12352621115621716,0.08287026328158684,0.4444444444444444,0.38961038961038963,0.36363636363636365,0.14285714285714285,0.5384615384615384,0.47058823529411764,0.16666666666666666,0.375,-0.24029618753167464,0.1577816340565842,0.3896103896103896,0.6441838390367802,0.7777777777777778,0.7402597402597402,1.0,0.8571428571428571,0.8571428571428571,0.8333333333333334,0.6666666666666666,0.75,0.5229975846277625,0.3810053714202253,0.8961038961038961,0.9436674436674437,50,50,50,50,50,50,50,50,50,50,50,50,6.42632794380188
euclidean_rigid_inverse_distance_k9,euclidean,rigid,inverse_distance,9,0.66,0.6215584415584415,0.7945454545454544,0.44857142857142845,0.6975753821342056,0.7367418356200964,0.4959739149739149,0.6163578752970058,0.27222909316479915,0.22233117348022705,0.7207792207792209,0.8409971690519821,0.08372169520152757,0.0858863896352436,0.13219988239548602,0.16582182094507655,0.0643101571906462,0.07774692066872216,0.13772307567527473,0.09360012052447478,0.18626647693335976,0.04824060549387886,0.11782901995734035,0.0785761809159221,0.4444444444444444,0.41558441558441556,0.36363636363636365,0.14285714285714285,0.5454545454545454,0.5,0.18181818181818182,0.4109090909090909,-0.16883116883116883,0.14738761838135417,0.40259740259740256,0.6658483228001943,0.8333333333333334,0.7857142857142857,1.0,0.8571428571428571,0.8181818181818182,0.88,0.7272727272727273,0.8036363636363637,0.6700593942604899,0.39913682708813997,0.922077922077922,0.9595404595404596,50,50,50,50,50,50,50,50,50,50,50,50,6.376304626464844
euclidean_rigid_inverse_distance_k11,euclidean,rigid,inverse_distance,11,0.6511111111111112,0.6116883116883116,0.7890909090909091,0.43428571428571416,0.688054034201093,0.7284000719680352,0.482876815994463,0.6056384439812492,0.24740468682558459,0.21989593152277756,0.7163636363636364,0.8399967489432731,0.09915236626502485,0.09903656424061039,0.14743549035135975,0.16819100226968584,0.06691478321990887,0.10051175866475584,0.15928713016027474,0.11280041188236119,0.22348242548535432,0.04509797818112275,0.12070381727823112,0.07306616581545224,0.4444444444444444,0.41558441558441556,0.18181818181818182,0.0,0.5454545454545454,0.2857142857142857,0.0,0.35714285714285715,-0.19347649748797374,0.14830338259747095,0.36363636363636365,0.6383785332314745,0.8333333333333334,0.8116883116883117,1.0,0.8571428571428571,0.8333333333333334,0.88,0.7692307692307693,0.8193979933110368,0.6700593942604899,0.36773123469509367,0.9480519480519481,0.9649678604224059,50,50,50,50,50,50,50,50,50,50,50,50,6.372463941574097
euclidean_rigid_inverse_distance_k15,euclidean,rigid,inverse_distance,15,0.6055555555555556,0.5531168831168831,0.7890909090909091,0.31714285714285717,0.6440448195595255,0.7029217527196931,0.37165202444614204,0.5372868885829177,0.13227413723575862,0.22183779790382682,0.6890909090909091,0.8292769546258854,0.0934016055233319,0.08894444816382192,0.15952366267827622,0.1614439219719682,0.057389460450957934,0.09498717618032235,0.1555925102807726,0.10234439257955305,0.2232907568859174,0.03545002082216867,0.11626037834616904,0.06744584035643926,0.4444444444444444,0.36363636363636365,0.2727272727272727,0.0,0.5333333333333333,0.375,0.0,0.3076923076923077,-0.3567530340063379,0.16307806037931794,0.45454545454545453,0.687385089657817,0.7777777777777778,0.7402597402597402,1.0,0.7142857142857143,0.7692307692307693,0.8333333333333334,0.6666666666666666,0.75,0.5229975846277625,0.31254632193309306,0.922077922077922,0.9516705516705517,50,50,50,50,50,50,50,50,50,50,50,50,6.328722238540649
euclidean_rigid_inverse_distance_k21,euclidean,rigid,inverse_distance,21,0.5988888888888889,0.5383116883116883,0.8109090909090908,0.2657142857142857,0.6335825187884012,0.7036832646254645,0.31489416465887055,0.5092887146421676,0.10640533175447624,0.2165618137600527,0.6911688311688312,0.8250315896224987,0.09994329458007312,0.09574299539107874,0.17791733807318139,0.1870661717229549,0.06399964470478621,0.10327478936248796,0.18526714017961182,0.11324884207504898,0.24445243868897157,0.026725283479794314,0.12438150066510868,0.0761328344232272,0.3888888888888889,0.3441558441558441,0.2727272727272727,0.0,0.5,0.375,0.0,0.3333333333333333,-0.3223291856101521,0.16745323797656897,0.4155844155844156,0.6615821344430971,0.8888888888888888,0.8571428571428572,1.0,0.7142857142857143,0.8461538461538461,0.9166666666666666,0.8333333333333334,0.875,0.7774288420142416,0.2754138159198295,0.974025974025974,0.986013986013986,50,50,50,50,50,50,50,50,50,50,50,50,6.398036241531372
euclidean_fuzzy_confidence_uniform_k1,euclidean,fuzzy_confidence,uniform,1,0.6177777777777778,0.5885714285714286,0.7200000000000002,0.457142857142857,0.6805268342768344,0.6913918855616796,0.47154847113670634,0.581470178349193,0.19068725517743068,0.38222222222222224,0.5885714285714286,0.6656213205985934,0.10744519365568536,0.11017315583391513,0.1545836469232884,0.19360883633683956,0.09505763136737103,0.10377335580623788,0.15017771209425274,0.11201800031650758,0.22803010025697143,0.10744519365568539,0.11017315583391515,0.06352188473058983,0.3333333333333333,0.3246753246753247,0.36363636363636365,0.14285714285714285,0.4444444444444444,0.4,0.18181818181818182,0.325,-0.34188172937891387,0.16666666666666666,0.3246753246753247,0.5505050505050505,0.8333333333333334,0.8116883116883117,1.0,0.8571428571428571,0.8571428571428571,0.8695652173913043,0.7692307692307693,0.8193979933110368,0.6446583712203042,0.6666666666666666,0.8116883116883118,0.8131313131313131,50,50,50,50,50,50,50,50,50,50,50,50,6.61161732673645
euclidean_fuzzy_confidence_uniform_k3,euclidean,fuzzy_confidence,uniform,3,0.5955555555555555,0.5605194805194805,0.7181818181818183,0.4028571428571428,0.6541865895542367,0.6789468602251211,0.4257748362748363,0.5523608482499787,0.129871845588545,0.2713175331037765,0.6558441558441558,0.7875375315415423,0.10289338965486888,0.10295124294038971,0.1506157598018598,0.17242180681946467,0.07411761099641996,0.09820355375043396,0.159340182835454,0.11155700578532667,0.22414530253541878,0.07908989949630063,0.13379955274287786,0.08619603583530534,0.3888888888888889,0.3701298701298701,0.36363636363636365,0.0,0.5,0.4444444444444444,0.0,0.35714285714285715,-0.2548235957188128,0.14722519666302736,0.35714285714285715,0.5817071817071816,0.7777777777777778,0.7662337662337663,1.0,0.7142857142857143,0.8181818181818182,0.8333333333333334,0.7142857142857143,0.7662337662337663,0.5324675324675324,0.45601970829484056,0.9090909090909091,0.9646464646464646,50,50,50,50,50,50,50,50,50,50,50,50,6.334648847579956
euclidean_fuzzy_confidence_uniform_k5,euclidean,fuzzy_confidence,uniform,5,0.5888888888888889,0.565974025974026,0.6690909090909092,0.46285714285714286,0.6642402597402598,0.6590575352228872,0.4626121700796623,0.5608348526512748,0.14198987630693785,0.24806580965226502,0.6536363636363638,0.7889267020857932,0.10765603147817886,0.10699203899760697,0.15340075906736,0.16967028319042063,0.08941555895427251,0.10556774952756344,0.1320292293612989,0.10695002311529356,0.22296066834703962,0.056812685758056036,0.12053380845125546,0.08477408306686206,0.2777777777777778,0.2532467532467533,0.36363636363636365,0.14285714285714285,0.4,0.38095238095238093,0.13333333333333333,0.2571428571428571,-0.48416483186574427,0.17305362667942994,0.3246753246753247,0.59509102009102,0.7777777777777778,0.7467532467532467,1.0,0.8571428571428571,0.875,0.8461538461538461,0.7058823529411765,0.7230769230769231,0.5606119105813882,0.4036905184141933,0.883116883116883,0.9382001836547291,50,50,50,50,50,50,50,50,50,50,50,50,6.317091941833496
euclidean_fuzzy_confidence_uniform_k7,euclidean,fuzzy_confidence,uniform,7,0.6200000000000001,0.5903896103896104,0.7236363636363637,0.4571428571428571,0.6827843267843268,0.6959919627452809,0.4707774970127911,0.5833847298790359,0.19079090231592166,0.22784559801990528,0.688051948051948,0.8110980203694109,0.09547589359887343,0.10206476359241817,0.132391116232464,0.19144554121728286,0.08689721513308721,0.08596891371047177,0.14949560376902207,0.10424750988773868,0.2094575594361114,0.053465335139804074,0.11992077130892712,0.0847056974662195,0.3888888888888889,0.3701298701298701,0.45454545454545453,0.14285714285714285,0.5,0.47619047619047616,0.16666666666666666,0.37142857142857144,-0.2548235957188128,0.15862079983197608,0.42207792207792205,0.6249962084855133,0.7777777777777778,0.7922077922077921,0.9090909090909091,0.8571428571428571,0.8888888888888888,0.8333333333333334,0.75,0.775,0.5698028822981898,0.4037609619869663,0.8571428571428572,0.9386724386724387,50,50,50,50,50,50,50,50,50,50,50,50,6.61571192741394
euclidean_fuzzy_confidence_uniform_k9,euclidean,fuzzy_confidence,uniform,9,0.6522222222222223,0.6193506493506493,0.7672727272727272,0.4714285714285713,0.6965573315573315,0.7244258188290223,0.5058087892499656,0.6151173040394942,0.25932883323735284,0.223527275792753,0.6922077922077922,0.8091381322183463,0.0903577615331797,0.08890767618395928,0.1424551605278139,0.15609243408957504,0.07132552301680668,0.09011942489620778,0.12803880421168218,0.09474454251610519,0.1886009188331291,0.049552970956961075,0.11422455776414596,0.07834888740715823,0.3888888888888889,0.3701298701298701,0.36363636363636365,0.14285714285714285,0.5,0.4444444444444444,0.2222222222222222,0.37142857142857144,-0.2548235957188128,0.1406648524553955,0.4155844155844156,0.6367243867243867,0.8333333333333334,0.7857142857142857,1.0,0.8571428571428571,0.875,0.88,0.7272727272727273,0.8036363636363637,0.6700593942604899,0.4098982167719748,0.9155844155844156,0.9547785547785548,50,50,50,50,50,50,50,50,50,50,50,50,6.385505676269531
euclidean_fuzzy_confidence_uniform_k11,euclidean,fuzzy_confidence,uniform,11,0.6422222222222221,0.6075324675324675,0.7636363636363638,0.4514285714285713,0.6888546714723185,0.7176184380652277,0.4803508548554988,0.5989846464603632,0.23198003997179734,0.22280650203461133,0.6875324675324674,0.8097719367679259,0.1089124876089425,0.11244144768629108,0.15475812062094785,0.19862081731586023,0.08752083234396292,0.10313880902612613,0.1775765481968805,0.12324210058687879,0.24323830970366014,0.04601195916733204,0.12787117856280783,0.08701323593239577,0.3888888888888889,0.3701298701298701,0.2727272727272727,0.0,0.5,0.35294117647058826,0.0,0.35714285714285715,-0.2548235957188128,0.14475887265119716,0.36363636363636365,0.5644968593498005,0.8333333333333334,0.8376623376623377,1.0,0.8571428571428571,0.9,0.88,0.8,0.8285714285714285,0.6700593942604899,0.3680862098648372,0.8961038961038961,0.9494949494949496,50,50,50,50,50,50,50,50,50,50,50,50,6.337099075317383
euclidean_fuzzy_confidence_uniform_k15,euclidean,fuzzy_confidence,uniform,15,0.5866666666666667,0.548051948051948,0.7218181818181819,0.3742857142857142,0.6395991279961868,0.6707679998857278,0.40587719452889737,0.5383225972073125,0.11497133488317669,0.2270470592681688,0.6703896103896105,0.8154865384170197,0.10538535030284338,0.09449225661036618,0.18312148838272774,0.1496629560595845,0.07348298046879444,0.11713715951775883,0.13227448398730665,0.10156800298878098,0.21480541342961115,0.03720025408371097,0.116747278017038,0.07242216516334922,0.2777777777777778,0.2792207792207792,0.2727272727272727,0.0,0.375,0.3157894736842105,0.0,0.27554179566563464,-0.4332001127219817,0.15775984542143548,0.38961038961038963,0.5664978886235571,0.7777777777777778,0.7402597402597402,1.0,0.7142857142857143,0.7692307692307693,0.8461538461538461,0.6666666666666666,0.75,0.5606119105813882,0.30288203418435716,0.922077922077922,0.9562770562770563,50,50,50,50,50,50,50,50,50,50,50,50,5.60870885848999
euclidean_fuzzy_confidence_uniform_k21,euclidean,fuzzy_confidence,uniform,21,0.6066666666666667,0.5727272727272728,0.7254545454545455,0.42,0.6625496431672901,0.6846509172116926,0.44291975465195277,0.5637853359318227,0.15748028065323086,0.21829671127419875,0.6911688311688312,0.820451404804346,0.10930504952817029,0.1069247794687852,0.16981729985905977,0.18118495615859617,0.08309096097185165,0.11262348748602696,0.15880072753356736,0.1154854006163466,0.22987757404372255,0.029904018952957138,0.11531295083941541,0.07315186732649838,0.3888888888888889,0.3701298701298701,0.2727272727272727,0.0,0.5,0.35294117647058826,0.0,0.35714285714285715,-0.2548235957188128,0.15684279856013464,0.43506493506493504,0.672039072039072,0.8333333333333334,0.8116883116883117,1.0,0.8571428571428571,0.8333333333333334,0.8695652173913043,0.7692307692307693,0.8193979933110368,0.6446583712203042,0.2841069094989612,0.974025974025974,0.986013986013986,50,50,50,50,50,50,50,50,50,50,50,50,6.443497180938721
euclidean_fuzzy_confidence_inverse_distance_k1,euclidean,fuzzy_confidence,inverse_distance,1,0.6177777777777778,0.5885714285714286,0.7200000000000002,0.457142857142857,0.6805268342768344,0.6913918855616796,0.47154847113670634,0.581470178349193,0.19068725517743068,0.38222222222222224,0.5885714285714286,0.6656213205985934,0.10744519365568536,0.11017315583391513,0.1545836469232884,0.19360883633683956,0.09505763136737103,0.10377335580623788,0.15017771209425274,0.11201800031650758,0.22803010025697143,0.10744519365568539,0.11017315583391515,0.06352188473058983,0.3333333333333333,0.3246753246753247,0.36363636363636365,0.14285714285714285,0.4444444444444444,0.4,0.18181818181818182,0.325,-0.34188172937891387,0.16666666666666666,0.3246753246753247,0.5505050505050505,0.8333333333333334,0.8116883116883117,1.0,0.8571428571428571,0.8571428571428571,0.8695652173913043,0.7692307692307693,0.8193979933110368,0.6446583712203042,0.6666666666666666,0.8116883116883118,0.8131313131313131,50,50,50,50,50,50,50,50,50,50,50,50,5.953231334686279
euclidean_fuzzy_confidence_inverse_distance_k3,euclidean,fuzzy_confidence,inverse_distance,3,0.5822222222222222,0.5563636363636363,0.6727272727272726,0.44,0.6556961633138104,0.6582757750258894,0.43954063583475356,0.5489082054303215,0.11516323075965143,0.27353825458502096,0.654805194805195,0.7919529178486399,0.10423146132940955,0.10749018068402477,0.1422655993519912,0.18217072330139916,0.0848061703880666,0.09821589016612703,0.15803843678743976,0.11252809270571411,0.22486801316843366,0.07661357969460553,0.13311840224612037,0.08764731769068514,0.3888888888888889,0.3441558441558441,0.36363636363636365,0.0,0.5,0.4444444444444444,0.0,0.3377926421404682,-0.3223291856101521,0.14629197101025015,0.34415584415584416,0.5857864357864357,0.7777777777777778,0.7922077922077921,0.9090909090909091,0.8571428571428571,0.8888888888888888,0.8181818181818182,0.75,0.775,0.5698028822981898,0.45781970177399806,0.9090909090909091,0.9646464646464646,50,50,50,50,50,50,50,50,50,50,50,50,6.398632764816284
euclidean_fuzzy_confidence_inverse_distance_k5,euclidean,fuzzy_confidence,inverse_distance,5,0.6,0.5807792207792208,0.6672727272727274,0.49428571428571433,0.6748338328338329,0.6642661534543888,0.488160690187006,0.5762134218206973,0.16919520958236217,0.2505741354651889,0.6502597402597402,0.7968478161766932,0.10468972982756285,0.1016450412108009,0.1510183568485812,0.1505508419714938,0.08337322266874547,0.10656737831018552,0.12195674588330117,0.10346071011084586,0.20922240247652674,0.05609500715597087,0.121354883239989,0.08534360177663013,0.3333333333333333,0.2987012987012987,0.36363636363636365,0.14285714285714285,0.4444444444444444,0.4,0.14285714285714285,0.2987012987012987,-0.4025974025974026,0.17255254023747893,0.3246753246753247,0.5894436371709099,0.7222222222222222,0.7207792207792207,0.9090909090909091,0.8571428571428571,0.8571428571428571,0.8,0.6666666666666666,0.7142857142857142,0.4332001127219817,0.3900778868532409,0.9090909090909091,0.9646464646464646,50,50,50,50,50,50,50,50,50,50,50,50,6.379591941833496
euclidean_fuzzy_confidence_inverse_distance_k7,euclidean,fuzzy_confidence,inverse_distance,7,0.6088888888888889,0.5828571428571427,0.7000000000000002,0.46571428571428564,0.6791940281940282,0.6816667382113605,0.466734317969612,0.5742005280904864,0.1731556718769524,0.23115632935398517,0.681038961038961,0.8190073681517533,0.09587091346375555,0.10177533350906875,0.14137364322777432,0.1974641401130104,0.09010246753359744,0.09166000706767809,0.14899891218001465,0.10341245682585723,0.20627343980135748,0.05316865623378125,0.12020516834117297,0.08124654553243467,0.3888888888888889,0.3701298701298701,0.36363636363636365,0.14285714285714285,0.5,0.4444444444444444,0.16666666666666666,0.37142857142857144,-0.2548235957188128,0.1576628646586651,0.41558441558441556,0.6152380373637057,0.7777777777777778,0.7662337662337663,0.9090909090909091,0.8571428571428571,0.875,0.8181818181818182,0.7142857142857143,0.7662337662337663,0.5324675324675324,0.40352261337788836,0.8571428571428572,0.9386724386724387,50,50,50,50,50,50,50,50,50,50,50,50,6.321302890777588
euclidean_fuzzy_confidence_inverse_distance_k9,euclidean,fuzzy_confidence,inverse_distance,9,0.638888888888889,0.6099999999999999,0.7399999999999999,0.4799999999999999,0.6943211788211786,0.7102481177776372,0.49942380495321664,0.604835961365427,0.23464221763219656,0.22590452299634356,0.6950649350649349,0.8256609209269637,0.08417937871268422,0.08518588787344471,0.13497749417295332,0.1626519089401737,0.07078730860554609,0.0818949671318826,0.12576374049164313,0.08922804563629004,0.17960449705392806,0.04968957520204675,0.11428450954717641,0.07439733891255489,0.3888888888888889,0.3701298701298701,0.45454545454545453,0.14285714285714285,0.5,0.47619047619047616,0.2,0.37142857142857144,-0.2548235957188128,0.14604298987622127,0.4025974025974026,0.6596239544768957,0.7777777777777778,0.7662337662337663,1.0,0.8571428571428571,0.8571428571428571,0.8461538461538461,0.7142857142857143,0.7662337662337663,0.5606119105813882,0.40937591024675557,0.8961038961038962,0.9506118881118881,50,50,50,50,50,50,50,50,50,50,50,50,5.333266973495483
euclidean_fuzzy_confidence_inverse_distance_k11,euclidean,fuzzy_confidence,inverse_distance,11,0.6233333333333334,0.5936363636363636,0.7272727272727272,0.4599999999999999,0.6792152292152293,0.6956452082877711,0.4768337838631956,0.5862394960754834,0.1988988317303016,0.22399056010964977,0.6948051948051948,0.8314033181613395,0.10782557324402159,0.108014469457856,0.15905777550540118,0.18319666002204293,0.09054185310586559,0.11108543383189093,0.15498548910860213,0.11535001824569897,0.22620564355545233,0.046030537340310526,0.12752318805803198,0.08176223836674415,0.3333333333333333,0.3246753246753247,0.18181818181818182,0.14285714285714285,0.4,0.25,0.18181818181818182,0.325,-0.34188172937891387,0.1488203032546316,0.36363636363636365,0.5644968593498005,0.8333333333333334,0.8116883116883117,1.0,0.7142857142857143,0.8333333333333334,0.88,0.7692307692307693,0.8193979933110368,0.6700593942604899,0.37056669270241954,0.922077922077922,0.9516705516705517,50,50,50,50,50,50,50,50,50,50,50,50,6.12095308303833
euclidean_fuzzy_confidence_inverse_distance_k15,euclidean,fuzzy_confidence,inverse_distance,15,0.5888888888888889,0.5524675324675326,0.7163636363636364,0.38857142857142846,0.641771698889346,0.6696385229214681,0.4188511095028123,0.5442448162121403,0.12435181927635779,0.2262771662947065,0.6740259740259741,0.8216288169643785,0.11111111111111112,0.09895694152196258,0.18877238764266624,0.144422906228197,0.07643396019785852,0.12254950779160714,0.13160026790118332,0.10610136087371148,0.22509375516659938,0.037999343160891125,0.11766824096791524,0.06746409928175855,0.2777777777777778,0.2792207792207792,0.2727272727272727,0.0,0.375,0.3157894736842105,0.0,0.27554179566563464,-0.4332001127219817,0.15534341501304144,0.38961038961038963,0.6718586968586969,0.7777777777777778,0.7402597402597402,1.0,0.7142857142857143,0.8,0.8461538461538461,0.6666666666666666,0.75,0.5606119105813882,0.30568930115627224,0.9090909090909092,0.9547785547785548,50,50,50,50,50,50,50,50,50,50,50,50,6.235912322998047
euclidean_fuzzy_confidence_inverse_distance_k21,euclidean,fuzzy_confidence,inverse_distance,21,0.6033333333333334,0.5694805194805195,0.7218181818181819,0.4171428571428571,0.6600503973151031,0.6811478578166423,0.4367308520512854,0.558939354933964,0.15090245348315087,0.217274707323997,0.6924675324675325,0.8283889834170582,0.11054846203840964,0.10779244728689477,0.1755986315616041,0.1866872918535391,0.08541204879975099,0.11575230536543529,0.1658439754092914,0.11784689335528709,0.2357027509082022,0.031130973536374455,0.12299423213595369,0.07300726490105022,0.3888888888888889,0.3441558441558441,0.2727272727272727,0.0,0.5,0.35294117647058826,0.0,0.3377926421404682,-0.3223291856101521,0.1513805452836666,0.37662337662337664,0.6532009582811723,0.8333333333333334,0.8376623376623377,1.0,0.8571428571428571,0.9,0.8695652173913043,0.8,0.8285714285714285,0.6625413488689132,0.2867617865233406,0.9870129870129871,0.9924242424242424,50,50,50,50,50,50,50,50,50,50,50,50,6.300432443618774
manhattan_rigid_uniform_k1,manhattan,rigid,uniform,1,0.5944444444444444,0.5575324675324675,0.7236363636363637,0.3914285714285714,0.6540685686862158,0.6820364964131556,0.41631820793585494,0.5491773521745053,0.1207416629664271,0.40555555555555556,0.5575324675324675,0.6477434217594645,0.10896452553766652,0.11417188570306702,0.13739253148507216,0.18883893032863608,0.08681031484395872,0.09524902051751001,0.17697339618896238,0.12264394266592932,0.246852962289814,0.10896452553766652,0.11417188570306705,0.059124538077126185,0.3333333333333333,0.2727272727272727,0.36363636363636365,0.0,0.4444444444444444,0.4,0.0,0.25,-0.4947274449181537,0.16666666666666666,0.2727272727272727,0.5295260295260296,0.8333333333333334,0.8116883116883117,1.0,0.8571428571428571,0.8571428571428571,0.8695652173913043,0.7692307692307693,0.8193979933110368,0.6446583712203042,0.6666666666666666,0.8116883116883118,0.8131313131313131,50,50,50,50,50,50,50,50,50,50,50,50,5.912282705307007
manhattan_rigid_uniform_k3,manhattan,rigid,uniform,3,0.6188888888888889,0.5920779220779222,0.7127272727272728,0.47142857142857136,0.6810797535797535,0.6907797655010468,0.483510123863065,0.587144944682056,0.19445023328583924,0.24851851851851847,0.6792207792207792,0.768531021859899,0.07695548477160254,0.07527862178239342,0.13162451386306417,0.14502724901583566,0.061940020742315166,0.08083126126867282,0.10643283134213909,0.07800338382932043,0.15529363877804572,0.05822523681406173,0.10677175933163756,0.07933976875194625,0.4444444444444444,0.41558441558441556,0.36363636363636365,0.14285714285714285,0.5454545454545454,0.4444444444444444,0.2222222222222222,0.41558441558441556,-0.16883116883116883,0.15432098765432098,0.422077922077922,0.5818559930859396,0.7777777777777778,0.7662337662337663,0.9090909090909091,0.8571428571428571,0.875,0.8333333333333334,0.7142857142857143,0.7662337662337663,0.5324675324675324,0.4012345679012345,0.8441558441558443,0.9292929292929293,50,50,50,50,50,50,50,50,50,50,50,50,6.309127330780029
manhattan_rigid_uniform_k5,manhattan,rigid,uniform,5,0.6111111111111112,0.5758441558441558,0.7345454545454544,0.4171428571428571,0.6643558108558107,0.6934489449359014,0.4512565212565212,0.5723527330962114,0.16818128073648558,0.24053333333333338,0.6683116883116884,0.779959882066834,0.08694008849288351,0.083852430497904,0.13223815128683486,0.1317552031964814,0.06661230758112086,0.08411610260777609,0.10837073659350623,0.08533820755486052,0.18247869039695747,0.05073123148834962,0.10950000911211294,0.07734788822736931,0.3333333333333333,0.3246753246753247,0.36363636363636365,0.14285714285714285,0.4444444444444444,0.4,0.2222222222222222,0.325,-0.34188172937891387,0.1688888888888889,0.36363636363636365,0.598871063576946,0.7777777777777778,0.7922077922077921,1.0,0.8571428571428571,0.8888888888888888,0.8461538461538461,0.75,0.775,0.5698028822981898,0.38,0.8766233766233766,0.9150596877869605,50,50,50,50,50,50,50,50,50,50,50,50,4.621897459030151
manhattan_rigid_uniform_k7,manhattan,rigid,uniform,7,0.6088888888888889,0.5698701298701299,0.7454545454545454,0.3942857142857143,0.6623530146324264,0.6955889315362999,0.429552192905134,0.562570562220717,0.1587911559247186,0.22741496598639455,0.6883116883116882,0.793050728237894,0.09252756597961696,0.09447003338160201,0.1374416265488099,0.16967028319042063,0.08043721035763499,0.08533290055982688,0.13433435588732048,0.09589184503366181,0.20300152910943398,0.04997913688653625,0.11917244417626512,0.08000512066768126,0.3888888888888889,0.3441558441558441,0.36363636363636365,0.14285714285714285,0.5,0.42105263157894735,0.15384615384615385,0.3377926421404682,-0.3223291856101521,0.15873015873015872,0.37012987012987014,0.5962863933452169,0.7777777777777778,0.7467532467532467,1.0,0.8571428571428571,0.875,0.8333333333333334,0.7058823529411765,0.75,0.5229975846277625,0.380952380952381,0.8766233766233766,0.9226884226884227,50,50,50,50,50,50,50,50,50,50,50,50,6.4581427574157715
manhattan_rigid_uniform_k9,manhattan,rigid,uniform,9,0.6577777777777777,0.6176623376623377,0.7981818181818181,0.43714285714285706,0.6947476461447049,0.7374004275917317,0.48482251082251077,0.6111114692071214,0.26083873739804225,0.21215363511659807,0.7254545454545456,0.8170903993510944,0.0764216070934014,0.08133314934108363,0.12222980328158384,0.16930167470984603,0.0637390017589379,0.06759716289638276,0.1418446573554404,0.09045192859048269,0.1778055485283703,0.04174416392320107,0.11405899976165881,0.07338016587513582,0.4444444444444444,0.41558441558441556,0.5454545454545454,0.0,0.5454545454545454,0.5454545454545454,0.0,0.35714285714285715,-0.19347649748797374,0.13991769547325106,0.4025974025974026,0.6316574839302113,0.8333333333333334,0.8116883116883117,1.0,0.8571428571428571,0.8571428571428571,0.8695652173913043,0.7692307692307693,0.8193979933110368,0.6446583712203042,0.33196159122085045,0.922077922077922,0.9376114081996435,50,50,50,50,50,50,50,50,50,50,50,50,6.409372806549072
manhattan_rigid_uniform_k11,manhattan,rigid,uniform,11,0.67,0.6281818181818182,0.8163636363636364,0.43999999999999995,0.6996287927758514,0.747542797841196,0.49884351596116294,0.6231931569011796,0.28967438557484815,0.2067952249770432,0.7397402597402598,0.8221225561426095,0.08125526903085047,0.08275092124712867,0.1305049420086563,0.16027880747813764,0.05951703738716729,0.07609533341916214,0.1401241371305979,0.09369996565705811,0.18890255553208823,0.04016074908786996,0.11757196080421689,0.08023277903154051,0.4444444444444444,0.41558441558441556,0.36363636363636365,0.0,0.5454545454545454,0.5,0.0,0.35714285714285715,-0.19347649748797374,0.13682277318640954,0.3831168831168831,0.617842867174418,0.8333333333333334,0.8116883116883117,1.0,0.8571428571428571,0.8333333333333334,0.88,0.7692307692307693,0.8193979933110368,0.6700593942604899,0.3356290174471993,1.0,1.0,50,50,50,50,50,50,50,50,50,50,50,50,6.372352838516235
manhattan_rigid_uniform_k15,manhattan,rigid,uniform,15,0.6288888888888888,0.5748051948051949,0.8181818181818181,0.3314285714285714,0.6568126220185043,0.7219829794542412,0.39673584585349286,0.5593594126538671,0.1889213787247928,0.21191604938271605,0.7214285714285714,0.8193630252694425,0.08506514925063023,0.07732610681815892,0.16116459280507606,0.1511857892036909,0.0508523612795611,0.09403138515322229,0.14141800210153724,0.09187306767798571,0.1913734449182313,0.031784566461550645,0.11445222250964653,0.0738351423564493,0.4444444444444444,0.41558441558441556,0.2727272727272727,0.0,0.5454545454545454,0.375,0.0,0.35714285714285715,-0.19347649748797374,0.15728395061728395,0.4675324675324675,0.630532212885154,0.8333333333333334,0.7857142857142857,1.0,0.7142857142857143,0.7857142857142857,0.88,0.7272727272727273,0.8036363636363637,0.6700593942604899,0.29185185185185186,0.922077922077922,0.9456168831168831,50,50,50,50,50,50,50,50,50,50,50,50,6.459772825241089
manhattan_rigid_uniform_k21,manhattan,rigid,uniform,21,0.6144444444444445,0.5541558441558441,0.8254545454545454,0.28285714285714286,0.6452084125025301,0.7165682245845661,0.3361208791208792,0.5263445518527228,0.13298942047403997,0.21334089191232045,0.7040259740259739,0.8004962423197718,0.08651157703130509,0.08538969856863185,0.16307882755680272,0.1881318314529227,0.05485759390329014,0.09097699365351111,0.1873151801482041,0.10902157118000914,0.22279212115634672,0.026309357821644553,0.11421770197552686,0.07682537594751258,0.4444444444444444,0.41558441558441556,0.2727272727272727,0.0,0.5454545454545454,0.375,0.0,0.35714285714285715,-0.19347649748797374,0.16162761400856637,0.43506493506493504,0.6557359307359307,0.8333333333333334,0.7857142857142857,1.0,0.7142857142857143,0.7857142857142857,0.88,0.7272727272727273,0.8036363636363637,0.6700593942604899,0.27336860670194,0.935064935064935,0.9481175390266299,50,50,50,50,50,50,50,50,50,50,50,50,6.402462959289551
manhattan_rigid_inverse_distance_k1,manhattan,rigid,inverse_distance,1,0.5944444444444444,0.5575324675324675,0.7236363636363637,0.3914285714285714,0.6540685686862158,0.6820364964131556,0.41631820793585494,0.5491773521745053,0.1207416629664271,0.40555555555555556,0.5575324675324675,0.6477434217594645,0.10896452553766652,0.11417188570306702,0.13739253148507216,0.18883893032863608,0.08681031484395872,0.09524902051751001,0.17697339618896238,0.12264394266592932,0.246852962289814,0.10896452553766652,0.11417188570306705,0.059124538077126185,0.3333333333333333,0.2727272727272727,0.36363636363636365,0.0,0.4444444444444444,0.4,0.0,0.25,-0.4947274449181537,0.16666666666666666,0.2727272727272727,0.5295260295260296,0.8333333333333334,0.8116883116883117,1.0,0.8571428571428571,0.8571428571428571,0.8695652173913043,0.7692307692307693,0.8193979933110368,0.6446583712203042,0.6666666666666666,0.8116883116883118,0.8131313131313131,50,50,50,50,50,50,50,50,50,50,50,50,6.279682159423828
manhattan_rigid_inverse_distance_k3,manhattan,rigid,inverse_distance,3,0.6144444444444445,0.5863636363636363,0.7127272727272728,0.4599999999999999,0.6763638028638028,0.6885261584927487,0.4742934451169745,0.5814098018048618,0.18301794343190142,0.25254865914670366,0.6675324675324674,0.7951038064727903,0.0804763470146563,0.07955322960536039,0.13162451386306417,0.147983812165578,0.06619864957077554,0.08234482090190146,0.11093739924673339,0.08171130129572225,0.1637815918115293,0.05887423280822136,0.12008598707082421,0.08620340129724267,0.3888888888888889,0.39610389610389607,0.36363636363636365,0.14285714285714285,0.5,0.42105263157894735,0.2222222222222222,0.38699690402476783,-0.20385887657505022,0.1526936487594638,0.33766233766233766,0.5607647328904013,0.7777777777777778,0.7662337662337663,0.9090909090909091,0.8571428571428571,0.875,0.8333333333333334,0.7142857142857143,0.7662337662337663,0.5324675324675324,0.4174494667742661,0.8961038961038961,0.9430115339206249,50,50,50,50,50,50,50,50,50,50,50,50,6.260523080825806
manhattan_rigid_inverse_distance_k5,manhattan,rigid,inverse_distance,5,0.6033333333333334,0.5642857142857143,0.74,0.38857142857142857,0.6534889277389277,0.6906906722060039,0.4307937160878337,0.5607421941469188,0.14676964682981078,0.2418034872172707,0.6742857142857143,0.8123212816595169,0.08909415076015069,0.08372723899588586,0.13372209585764036,0.11559022251841874,0.06178458445105148,0.0858944302090898,0.10448029356299321,0.08537567087267495,0.18393166830279314,0.050961415501073054,0.11811612215948555,0.0862821229377569,0.2777777777777778,0.2532467532467533,0.36363636363636365,0.14285714285714285,0.4,0.38095238095238093,0.13333333333333333,0.2571428571428571,-0.48416483186574427,0.16783410235165203,0.3246753246753247,0.5873876049678188,0.7777777777777778,0.7207792207792207,1.0,0.7142857142857143,0.8,0.8461538461538461,0.6666666666666666,0.7230769230769231,0.5606119105813882,0.388348381497184,0.8701298701298702,0.9371900826446281,50,50,50,50,50,50,50,50,50,50,50,50,6.66733980178833
manhattan_rigid_inverse_distance_k7,manhattan,rigid,inverse_distance,7,0.6077777777777778,0.5668831168831169,0.7509090909090907,0.38285714285714284,0.6586956719750836,0.6963301540395362,0.42234052875229344,0.5593353413959148,0.1542131785140661,0.22884322209422184,0.6958441558441558,0.8322680704619208,0.09146631716435828,0.09189059719925301,0.13843205542297193,0.16183042940080822,0.07629633817995189,0.08554279137741974,0.12981147781408714,0.09338255241519851,0.1976835931854677,0.05001493110643713,0.12413357427189625,0.08228130548052508,0.3888888888888889,0.3441558441558441,0.36363636363636365,0.14285714285714285,0.5,0.42105263157894735,0.15384615384615385,0.3377926421404682,-0.3223291856101521,0.162571669444165,0.36363636363636365,0.6000668449197861,0.7777777777777778,0.7467532467532467,1.0,0.8571428571428571,0.875,0.8333333333333334,0.7058823529411765,0.75,0.5229975846277625,0.37681691836085585,0.8961038961038961,0.9440771349862258,50,50,50,50,50,50,50,50,50,50,50,50,6.694189548492432
manhattan_rigid_inverse_distance_k9,manhattan,rigid,inverse_distance,9,0.6544444444444444,0.6118181818181818,0.8036363636363636,0.4199999999999999,0.6892734259204848,0.736768559298994,0.472600677100677,0.6046846181998355,0.2522453167504077,0.21553458826541771,0.7271428571428571,0.8520060411958807,0.07718432486612195,0.08130828201160802,0.12369746389392891,0.16682347198110864,0.06311799253648294,0.0683592130656712,0.14067090010929562,0.09010730281214764,0.1801104689032554,0.04260614318356011,0.11767913702520892,0.07260064809783619,0.4444444444444444,0.41558441558441556,0.5454545454545454,0.0,0.5454545454545454,0.5454545454545454,0.0,0.35714285714285715,-0.19347649748797374,0.14287674845588078,0.3896103896103896,0.6788744010000695,0.8333333333333334,0.8116883116883117,1.0,0.8571428571428571,0.8571428571428571,0.8695652173913043,0.7692307692307693,0.8193979933110368,0.6446583712203042,0.33565497890662765,0.922077922077922,0.9543335452426362,50,50,50,50,50,50,50,50,50,50,50,50,6.206128835678101
manhattan_rigid_inverse_distance_k11,manhattan,rigid,inverse_distance,11,0.6644444444444446,0.6205194805194805,0.8181818181818182,0.42285714285714276,0.6938668880139467,0.7448890631700701,0.4837572688749159,0.614323166022493,0.27409591191097693,0.210278987119397,0.7405194805194806,0.8561700563251367,0.07772917172504948,0.07961713209104034,0.12856486930664499,0.1605903312073959,0.057173850091773004,0.07337484478991478,0.1398826993267451,0.09134101567300836,0.18370299350809835,0.040993360647787525,0.12285562432486075,0.07525441979981712,0.4444444444444444,0.41558441558441556,0.36363636363636365,0.0,0.5454545454545454,0.5,0.0,0.35714285714285715,-0.19347649748797374,0.14761452878078407,0.3896103896103896,0.6537825736355148,0.8333333333333334,0.7857142857142857,1.0,0.8571428571428571,0.8,0.88,0.7272727272727273,0.8036363636363637,0.6700593942604899,0.3396510040135603,1.0,1.0,50,50,50,50,50,50,50,50,50,50,50,50,5.669359922409058
manhattan_rigid_inverse_distance_k15,manhattan,rigid,inverse_distance,15,0.6277777777777778,0.5728571428571428,0.8199999999999998,0.3257142857142857,0.6569250079985374,0.7241969736171109,0.39269272231036934,0.5584448479637402,0.1826173893061075,0.2128296667415397,0.7296103896103897,0.8524061973380155,0.08035101877506581,0.07647622737329274,0.14284533599379304,0.14727851879729564,0.0514865914349491,0.07882455472961218,0.13829492738306698,0.08834414294121941,0.19137293096256125,0.03358206119000801,0.11800241521537248,0.06991163751966062,0.4444444444444444,0.41558441558441556,0.45454545454545453,0.0,0.5454545454545454,0.5,0.0,0.35714285714285715,-0.19347649748797374,0.15630136342142947,0.4935064935064935,0.7127574445756264,0.7777777777777778,0.7402597402597402,1.0,0.7142857142857143,0.7692307692307693,0.8461538461538461,0.6666666666666666,0.75,0.5606119105813882,0.2890377037000752,0.935064935064935,0.9674931129476584,50,50,50,50,50,50,50,50,50,50,50,50,6.440109491348267
manhattan_rigid_inverse_distance_k21,manhattan,rigid,inverse_distance,21,0.6166666666666667,0.5538961038961039,0.8363636363636364,0.2714285714285714,0.6450606387076975,0.7199786062831435,0.3294376832318008,0.5247081447574723,0.1428849378112873,0.2116080444395309,0.7189610389610389,0.8353813512690518,0.08926366570795231,0.08691433184735799,0.16631491525799608,0.1853663482100505,0.055630603653526484,0.09313288887636705,0.185146833808475,0.10922040262746595,0.22720542099366264,0.02769971367332429,0.1195116289487385,0.07618846153950443,0.4444444444444444,0.41558441558441556,0.2727272727272727,0.0,0.5454545454545454,0.4,0.0,0.35714285714285715,-0.19347649748797374,0.15887087802184277,0.4675324675324676,0.680491507897925,0.8333333333333334,0.7857142857142857,1.0,0.8571428571428571,0.7857142857142857,0.88,0.7272727272727273,0.8036363636363637,0.6700593942604899,0.2716248287851032,0.948051948051948,0.9686586141131595,50,50,50,50,50,50,50,50,50,50,50,50,6.1008360385894775
manhattan_fuzzy_confidence_uniform_k1,manhattan,fuzzy_confidence,uniform,1,0.5944444444444444,0.5575324675324675,0.7236363636363637,0.3914285714285714,0.6540685686862158,0.6820364964131556,0.41631820793585494,0.5491773521745053,0.1207416629664271,0.40555555555555556,0.5575324675324675,0.6477434217594645,0.10896452553766652,0.11417188570306702,0.13739253148507216,0.18883893032863608,0.08681031484395872,0.09524902051751001,0.17697339618896238,0.12264394266592932,0.246852962289814,0.10896452553766652,0.11417188570306705,0.059124538077126185,0.3333333333333333,0.2727272727272727,0.36363636363636365,0.0,0.4444444444444444,0.4,0.0,0.25,-0.4947274449181537,0.16666666666666666,0.2727272727272727,0.5295260295260296,0.8333333333333334,0.8116883116883117,1.0,0.8571428571428571,0.8571428571428571,0.8695652173913043,0.7692307692307693,0.8193979933110368,0.6446583712203042,0.6666666666666666,0.8116883116883118,0.8131313131313131,50,50,50,50,50,50,50,50,50,50,50,50,6.099523544311523
manhattan_fuzzy_confidence_uniform_k3,manhattan,fuzzy_confidence,uniform,3,0.6033333333333334,0.5627272727272729,0.7454545454545454,0.38,0.6536509846362787,0.6913345765345765,0.41624514374514376,0.5537898601398602,0.13744204022172243,0.2587469534727471,0.6657142857142857,0.7841209165166386,0.0918785772935263,0.09019264467386477,0.14461725617740318,0.15705006536792646,0.06338054630498365,0.09009068140558646,0.14986529562276488,0.1012865493422178,0.2057195886295979,0.06479357142597404,0.1131135221269471,0.08338600868902549,0.4444444444444444,0.41558441558441556,0.36363636363636365,0.0,0.5454545454545454,0.4444444444444444,0.0,0.35714285714285715,-0.19347649748797374,0.15125,0.40909090909090906,0.5915711739241152,0.7777777777777778,0.7662337662337663,1.0,0.7142857142857143,0.8181818181818182,0.8333333333333334,0.7142857142857143,0.7662337662337663,0.5324675324675324,0.42262373673749337,0.8506493506493508,0.9338235294117647,50,50,50,50,50,50,50,50,50,50,50,50,6.150375843048096
manhattan_fuzzy_confidence_uniform_k5,manhattan,fuzzy_confidence,uniform,5,0.5888888888888889,0.555064935064935,0.707272727272727,0.4028571428571428,0.649970140970141,0.6729272826165275,0.4277502040443217,0.5503387433304245,0.1212035586326914,0.24968893603428477,0.647922077922078,0.7864953332466702,0.0945744070461348,0.0925530059369327,0.13779704264624457,0.14341000890417033,0.06879326464244301,0.09056230314318547,0.12439027796722733,0.09518817169983834,0.19702946180229125,0.05004922203571042,0.10835014422113505,0.08071650632596063,0.2222222222222222,0.18181818181818182,0.36363636363636365,0.0,0.36363636363636365,0.36363636363636365,0.0,0.18181818181818182,-0.6363636363636364,0.1457231336563135,0.30519480519480524,0.5767265414324239,0.7777777777777778,0.7662337662337663,1.0,0.7142857142857143,0.8181818181818182,0.8461538461538461,0.7142857142857143,0.7662337662337663,0.5606119105813882,0.37497764491856045,0.8766233766233765,0.9371900826446281,50,50,50,50,50,50,50,50,50,50,50,50,6.4040937423706055
manhattan_fuzzy_confidence_uniform_k7,manhattan,fuzzy_confidence,uniform,7,0.6044444444444445,0.5641558441558442,0.7454545454545455,0.3828571428571428,0.6589506327006327,0.6937110394199909,0.4149454872612768,0.5543282633406338,0.14068592695147417,0.2358031366083846,0.6641558441558442,0.7988382930201112,0.10016363532878413,0.10579727546714277,0.13620894132079892,0.19022335016703742,0.0821642256337892,0.08786696515388667,0.16670375899751275,0.1126727272190726,0.2297867800704591,0.04993249518800866,0.11218002080964401,0.08002936551051285,0.3888888888888889,0.3701298701298701,0.45454545454545453,0.0,0.5,0.47619047619047616,0.0,0.3333333333333333,-0.2820380374088831,0.16296693083328695,0.41558441558441556,0.6090067686324371,0.8333333333333334,0.8376623376623377,1.0,0.8571428571428571,0.9,0.8571428571428571,0.8,0.8285714285714285,0.6625413488689132,0.394417919128607,0.8571428571428571,0.9343434343434345,50,50,50,50,50,50,50,50,50,50,50,50,6.333675384521484
manhattan_fuzzy_confidence_uniform_k9,manhattan,fuzzy_confidence,uniform,9,0.648888888888889,0.6124675324675325,0.7763636363636364,0.44857142857142845,0.6918454568307508,0.7260380859076512,0.4840058275058275,0.6050219567067393,0.24030641318296206,0.215391807305154,0.7227272727272728,0.8338152863179603,0.09079587076873073,0.09454178467464162,0.1352271752856636,0.17793765082234542,0.06870249314708365,0.0827102043968655,0.16604183166705178,0.10835905143699229,0.2104191994914045,0.04164449521618165,0.11080781697854716,0.07642996650658355,0.4444444444444444,0.38961038961038963,0.45454545454545453,0.0,0.5384615384615384,0.5,0.0,0.35714285714285715,-0.24029618753167464,0.15666263569728262,0.45454545454545453,0.6060114128295946,0.8333333333333334,0.7857142857142857,1.0,0.7142857142857143,0.8181818181818182,0.88,0.7272727272727273,0.8036363636363637,0.6700593942604899,0.3347586218049019,0.8831168831168831,0.9399104683195593,50,50,50,50,50,50,50,50,50,50,50,50,4.69363260269165
manhattan_fuzzy_confidence_uniform_k11,manhattan,fuzzy_confidence,uniform,11,0.6655555555555556,0.6266233766233767,0.8018181818181819,0.4514285714285713,0.6985625550919667,0.7417514410498391,0.5050224481400951,0.6233869445949672,0.2853518780337508,0.20911718067853335,0.7325974025974026,0.8345548189184552,0.0942341262321523,0.09489437730478506,0.13582453733332367,0.15902661011247476,0.07011589106416179,0.0850029585925432,0.13878783417042379,0.10098770040394311,0.20724880189626313,0.040931664235587,0.11291135955747401,0.07883071171181613,0.3888888888888889,0.3701298701298701,0.45454545454545453,0.14285714285714285,0.5,0.47619047619047616,0.2222222222222222,0.37142857142857144,-0.2548235957188128,0.14628583990413513,0.42857142857142855,0.6260769459298872,0.8333333333333334,0.8376623376623377,1.0,0.8571428571428571,0.9,0.88,0.8,0.8285714285714285,0.6700593942604899,0.3309109349777296,0.948051948051948,0.9757575757575757,50,50,50,50,50,50,50,50,50,50,50,50,6.380066871643066
manhattan_fuzzy_confidence_uniform_k15,manhattan,fuzzy_confidence,uniform,15,0.6233333333333333,0.5775324675324675,0.7836363636363636,0.37142857142857133,0.6598119299001651,0.7096166180035745,0.4236230991230991,0.5666198585633369,0.18659593839756045,0.21499089901125518,0.7112987012987013,0.8326966644466646,0.09994329458007313,0.09295351775508003,0.17021411614928328,0.15808095290642518,0.0673845809889743,0.10712749204628683,0.14226103799900347,0.10243804115505195,0.2058813211887991,0.03443931015209303,0.11627939912714735,0.07812968015532348,0.3333333333333333,0.3246753246753247,0.2727272727272727,0.14285714285714285,0.4444444444444444,0.375,0.2,0.325,-0.34188172937891387,0.14770925646564123,0.4155844155844156,0.5817869296478921,0.8333333333333334,0.7857142857142857,1.0,0.7142857142857143,0.8181818181818182,0.88,0.7272727272727273,0.8036363636363637,0.6700593942604899,0.3007195973838689,0.8961038961038961,0.9497835497835498,50,50,50,50,50,50,50,50,50,50,50,50,6.3487632274627686
manhattan_fuzzy_confidence_uniform_k21,manhattan,fuzzy_confidence,uniform,21,0.6233333333333334,0.5837662337662338,0.7618181818181818,0.4057142857142855,0.6691515412691884,0.704258611352204,0.4420175478116654,0.5731380795819347,0.1877830076762609,0.21331520170192345,0.7071428571428572,0.8193160934430987,0.092751941492034,0.08960529990884959,0.1641611868274093,0.17640965538754538,0.06343266918881385,0.09975637592185417,0.15008292610455345,0.1011689835287451,0.200983009907648,0.030346708332029498,0.11359186588548624,0.07755780614563518,0.4444444444444444,0.43506493506493504,0.2727272727272727,0.0,0.5555555555555556,0.375,0.0,0.35714285714285715,-0.19347649748797374,0.15041107061977635,0.4090909090909091,0.6520148968678381,0.8333333333333334,0.8116883116883117,1.0,0.7142857142857143,0.8333333333333334,0.8695652173913043,0.7692307692307693,0.8193979933110368,0.6446583712203042,0.2829235473368518,0.935064935064935,0.9679144385026738,50,50,50,50,50,50,50,50,50,50,50,50,6.327535629272461
manhattan_fuzzy_confidence_inverse_distance_k1,manhattan,fuzzy_confidence,inverse_distance,1,0.5944444444444444,0.5575324675324675,0.7236363636363637,0.3914285714285714,0.6540685686862158,0.6820364964131556,0.41631820793585494,0.5491773521745053,0.1207416629664271,0.40555555555555556,0.5575324675324675,0.6477434217594645,0.10896452553766652,0.11417188570306702,0.13739253148507216,0.18883893032863608,0.08681031484395872,0.09524902051751001,0.17697339618896238,0.12264394266592932,0.246852962289814,0.10896452553766652,0.11417188570306705,0.059124538077126185,0.3333333333333333,0.2727272727272727,0.36363636363636365,0.0,0.4444444444444444,0.4,0.0,0.25,-0.4947274449181537,0.16666666666666666,0.2727272727272727,0.5295260295260296,0.8333333333333334,0.8116883116883117,1.0,0.8571428571428571,0.8571428571428571,0.8695652173913043,0.7692307692307693,0.8193979933110368,0.6446583712203042,0.6666666666666666,0.8116883116883118,0.8131313131313131,50,50,50,50,50,50,50,50,50,50,50,50,6.316287994384766
manhattan_fuzzy_confidence_inverse_distance_k3,manhattan,fuzzy_confidence,inverse_distance,3,0.5877777777777777,0.5577922077922078,0.6927272727272726,0.42285714285714276,0.6528971845148316,0.6666674635306216,0.4361757229698406,0.551421593250231,0.12240440813755883,0.26070101741958984,0.6646753246753246,0.7916177182888413,0.09595628676388916,0.0938090527193246,0.1468049558366085,0.15531671502400368,0.07162574659086045,0.09663540592667061,0.13580540462811191,0.09943773581545884,0.199786774977287,0.0646474157470342,0.11272883609239574,0.08400171042388459,0.4444444444444444,0.38961038961038963,0.36363636363636365,0.0,0.5384615384615384,0.4444444444444444,0.0,0.35714285714285715,-0.24029618753167464,0.15056641690393824,0.39610389610389607,0.5927602700329974,0.7777777777777778,0.7402597402597402,0.9090909090909091,0.7142857142857143,0.8,0.8333333333333334,0.6666666666666666,0.75,0.5229975846277625,0.4337140660951492,0.8571428571428572,0.9376114081996435,50,50,50,50,50,50,50,50,50,50,50,50,6.289922475814819
manhattan_fuzzy_confidence_inverse_distance_k5,manhattan,fuzzy_confidence,inverse_distance,5,0.5911111111111113,0.5615584415584416,0.6945454545454546,0.42857142857142855,0.6559866799866799,0.6701528050727136,0.4447052685876215,0.5574290368301675,0.1314584227710445,0.2507064051534187,0.6470129870129869,0.7922297107230263,0.08962282040313081,0.08745708318411209,0.13340640039892218,0.13841489761480139,0.06805898151822547,0.08884148583450281,0.11640242545428885,0.09010546763677119,0.18328282139217525,0.05039817172378118,0.11173206571512213,0.08296896652860729,0.3888888888888889,0.3701298701298701,0.36363636363636365,0.14285714285714285,0.5,0.42105263157894735,0.18181818181818182,0.37142857142857144,-0.2548235957188128,0.1482624731253838,0.2987012987012987,0.5752860701390113,0.7777777777777778,0.7662337662337663,0.9090909090909091,0.7142857142857143,0.8181818181818182,0.8333333333333334,0.7142857142857143,0.7662337662337663,0.5324675324675324,0.37882271700666836,0.9090909090909091,0.9596499756927565,50,50,50,50,50,50,50,50,50,50,50,50,6.3795716762542725
manhattan_fuzzy_confidence_inverse_distance_k7,manhattan,fuzzy_confidence,inverse_distance,7,0.6022222222222222,0.5706493506493506,0.7127272727272728,0.42857142857142855,0.66957461982462,0.683505079603047,0.44017761787576026,0.5618413487394036,0.14901225079477842,0.2370553333180327,0.6633766233766234,0.8091919341799021,0.09871944003470612,0.10810644612309053,0.13033682379526626,0.2061123456808587,0.09026310265746905,0.08457172811150666,0.16541749690611077,0.11136509816603672,0.22677987539575983,0.04992748066631617,0.11221315425340436,0.07783759965300945,0.3888888888888889,0.3441558441558441,0.45454545454545453,0.14285714285714285,0.5,0.5,0.15384615384615385,0.3377926421404682,-0.3223291856101521,0.15981049432215186,0.41558441558441556,0.6105760327017011,0.8333333333333334,0.8116883116883117,1.0,0.8571428571428571,0.8888888888888888,0.8695652173913043,0.7692307692307693,0.8193979933110368,0.6446583712203042,0.3931230288385444,0.8441558441558442,0.9228650137741048,50,50,50,50,50,50,50,50,50,50,50,50,6.15424919128418
manhattan_fuzzy_confidence_inverse_distance_k9,manhattan,fuzzy_confidence,inverse_distance,9,0.6444444444444444,0.6114285714285714,0.7599999999999999,0.4628571428571428,0.6961553152729623,0.7206065543067831,0.4861088551970905,0.6033577047519368,0.23237662197099218,0.21894341981205373,0.7154545454545456,0.8430719375692637,0.08979133729352984,0.09924800117245763,0.12287663555859606,0.19693613194799706,0.07890112998496147,0.07732185616183873,0.17086975132236873,0.11011489224166567,0.21407728442698704,0.042326495829401053,0.10742811939672389,0.0662489292104907,0.4444444444444444,0.36363636363636365,0.45454545454545453,0.0,0.5333333333333333,0.5263157894736842,0.0,0.3076923076923077,-0.3567530340063379,0.15724629507640878,0.4675324675324675,0.6917695866225279,0.8333333333333334,0.7922077922077921,1.0,0.8571428571428571,0.8888888888888888,0.88,0.75,0.8036363636363637,0.6700593942604899,0.34208607952905545,0.8831168831168831,0.9368131868131868,50,50,50,50,50,50,50,50,50,50,50,50,6.378561735153198
manhattan_fuzzy_confidence_inverse_distance_k11,manhattan,fuzzy_confidence,inverse_distance,11,0.6511111111111112,0.6153246753246754,0.7763636363636364,0.4542857142857142,0.694203352203352,0.7261756775181063,0.4922984792984792,0.6092370784082928,0.2535243657580819,0.21252604555496954,0.7301298701298701,0.84984150089364,0.09189914175320715,0.09252808495115258,0.14369295050310368,0.16998909733027592,0.07403129595362284,0.08953446073831128,0.14499986735585024,0.1008472598175572,0.19711168102181031,0.041469164156727266,0.11175824830995808,0.06861913468210351,0.3333333333333333,0.3246753246753247,0.36363636363636365,0.0,0.4444444444444444,0.4,0.0,0.325,-0.34188172937891387,0.15115475435596154,0.42857142857142855,0.6387392835922248,0.8333333333333334,0.8116883116883117,1.0,0.8571428571428571,0.8571428571428571,0.88,0.7692307692307693,0.8193979933110368,0.6700593942604899,0.33779274822541866,0.9090909090909091,0.9542355371900827,50,50,50,50,50,50,50,50,50,50,50,50,5.290349721908569
manhattan_fuzzy_confidence_inverse_distance_k15,manhattan,fuzzy_confidence,inverse_distance,15,0.63,0.5881818181818183,0.7763636363636363,0.3999999999999999,0.6680786288874523,0.7119849186982583,0.44920390943765554,0.5805944140679569,0.20552393831512245,0.21591952202502565,0.7132467532467532,0.8420646790820586,0.09951380927455028,0.09271881998147292,0.16448963269650607,0.1499687597622354,0.06551497176710126,0.10397972787766757,0.1371613958790322,0.10170152358330053,0.20509048912264807,0.0358040541172382,0.11765624682553578,0.06740893961893621,0.3888888888888889,0.39610389610389607,0.36363636363636365,0.14285714285714285,0.5,0.42105263157894735,0.18181818181818182,0.38699690402476783,-0.20385887657505022,0.14694479614638145,0.45454545454545453,0.6902741123997809,0.8333333333333334,0.8116883116883117,1.0,0.7142857142857143,0.8333333333333334,0.88,0.7692307692307693,0.8193979933110368,0.6700593942604899,0.29698001765093707,0.9090909090909091,0.9504495504495505,50,50,50,50,50,50,50,50,50,50,50,50,6.27434229850769
manhattan_fuzzy_confidence_inverse_distance_k21,manhattan,fuzzy_confidence,inverse_distance,21,0.6288888888888888,0.5903896103896105,0.7636363636363636,0.4171428571428571,0.6714020211814329,0.7053193981457139,0.45600817809641336,0.5806637881210637,0.21172541815207016,0.21229323970557437,0.7145454545454545,0.8351772677708506,0.10495412860200976,0.09663394918916328,0.18639870252477045,0.17278375908993243,0.07128586685951852,0.11549375223796136,0.14190923657893506,0.10543659253594019,0.21515613574445802,0.030991933519557882,0.11555001468433425,0.0725274950663548,0.3888888888888889,0.39610389610389607,0.2727272727272727,0.14285714285714285,0.5,0.375,0.2,0.38699690402476783,-0.20385887657505022,0.14818482819570017,0.4155844155844156,0.6661315882572567,0.8333333333333334,0.8116883116883117,1.0,0.7142857142857143,0.8333333333333334,0.8695652173913043,0.7692307692307693,0.8193979933110368,0.6446583712203042,0.27800876938136,0.961038961038961,0.9777495232040686,50,50,50,50,50,50,50,50,50,50,50,50,6.3107171058654785
minkowski_p3_rigid_uniform_k1,minkowski_p3,rigid,uniform,1,0.6355555555555555,0.6109090909090908,0.7218181818181819,0.49999999999999994,0.6968659118659118,0.7015805179649572,0.5087949599420187,0.6051877389534881,0.23307084583108773,0.3644444444444445,0.610909090909091,0.6771576554758373,0.10049010661171057,0.10059560135579175,0.150794824522314,0.17376924863190205,0.08091407788988499,0.10049675543314317,0.13976546016900757,0.10564693670721877,0.2089441963178716,0.10049010661171057,0.10059560135579178,0.06413754289705287,0.4444444444444444,0.43506493506493504,0.36363636363636365,0.14285714285714285,0.5555555555555556,0.4444444444444444,0.18181818181818182,0.4109090909090909,-0.15228622596829317,0.1111111111111111,0.4350649350649351,0.5822510822510822,0.8888888888888888,0.8831168831168831,1.0,0.8571428571428571,0.9090909090909091,0.9090909090909091,0.8571428571428571,0.8831168831168831,0.7662337662337663,0.5555555555555556,0.8831168831168832,0.882001836547291,50,50,50,50,50,50,50,50,50,50,50,50,6.804067611694336
minkowski_p3_rigid_uniform_k3,minkowski_p3,rigid,uniform,3,0.6066666666666667,0.5820779220779221,0.6927272727272729,0.4714285714285713,0.6766369463869464,0.6775985814651986,0.472850301401385,0.5752244414332918,0.17023007739172505,0.2611111111111111,0.6668831168831169,0.7687500816177287,0.09902523149512521,0.10198818004872633,0.14213512939308784,0.18081678721091174,0.08337430799597953,0.0967109740779601,0.14638426826050133,0.10620178760211012,0.21292563166513578,0.07127326508733753,0.12031686508433845,0.08336113629441008,0.3333333333333333,0.2987012987012987,0.2727272727272727,0.0,0.45454545454545453,0.375,0.0,0.2987012987012987,-0.4025974025974026,0.14814814814814814,0.33116883116883117,0.5584022038567493,0.7777777777777778,0.7467532467532467,0.9090909090909091,0.8571428571428571,0.875,0.8333333333333334,0.7058823529411765,0.75,0.5229975846277625,0.46913580246913583,0.8636363636363636,0.9272133095662508,50,50,50,50,50,50,50,50,50,50,50,50,6.818345546722412
minkowski_p3_rigid_uniform_k5,minkowski_p3,rigid,uniform,5,0.6333333333333333,0.6111688311688311,0.7109090909090909,0.5114285714285713,0.701348928848929,0.6993453913968652,0.5140436039708485,0.606694497683857,0.23423439941825552,0.2360444444444445,0.6783116883116884,0.7777908153937565,0.10706934573993684,0.11075647245016516,0.14070396224843915,0.18274139922876437,0.10053276639848728,0.09623732244013339,0.14152402620317434,0.11008799664247348,0.2303229860817257,0.057764327755964705,0.12257688546553455,0.08055489156385827,0.2777777777777778,0.2532467532467533,0.36363636363636365,0.14285714285714285,0.4,0.38095238095238093,0.13333333333333333,0.2571428571428571,-0.48416483186574427,0.14666666666666667,0.37662337662337664,0.6267676767676769,0.8333333333333334,0.7857142857142857,1.0,1.0,1.0,0.88,0.7368421052631579,0.8036363636363637,0.6700593942604899,0.3933333333333333,0.9025974025974026,0.9025974025974026,50,50,50,50,50,50,50,50,50,50,50,50,6.541819334030151
minkowski_p3_rigid_uniform_k7,minkowski_p3,rigid,uniform,7,0.6488888888888888,0.6218181818181818,0.7436363636363638,0.49999999999999994,0.7071000666000665,0.7167762980557031,0.5151377478730419,0.6159570229643725,0.2594942910966187,0.22875283446712014,0.6915584415584415,0.7849583053607119,0.09148697429199722,0.09499688349693151,0.14070396224843915,0.18310569841761593,0.08597278964511275,0.0860393071521511,0.13989520244065737,0.09894092092858163,0.20085777408653774,0.05256183161842537,0.1211223605276554,0.0845792365512452,0.3888888888888889,0.3701298701298701,0.45454545454545453,0.14285714285714285,0.5,0.47619047619047616,0.18181818181818182,0.37142857142857144,-0.2548235957188128,0.14399092970521543,0.4220779220779221,0.6071679360449415,0.8333333333333334,0.7922077922077921,1.0,1.0,1.0,0.88,0.75,0.8036363636363637,0.6700593942604899,0.41723356009070295,0.9415584415584416,0.9415584415584417,50,50,50,50,50,50,50,50,50,50,50,50,5.774141550064087
minkowski_p3_rigid_uniform_k9,minkowski_p3,rigid,uniform,9,0.6533333333333333,0.6187012987012986,0.7745454545454546,0.46285714285714286,0.6953142690642692,0.7258345828084959,0.5044093684093685,0.6151219756089321,0.2614761691591062,0.22823045267489714,0.6875324675324676,0.7838103991967629,0.09756418641669402,0.09518221943125463,0.14948046306429258,0.15691741050400887,0.06871273862350617,0.0985455086474949,0.1324708438225877,0.10187332023383729,0.205613000222671,0.05082695814639558,0.11547313410056154,0.07475686140975986,0.3888888888888889,0.3701298701298701,0.2727272727272727,0.14285714285714285,0.5,0.4,0.18181818181818182,0.37142857142857144,-0.2548235957188128,0.15843621399176955,0.40259740259740256,0.6224664224664225,0.8333333333333334,0.8116883116883117,1.0,0.8571428571428571,0.8333333333333334,0.8695652173913043,0.7692307692307693,0.8193979933110368,0.6446583712203042,0.4218106995884774,0.922077922077922,0.9272727272727272,50,50,50,50,50,50,50,50,50,50,50,50,6.214812755584717
minkowski_p3_rigid_uniform_k11,minkowski_p3,rigid,uniform,11,0.6477777777777779,0.6094805194805195,0.7818181818181817,0.43714285714285706,0.6868288721082838,0.7241639153117413,0.4849069819069819,0.6045354486093616,0.24825333930947763,0.22937557392102847,0.677012987012987,0.7769252742207289,0.10445481687290264,0.10181295185538089,0.15799383195579791,0.1643078955744518,0.06994123449778429,0.10174604422784825,0.15203156461230444,0.11199810220705242,0.23138229538430702,0.0459128473903216,0.12362961771135794,0.07821991664445244,0.3888888888888889,0.36363636363636365,0.2727272727272727,0.0,0.5,0.4,0.0,0.3076923076923077,-0.3567530340063379,0.15564738292011018,0.3311688311688311,0.589812564144115,0.8333333333333334,0.7857142857142857,1.0,0.8571428571428571,0.8181818181818182,0.88,0.7272727272727273,0.8036363636363637,0.6700593942604899,0.3870523415977961,0.9415584415584415,0.9415584415584416,50,50,50,50,50,50,50,50,50,50,50,50,6.506422281265259
minkowski_p3_rigid_uniform_k15,minkowski_p3,rigid,uniform,15,0.5822222222222223,0.5314285714285714,0.76,0.3028571428571428,0.6271692865957572,0.6817106863303658,0.35153652883064646,0.5166236075805063,0.08385189536882845,0.22564444444444443,0.6664935064935065,0.7907300674666985,0.1060288945534269,0.0980529573091498,0.17205709258887475,0.14896561298689517,0.06901381932477466,0.10879836809342085,0.1497909073739696,0.10718023771546582,0.23200713258127237,0.03770351906998627,0.12304319753888555,0.07370156905900878,0.3333333333333333,0.3181818181818182,0.2727272727272727,0.0,0.42857142857142855,0.3333333333333333,0.0,0.28,-0.4264014327112209,0.15580246913580248,0.37662337662337664,0.5670528817587641,0.7777777777777778,0.7402597402597402,1.0,0.5714285714285714,0.7692307692307693,0.8461538461538461,0.6666666666666666,0.75,0.5606119105813882,0.33851851851851855,0.9090909090909092,0.9355866355866356,50,50,50,50,50,50,50,50,50,50,50,50,6.271054983139038
minkowski_p3_rigid_uniform_k21,minkowski_p3,rigid,uniform,21,0.5722222222222223,0.5170129870129871,0.7654545454545455,0.26857142857142857,0.6203842334136452,0.6786922032694275,0.30732110682575076,0.4930066550475892,0.039269026636117935,0.22074577979339882,0.671948051948052,0.7928189362627865,0.08784104611578832,0.08323906421941404,0.16333718269415518,0.16986654731987602,0.05625118172620396,0.09539515216251285,0.16573197140944712,0.09927153666446727,0.20779403397268917,0.02617818118133785,0.1170026187701573,0.07739416865112937,0.3888888888888889,0.38961038961038963,0.2727272727272727,0.0,0.5,0.35294117647058826,0.0,0.3333333333333333,-0.2820380374088831,0.16729654824892917,0.44155844155844154,0.6390889413616686,0.7777777777777778,0.7402597402597402,1.0,0.5714285714285714,0.7692307692307693,0.8461538461538461,0.6666666666666666,0.75,0.5606119105813882,0.271604938271605,0.9480519480519481,0.9606060606060606,50,50,50,50,50,50,50,50,50,50,50,50,6.442972183227539
minkowski_p3_rigid_inverse_distance_k1,minkowski_p3,rigid,inverse_distance,1,0.6355555555555555,0.6109090909090908,0.7218181818181819,0.49999999999999994,0.6968659118659118,0.7015805179649572,0.5087949599420187,0.6051877389534881,0.23307084583108773,0.3644444444444445,0.610909090909091,0.6771576554758373,0.10049010661171057,0.10059560135579175,0.150794824522314,0.17376924863190205,0.08091407788988499,0.10049675543314317,0.13976546016900757,0.10564693670721877,0.2089441963178716,0.10049010661171057,0.10059560135579178,0.06413754289705287,0.4444444444444444,0.43506493506493504,0.36363636363636365,0.14285714285714285,0.5555555555555556,0.4444444444444444,0.18181818181818182,0.4109090909090909,-0.15228622596829317,0.1111111111111111,0.4350649350649351,0.5822510822510822,0.8888888888888888,0.8831168831168831,1.0,0.8571428571428571,0.9090909090909091,0.9090909090909091,0.8571428571428571,0.8831168831168831,0.7662337662337663,0.5555555555555556,0.8831168831168832,0.882001836547291,50,50,50,50,50,50,50,50,50,50,50,50,5.254509210586548
minkowski_p3_rigid_inverse_distance_k3,minkowski_p3,rigid,inverse_distance,3,0.6044444444444445,0.5792207792207793,0.6927272727272729,0.46571428571428564,0.6743036130536132,0.6764391611753436,0.4683374808885645,0.572388321031954,0.16454125393217328,0.26263870373779985,0.6675324675324678,0.7981507581841807,0.10016363532878413,0.10335633708632039,0.14213512939308784,0.18210212200983034,0.08433412606873945,0.09719100770758923,0.14795131811037274,0.10741321000301238,0.21578933044097073,0.06934265554025061,0.122413836526626,0.08644280173475144,0.3333333333333333,0.2987012987012987,0.2727272727272727,0.0,0.45454545454545453,0.375,0.0,0.2987012987012987,-0.4025974025974026,0.14819199841971473,0.33766233766233766,0.5757575757575757,0.7777777777777778,0.7467532467532467,0.9090909090909091,0.8571428571428571,0.875,0.8333333333333334,0.7058823529411765,0.75,0.5229975846277625,0.4619092377980994,0.8571428571428571,0.9343434343434344,50,50,50,50,50,50,50,50,50,50,50,50,6.443040370941162
minkowski_p3_rigid_inverse_distance_k5,minkowski_p3,rigid,inverse_distance,5,0.6322222222222222,0.6071428571428572,0.72,0.49428571428571416,0.6947002442002443,0.7013442133762499,0.5064676010264245,0.6039059072013372,0.22781802033957643,0.23760174625147493,0.6815584415584415,0.812959857729911,0.10401973764678422,0.1059891380846496,0.13846860192479835,0.1688089446931446,0.08778488002060617,0.09229594372140115,0.1382671930276,0.10715128742876621,0.22504648040035483,0.0563127011169753,0.12626155431414685,0.08797800190846472,0.3333333333333333,0.2987012987012987,0.45454545454545453,0.14285714285714285,0.45454545454545453,0.45454545454545453,0.14285714285714285,0.2987012987012987,-0.4025974025974026,0.14384723367865482,0.37662337662337664,0.6375031830914184,0.8333333333333334,0.7857142857142857,1.0,0.8571428571428571,0.875,0.88,0.7272727272727273,0.8036363636363637,0.6700593942604899,0.3826716182949333,0.935064935064935,0.9653679653679653,50,50,50,50,50,50,50,50,50,50,50,50,6.517113447189331
minkowski_p3_rigid_inverse_distance_k7,minkowski_p3,rigid,inverse_distance,7,0.6522222222222221,0.622987012987013,0.7545454545454545,0.4914285714285713,0.7071739094239095,0.7222979789343633,0.512953448512272,0.6176257137233176,0.26474094547215954,0.22947013982420084,0.6915584415584416,0.8183109758631149,0.08607361483388468,0.09051455411970094,0.13402446389967723,0.1806093623660211,0.08235435030951334,0.07774581533257788,0.13697452561204596,0.09430080726907937,0.19521657955280283,0.051955072151431886,0.12667178833557885,0.09156104582121594,0.4444444444444444,0.41558441558441556,0.45454545454545453,0.14285714285714285,0.5454545454545454,0.5454545454545454,0.18181818181818182,0.4109090909090909,-0.16883116883116883,0.1379219874859833,0.40259740259740256,0.6183388506917918,0.8333333333333334,0.7922077922077921,1.0,1.0,1.0,0.88,0.75,0.8036363636363637,0.6700593942604899,0.40502805144916204,1.0,1.0,50,50,50,50,50,50,50,50,50,50,50,50,6.243382453918457
minkowski_p3_rigid_inverse_distance_k9,minkowski_p3,rigid,inverse_distance,9,0.6544444444444444,0.6175324675324675,0.7836363636363636,0.4514285714285714,0.6930767908562026,0.729410925526715,0.4997161988338459,0.6145635621802804,0.26430041624403733,0.22765226543957098,0.7038961038961038,0.8292623888292338,0.09138364195870442,0.08815300831122494,0.1433168518362007,0.1453428066511417,0.06224335329787362,0.09076240021539915,0.12394506177115178,0.09454338765226923,0.19671958922115781,0.05050915803799716,0.11774865790443363,0.07919415996792448,0.4444444444444444,0.41558441558441556,0.2727272727272727,0.14285714285714285,0.5454545454545454,0.4,0.18181818181818182,0.4109090909090909,-0.16883116883116883,0.1558837541483386,0.40259740259740256,0.6260313216195569,0.7777777777777778,0.7662337662337663,1.0,0.8571428571428571,0.8181818181818182,0.8461538461538461,0.7142857142857143,0.7662337662337663,0.5606119105813882,0.41058032145166745,0.9090909090909092,0.9547785547785548,50,50,50,50,50,50,50,50,50,50,50,50,6.5068888664245605
minkowski_p3_rigid_inverse_distance_k11,minkowski_p3,rigid,inverse_distance,11,0.6555555555555556,0.6158441558441559,0.7945454545454544,0.43714285714285706,0.6913572603866721,0.7329565531679947,0.48970865082629783,0.6113326019971465,0.2609907677843366,0.22762675163099924,0.6919480519480519,0.8201970300940888,0.09912695235553012,0.09881352861619114,0.14555886796937828,0.1643078955744518,0.06644747161614371,0.09324636823631027,0.15420323603011385,0.11016091604321894,0.22645540940035067,0.046192451467032845,0.12721348491660683,0.08327557512357389,0.4444444444444444,0.36363636363636365,0.2727272727272727,0.0,0.5333333333333333,0.4,0.0,0.3076923076923077,-0.3567530340063379,0.15813021046043513,0.33766233766233766,0.619213139801375,0.8333333333333334,0.8116883116883117,1.0,0.8571428571428571,0.8333333333333334,0.88,0.7692307692307693,0.8193979933110368,0.6700593942604899,0.382773236494738,0.922077922077922,0.9595404595404596,50,50,50,50,50,50,50,50,50,50,50,50,6.459923982620239
minkowski_p3_rigid_inverse_distance_k15,minkowski_p3,rigid,inverse_distance,15,0.5977777777777777,0.5441558441558442,0.7854545454545453,0.3028571428571428,0.6347192023662612,0.6969105035146225,0.36101859578330164,0.5289645496489621,0.11670492210255713,0.22345228871771888,0.6812987012987014,0.822369709761421,0.10442466160887955,0.09568680488480612,0.1710740135072739,0.14326472469211624,0.06702621558616745,0.10698842277877692,0.14941040218010146,0.10660712488410545,0.23594275442061519,0.03800933211973449,0.12421313082520762,0.07288914103228575,0.3333333333333333,0.35064935064935066,0.2727272727272727,0.0,0.42857142857142855,0.3333333333333333,0.0,0.3076923076923077,-0.3567530340063379,0.15725741227473627,0.4155844155844156,0.6727990369701601,0.7777777777777778,0.7402597402597402,1.0,0.5714285714285714,0.7692307692307693,0.8461538461538461,0.6666666666666666,0.75,0.5606119105813882,0.3391055421406931,0.909090909090909,0.9527629233511588,50,50,50,50,50,50,50,50,50,50,50,50,6.3694233894348145
minkowski_p3_rigid_inverse_distance_k21,minkowski_p3,rigid,inverse_distance,21,0.5888888888888889,0.5301298701298702,0.7945454545454544,0.2657142857142857,0.6283663493369376,0.6950994519746169,0.3146536174523791,0.504876534713498,0.0807922238118981,0.21814903586211817,0.6875324675324674,0.825352233773357,0.09323285813072009,0.08807009250548122,0.16814044519439797,0.1707713348691594,0.05850296498125428,0.09644976856571862,0.1692651875787323,0.10404112395862879,0.2295080642735811,0.02723344734654361,0.12388570740407046,0.07590076804117259,0.3888888888888889,0.38961038961038963,0.2727272727272727,0.0,0.5,0.35294117647058826,0.0,0.3333333333333333,-0.2820380374088831,0.16487153893785475,0.4545454545454546,0.6756705712588066,0.8333333333333334,0.7857142857142857,1.0,0.7142857142857143,0.8,0.88,0.7272727272727273,0.8036363636363637,0.6700593942604899,0.2711413793089196,0.9870129870129871,0.9924242424242424,50,50,50,50,50,50,50,50,50,50,50,50,5.932712554931641
minkowski_p3_fuzzy_confidence_uniform_k1,minkowski_p3,fuzzy_confidence,uniform,1,0.6355555555555555,0.6109090909090908,0.7218181818181819,0.49999999999999994,0.6968659118659118,0.7015805179649572,0.5087949599420187,0.6051877389534881,0.23307084583108773,0.3644444444444445,0.610909090909091,0.6771576554758373,0.10049010661171057,0.10059560135579175,0.150794824522314,0.17376924863190205,0.08091407788988499,0.10049675543314317,0.13976546016900757,0.10564693670721877,0.2089441963178716,0.10049010661171057,0.10059560135579178,0.06413754289705287,0.4444444444444444,0.43506493506493504,0.36363636363636365,0.14285714285714285,0.5555555555555556,0.4444444444444444,0.18181818181818182,0.4109090909090909,-0.15228622596829317,0.1111111111111111,0.4350649350649351,0.5822510822510822,0.8888888888888888,0.8831168831168831,1.0,0.8571428571428571,0.9090909090909091,0.9090909090909091,0.8571428571428571,0.8831168831168831,0.7662337662337663,0.5555555555555556,0.8831168831168832,0.882001836547291,50,50,50,50,50,50,50,50,50,50,50,50,6.45728063583374
minkowski_p3_fuzzy_confidence_uniform_k3,minkowski_p3,fuzzy_confidence,uniform,3,0.5933333333333334,0.5623376623376624,0.7018181818181819,0.42285714285714276,0.658372127872128,0.6722460751893246,0.43573687750158335,0.553991476345454,0.13390557061266145,0.27586601228968954,0.6458441558441558,0.7789307954374799,0.10190921218586999,0.10247000313122367,0.15370830779754277,0.18014756318950131,0.07934946974184336,0.09948250316564136,0.15436971075410727,0.10871469267140323,0.21983388132483608,0.07602387423201451,0.13057198369607817,0.08672922485163162,0.3333333333333333,0.2987012987012987,0.36363636363636365,0.0,0.45454545454545453,0.42105263157894735,0.0,0.2987012987012987,-0.4025974025974026,0.1535263920382968,0.3441558441558441,0.5666474939202211,0.7777777777777778,0.7402597402597402,1.0,0.8571428571428571,0.8,0.8333333333333334,0.6666666666666666,0.75,0.5229975846277625,0.46112668318356154,0.8831168831168831,0.9436674436674437,50,50,50,50,50,50,50,50,50,50,50,50,6.466297149658203
minkowski_p3_fuzzy_confidence_uniform_k5,minkowski_p3,fuzzy_confidence,uniform,5,0.5933333333333334,0.57012987012987,0.6745454545454546,0.4657142857142857,0.6701602564102562,0.6648793227850704,0.45944520649629006,0.5621622646406803,0.1458385489408187,0.2496574955441627,0.6566233766233767,0.7894572444786349,0.1073278825674728,0.11289847895080812,0.14472218225074943,0.19956220305032055,0.0973871714018925,0.10069169010492385,0.1586083609911969,0.11487232473867823,0.2353071391184937,0.060733022054300694,0.11978205534610865,0.0828095969589142,0.2777777777777778,0.2532467532467533,0.36363636363636365,0.0,0.4,0.38095238095238093,0.0,0.2571428571428571,-0.48416483186574427,0.16700810198807192,0.33116883116883117,0.6279503176562,0.7222222222222222,0.7467532467532467,1.0,0.8571428571428571,0.875,0.8148148148148148,0.7058823529411765,0.7213622291021672,0.48416483186574427,0.4255676398221832,0.8571428571428571,0.9164370982552801,50,50,50,50,50,50,50,50,50,50,50,50,6.103312730789185
minkowski_p3_fuzzy_confidence_uniform_k7,minkowski_p3,fuzzy_confidence,uniform,7,0.6044444444444445,0.5750649350649352,0.7072727272727272,0.4428571428571427,0.6715513375513376,0.6810930545342443,0.45072608110843404,0.5659095678213393,0.15838202509406973,0.23623407891012824,0.6764935064935064,0.7968491873545349,0.11590562707002339,0.12187248335797944,0.15398238580807408,0.21257823118367,0.10085900693295254,0.10592838009567794,0.1771758385837029,0.12597512463916166,0.25223422189191225,0.057804494295349486,0.12676305778161062,0.08774044213281106,0.3333333333333333,0.2987012987012987,0.36363636363636365,0.0,0.45454545454545453,0.45454545454545453,0.0,0.28,-0.4264014327112209,0.14294712354458872,0.36363636363636365,0.6099514048043461,0.8333333333333334,0.8636363636363636,0.9090909090909091,1.0,1.0,0.8695652173913043,0.8235294117647058,0.8328173374613003,0.7135060680126758,0.436657606891073,0.8961038961038961,0.9378046196228016,50,50,50,50,50,50,50,50,50,50,50,50,6.465249061584473
minkowski_p3_fuzzy_confidence_uniform_k9,minkowski_p3,fuzzy_confidence,uniform,9,0.6344444444444445,0.6058441558441559,0.7345454545454544,0.4771428571428571,0.6908205683205683,0.7041598374061288,0.4935497923129502,0.5988548148595395,0.22687271157819544,0.23086855065997966,0.6858441558441558,0.8054843715405212,0.09918412449468043,0.09942896151178021,0.1556708993638618,0.18164411795964597,0.08238085808532307,0.10263687721686807,0.1405124920796499,0.10421277664183504,0.2064374266156993,0.0518309667293717,0.12071415419167637,0.08244812647410393,0.2777777777777778,0.2532467532467533,0.2727272727272727,0.14285714285714285,0.4,0.375,0.13333333333333333,0.2571428571428571,-0.48416483186574427,0.1537157763336313,0.36363636363636365,0.6248309771037044,0.7777777777777778,0.7922077922077921,1.0,0.8571428571428571,0.8888888888888888,0.8461538461538461,0.75,0.775,0.5698028822981898,0.4344446665888013,0.8961038961038961,0.936525974025974,50,50,50,50,50,50,50,50,50,50,50,50,6.468029737472534
minkowski_p3_fuzzy_confidence_uniform_k11,minkowski_p3,fuzzy_confidence,uniform,11,0.6322222222222224,0.6019480519480519,0.7381818181818179,0.46571428571428564,0.685443091222503,0.7027787979697522,0.4855885975050061,0.5941836977373792,0.2235685279952107,0.23323965333881588,0.662077922077922,0.7887848043222375,0.12030552355244759,0.11949153834346865,0.17581940780021243,0.19534354449237326,0.09186992958473332,0.11651627306169421,0.1736583346295613,0.1281122282448277,0.2570076299165519,0.04826079678768594,0.13016769514697524,0.08625063815077211,0.3333333333333333,0.2987012987012987,0.2727272727272727,0.0,0.45454545454545453,0.35294117647058826,0.0,0.2987012987012987,-0.4025974025974026,0.15409285324594413,0.33116883116883117,0.6106729055258467,0.8333333333333334,0.8116883116883117,1.0,0.8571428571428571,0.8571428571428571,0.88,0.7692307692307693,0.8193979933110368,0.6700593942604899,0.39601662466135673,0.8961038961038961,0.9563820018365474,50,50,50,50,50,50,50,50,50,50,50,50,6.440766096115112
minkowski_p3_fuzzy_confidence_uniform_k15,minkowski_p3,fuzzy_confidence,uniform,15,0.5900000000000001,0.5528571428571428,0.72,0.3857142857142856,0.6457070478541067,0.6722509086263293,0.41304449265904375,0.5426477006426865,0.12495512710993412,0.22944657256246742,0.6657142857142857,0.8086285819053199,0.11495066695197315,0.10846698829417709,0.1862538705662084,0.1761497602207354,0.08165054843974773,0.1192467112120468,0.1581284712212114,0.11669541748719678,0.24654534836706124,0.04082356647757353,0.12643373023158072,0.07969280627189036,0.3333333333333333,0.2727272727272727,0.2727272727272727,0.0,0.4444444444444444,0.35294117647058826,0.0,0.25,-0.4947274449181537,0.15364024566440732,0.38311688311688313,0.5700152046408731,0.8333333333333334,0.7857142857142857,1.0,0.8571428571428571,0.8333333333333334,0.88,0.7272727272727273,0.8036363636363637,0.6700593942604899,0.34017912792533544,0.9545454545454546,0.9708624708624709,50,50,50,50,50,50,50,50,50,50,50,50,6.808393716812134
minkowski_p3_fuzzy_confidence_uniform_k21,minkowski_p3,fuzzy_confidence,uniform,21,0.6077777777777778,0.5746753246753247,0.7236363636363637,0.4257142857142857,0.6640624342977283,0.6848842379379195,0.4461498317643829,0.5655170348511512,0.15854170115420077,0.22063914240535745,0.6792207792207793,0.818981843023287,0.10905697610094081,0.10703136140273027,0.1682908436667539,0.1813687603713786,0.08156487427179163,0.1117796286203531,0.1674031479760009,0.11867453441141325,0.2359853788733383,0.030965006490795886,0.11515493605701466,0.07159702824654648,0.3888888888888889,0.3701298701298701,0.2727272727272727,0.0,0.5,0.35294117647058826,0.0,0.35714285714285715,-0.2548235957188128,0.15261974736078449,0.44805194805194803,0.6761713034440306,0.8333333333333334,0.8116883116883117,1.0,0.8571428571428571,0.8333333333333334,0.88,0.7692307692307693,0.8193979933110368,0.6700593942604899,0.2784013738009614,0.9610389610389609,0.9805194805194806,50,50,50,50,50,50,50,50,50,50,50,50,6.803844213485718
minkowski_p3_fuzzy_confidence_inverse_distance_k1,minkowski_p3,fuzzy_confidence,inverse_distance,1,0.6355555555555555,0.6109090909090908,0.7218181818181819,0.49999999999999994,0.6968659118659118,0.7015805179649572,0.5087949599420187,0.6051877389534881,0.23307084583108773,0.3644444444444445,0.610909090909091,0.6771576554758373,0.10049010661171057,0.10059560135579175,0.150794824522314,0.17376924863190205,0.08091407788988499,0.10049675543314317,0.13976546016900757,0.10564693670721877,0.2089441963178716,0.10049010661171057,0.10059560135579178,0.06413754289705287,0.4444444444444444,0.43506493506493504,0.36363636363636365,0.14285714285714285,0.5555555555555556,0.4444444444444444,0.18181818181818182,0.4109090909090909,-0.15228622596829317,0.1111111111111111,0.4350649350649351,0.5822510822510822,0.8888888888888888,0.8831168831168831,1.0,0.8571428571428571,0.9090909090909091,0.9090909090909091,0.8571428571428571,0.8831168831168831,0.7662337662337663,0.5555555555555556,0.8831168831168832,0.882001836547291,50,50,50,50,50,50,50,50,50,50,50,50,6.318268537521362
minkowski_p3_fuzzy_confidence_inverse_distance_k3,minkowski_p3,fuzzy_confidence,inverse_distance,3,0.5733333333333334,0.5496103896103895,0.6563636363636364,0.4428571428571428,0.6522346819846819,0.647725363305226,0.4356163803516744,0.5416708718284502,0.1015945253322783,0.2771357747948883,0.6501298701298701,0.7858837291644778,0.10066546029020905,0.1041670863142002,0.14142135623730953,0.1831056984176159,0.08715166604529374,0.09774778084547131,0.15026061453757775,0.1072185293116416,0.21540281067237013,0.07389730875946489,0.12777692930760545,0.08672911175332285,0.3333333333333333,0.2987012987012987,0.36363636363636365,0.0,0.45454545454545453,0.42105263157894735,0.0,0.2987012987012987,-0.4025974025974026,0.15274137059165713,0.35064935064935066,0.5707267479994752,0.7222222222222222,0.7207792207792207,0.9090909090909091,0.8571428571428571,0.8,0.8,0.6666666666666666,0.7142857142857142,0.4332001127219817,0.45788151909565233,0.8961038961038962,0.9563820018365473,50,50,50,50,50,50,50,50,50,50,50,50,6.400011777877808
minkowski_p3_fuzzy_confidence_inverse_distance_k5,minkowski_p3,fuzzy_confidence,inverse_distance,5,0.5933333333333334,0.5737662337662338,0.6618181818181819,0.4857142857142857,0.6718095793095793,0.6602452074809324,0.4739662801938344,0.5671057438373833,0.15102279231264795,0.25194931090829636,0.6532467532467531,0.7976704997319972,0.11136026486851036,0.1145086734388678,0.14582513088434493,0.18480377832933503,0.09701720782723325,0.10689065555775845,0.15153925803390067,0.11644469428589063,0.23328043595227188,0.05930289490610795,0.12024353330802495,0.08394174632940316,0.2777777777777778,0.2532467532467533,0.36363636363636365,0.14285714285714285,0.4,0.38095238095238093,0.13333333333333333,0.2571428571428571,-0.48416483186574427,0.16866315956406722,0.33766233766233766,0.614300086425755,0.7777777777777778,0.7662337662337663,0.9090909090909091,0.8571428571428571,0.8571428571428571,0.8181818181818182,0.7142857142857143,0.7662337662337663,0.5324675324675324,0.4093296876751416,0.8961038961038962,0.9563820018365473,50,50,50,50,50,50,50,50,50,50,50,50,6.538904905319214
minkowski_p3_fuzzy_confidence_inverse_distance_k7,minkowski_p3,fuzzy_confidence,inverse_distance,7,0.6077777777777778,0.5803896103896105,0.7036363636363636,0.457142857142857,0.6771324786324786,0.6812097541381159,0.4609401583968147,0.5710749562674654,0.17046597841289976,0.237865922330351,0.6705194805194804,0.8052756462194963,0.10905697610094081,0.11396729670364993,0.1556383923020734,0.2081232454527667,0.09967566289545012,0.10272910744334708,0.1650739659574881,0.1168681824835116,0.23454752000239656,0.057267574363294764,0.1278252070719161,0.08736241098189165,0.3333333333333333,0.2987012987012987,0.36363636363636365,0.0,0.45454545454545453,0.45454545454545453,0.0,0.28,-0.4264014327112209,0.14921827190053524,0.35064935064935066,0.6185372633902045,0.7777777777777778,0.7727272727272727,0.9090909090909091,1.0,1.0,0.8333333333333334,0.7368421052631579,0.7662337662337663,0.5640760748177662,0.4302150755889857,0.8831168831168831,0.9327708907254362,50,50,50,50,50,50,50,50,50,50,50,50,6.273850202560425
minkowski_p3_fuzzy_confidence_inverse_distance_k9,minkowski_p3,fuzzy_confidence,inverse_distance,9,0.6366666666666667,0.6112987012987012,0.7254545454545454,0.4971428571428571,0.6988354423354423,0.7032640871161263,0.505259900574142,0.6042619938451341,0.23752362573505184,0.23174757522981235,0.6862337662337663,0.8212728586030725,0.09733796155864907,0.09845277134844725,0.15420129747079467,0.1853438781998813,0.08554335609242349,0.09706938015716975,0.13874922215145458,0.10161078697891521,0.204907137540677,0.05179886535675816,0.12124442667701268,0.07780967670404879,0.2777777777777778,0.2532467532467533,0.36363636363636365,0.14285714285714285,0.4,0.38095238095238093,0.13333333333333333,0.2571428571428571,-0.48416483186574427,0.15774063324974444,0.36363636363636365,0.6608502608502608,0.7777777777777778,0.7662337662337663,1.0,0.8571428571428571,0.875,0.8461538461538461,0.7142857142857143,0.7662337662337663,0.5606119105813882,0.4294498579105338,0.8961038961038961,0.9440771349862259,50,50,50,50,50,50,50,50,50,50,50,50,6.167506456375122
minkowski_p3_fuzzy_confidence_inverse_distance_k11,minkowski_p3,fuzzy_confidence,inverse_distance,11,0.6255555555555555,0.6011688311688311,0.7109090909090909,0.4914285714285714,0.6851863136863137,0.6906629703037025,0.4992964388552623,0.5949797045794825,0.2140263922551694,0.23242105468747745,0.6761038961038962,0.8145403970657982,0.11973873464948513,0.11724397280719058,0.17198845995953083,0.1782884054517678,0.09809118275894467,0.1238593566829551,0.15363340486841656,0.12354890009776291,0.2439673037631109,0.0484229558071391,0.1345220388401423,0.08685260272948463,0.3333333333333333,0.2987012987012987,0.18181818181818182,0.14285714285714285,0.4,0.25,0.14285714285714285,0.2987012987012987,-0.4025974025974026,0.15466358098752944,0.33766233766233766,0.6106729055258467,0.8333333333333334,0.8116883116883117,1.0,0.8571428571428571,0.875,0.88,0.7692307692307693,0.8193979933110368,0.6700593942604899,0.39605316956443454,0.9090909090909091,0.9515151515151516,50,50,50,50,50,50,50,50,50,50,50,50,6.361759901046753
minkowski_p3_fuzzy_confidence_inverse_distance_k15,minkowski_p3,fuzzy_confidence,inverse_distance,15,0.5877777777777777,0.5520779220779221,0.7127272727272727,0.3914285714285714,0.6435512885807003,0.6687643671763742,0.4183788268834708,0.5435715970299225,0.12495466587168817,0.22800331552584352,0.6698701298701298,0.8175840037858757,0.12196943555611194,0.1147168727687225,0.1894145938026445,0.17028285751022978,0.08495480034457069,0.1245766015045399,0.15473060635521196,0.12075552038176812,0.25367384544052407,0.04098312013930297,0.12984600889171224,0.0736936205716745,0.2777777777777778,0.22727272727272727,0.2727272727272727,0.0,0.4166666666666667,0.35294117647058826,0.0,0.21739130434782608,-0.5640760748177662,0.1551653942546163,0.37662337662337664,0.6644416115672801,0.8333333333333334,0.7857142857142857,1.0,0.7142857142857143,0.8181818181818182,0.88,0.7272727272727273,0.8036363636363637,0.6700593942604899,0.3449322757446312,0.935064935064935,0.9674931129476584,50,50,50,50,50,50,50,50,50,50,50,50,6.031291723251343
minkowski_p3_fuzzy_confidence_inverse_distance_k21,minkowski_p3,fuzzy_confidence,inverse_distance,21,0.6,0.5683116883116883,0.7109090909090909,0.4257142857142857,0.6604739410915882,0.6754734674721887,0.44159490217384956,0.5585341848230191,0.14692832021124744,0.21919126047424112,0.6857142857142858,0.8279325907307191,0.10468972982756286,0.10098321890174292,0.17393872594839402,0.1813687603713786,0.07758995290478371,0.11377706665678253,0.15381590221011643,0.11056248470549547,0.21991671397085077,0.03180888169290237,0.12094995185904729,0.07174758097281178,0.3888888888888889,0.3701298701298701,0.2727272727272727,0.0,0.5,0.375,0.0,0.35714285714285715,-0.2548235957188128,0.14850329454665714,0.4155844155844156,0.6657259407259407,0.8333333333333334,0.8116883116883117,1.0,0.8571428571428571,0.8333333333333334,0.88,0.7692307692307693,0.8193979933110368,0.6700593942604899,0.2779140096375893,0.9870129870129871,0.9924242424242424,50,50,50,50,50,50,50,50,50,50,50,50,6.355349063873291
cosine_rigid_uniform_k1,cosine,rigid,uniform,1,0.611111111111111,0.5758441558441558,0.7345454545454545,0.41714285714285704,0.667859895006954,0.6935960584038386,0.4400190985485103,0.5668075784761745,0.16107319343579882,0.38888888888888895,0.5758441558441558,0.6562304210940575,0.09589719026662359,0.10051515895572194,0.13846860192479835,0.18668729185353913,0.07645393810105741,0.08767458021204634,0.1649405508892922,0.10958463652261115,0.2176528391746354,0.09589719026662359,0.10051515895572197,0.056909280587988074,0.4444444444444444,0.36363636363636365,0.45454545454545453,0.0,0.5333333333333333,0.5,0.0,0.3076923076923077,-0.3567530340063379,0.2222222222222222,0.36363636363636365,0.5545454545454546,0.7777777777777778,0.7402597402597402,1.0,0.7142857142857143,0.8,0.8333333333333334,0.6666666666666666,0.75,0.5229975846277625,0.5555555555555556,0.7402597402597402,0.7548562548562548,50,50,50,50,50,50,50,50,50,50,50,50,5.510661840438843
cosine_rigid_uniform_k3,cosine,rigid,uniform,3,0.6022222222222221,0.5742857142857143,0.7,0.44857142857142845,0.6718609723609724,0.6783205484275077,0.45266779659968515,0.5654941725135963,0.15395746315382902,0.2618518518518519,0.6716883116883117,0.7746959893938502,0.09211821033998037,0.09859382880694705,0.13527705620779001,0.19363034723478237,0.08184030179122116,0.08699792277849407,0.1522615990165108,0.10236737967603246,0.20082889029401424,0.0629643215164248,0.11224229132654666,0.07661933798178662,0.3333333333333333,0.2987012987012987,0.36363636363636365,0.14285714285714285,0.45454545454545453,0.45454545454545453,0.14285714285714285,0.2987012987012987,-0.4025974025974026,0.14197530864197533,0.37662337662337664,0.6101253173445687,0.8333333333333334,0.8116883116883117,0.9090909090909091,0.8571428571428571,0.875,0.8695652173913043,0.7692307692307693,0.8193979933110368,0.6446583712203042,0.4074074074074074,0.9090909090909091,0.9646464646464646,50,50,50,50,50,50,50,50,50,50,50,50,6.2475316524505615
cosine_rigid_uniform_k5,cosine,rigid,uniform,5,0.6377777777777778,0.607012987012987,0.7454545454545454,0.46857142857142847,0.6935601343101342,0.7111348148389203,0.492788209038983,0.6019615119389518,0.23471215385202243,0.23271111111111112,0.6864935064935064,0.7839725823789995,0.10423146132940955,0.10736842666512401,0.1469312792075943,0.18713295324649226,0.09411268699767851,0.09351958243129121,0.14636022155012593,0.108711950126573,0.2295318919629887,0.0539029296527088,0.12143307137424639,0.07884813772119864,0.3888888888888889,0.3441558441558441,0.45454545454545453,0.14285714285714285,0.5,0.5,0.15384615384615385,0.3377926421404682,-0.3223291856101521,0.13111111111111112,0.36363636363636365,0.595959595959596,0.8333333333333334,0.8116883116883117,1.0,1.0,1.0,0.88,0.7692307692307693,0.8193979933110368,0.6700593942604899,0.37333333333333335,0.9220779220779222,0.9246753246753248,50,50,50,50,50,50,50,50,50,50,50,50,6.35830283164978
cosine_rigid_uniform_k7,cosine,rigid,uniform,7,0.6322222222222222,0.5951948051948052,0.7618181818181817,0.4285714285714285,0.6826782645459114,0.7131871433482685,0.4616082689240583,0.5873977061361636,0.2083465547784899,0.2300907029478458,0.6909090909090908,0.7822030846455981,0.08465691137162469,0.08981977710912376,0.13230190817366283,0.18253616142855425,0.07354553004483323,0.07556266261523951,0.1480761663929265,0.09657251358545157,0.19915095591266047,0.051163106884580555,0.11758045067394701,0.08232335013399752,0.3888888888888889,0.3701298701298701,0.45454545454545453,0.0,0.5,0.47619047619047616,0.0,0.35714285714285715,-0.2548235957188128,0.15532879818594106,0.4090909090909091,0.574110084805272,0.7777777777777778,0.7402597402597402,1.0,0.8571428571428571,0.8571428571428571,0.8461538461538461,0.6666666666666666,0.75,0.5606119105813882,0.41723356009070295,0.8896103896103896,0.9126984126984127,50,50,50,50,50,50,50,50,50,50,50,50,6.388211488723755
cosine_rigid_uniform_k9,cosine,rigid,uniform,9,0.6622222222222223,0.6223376623376624,0.8018181818181818,0.4428571428571428,0.696747404556228,0.739217751229193,0.4946438267614737,0.6169307889953334,0.2769559778176411,0.22569272976680388,0.7063636363636363,0.8005966956394766,0.08461970117626565,0.08538717913215121,0.13706067982634962,0.16390182045111235,0.060748673860644406,0.0799892764364573,0.1400271601651291,0.09502165461541225,0.18998872841766098,0.049276534891848064,0.11644268700383469,0.07714854791950171,0.5,0.43506493506493504,0.36363636363636365,0.14285714285714285,0.5714285714285714,0.5,0.18181818181818182,0.4109090909090909,-0.15228622596829317,0.15569272976680384,0.44155844155844154,0.6376114081996435,0.8333333333333334,0.8116883116883117,1.0,0.8571428571428571,0.8333333333333334,0.88,0.7692307692307693,0.8193979933110368,0.6700593942604899,0.39643347050754457,0.8831168831168832,0.9222222222222223,50,50,50,50,50,50,50,50,50,50,50,50,5.82035231590271
cosine_rigid_uniform_k11,cosine,rigid,uniform,11,0.6511111111111112,0.6054545454545455,0.8109090909090908,0.3999999999999999,0.6801091751385867,0.7345839523388722,0.464859499977147,0.5997217261580097,0.24671006581568009,0.22134986225895315,0.7085714285714286,0.8044099879621271,0.08911535776265524,0.08653042130600087,0.1408836532189155,0.14716535818220364,0.05883282284359713,0.08798424084729728,0.13078094667000958,0.09492388641678991,0.19736339623138008,0.04295645523461169,0.11648960468069441,0.07225113363658366,0.4444444444444444,0.38961038961038963,0.2727272727272727,0.14285714285714285,0.5384615384615384,0.375,0.16666666666666666,0.375,-0.24029618753167464,0.15472910927456382,0.4090909090909091,0.616304372988865,0.8333333333333334,0.8116883116883117,1.0,0.7142857142857143,0.8333333333333334,0.88,0.7692307692307693,0.8193979933110368,0.6700593942604899,0.35812672176308546,0.9675324675324675,0.962121212121212,50,50,50,50,50,50,50,50,50,50,50,50,6.3551025390625
cosine_rigid_uniform_k15,cosine,rigid,uniform,15,0.61,0.5525974025974026,0.8109090909090909,0.29428571428571426,0.6396408003760945,0.7098238079913137,0.36059236188647953,0.5352080849388967,0.14522834825385483,0.2200592592592593,0.6927272727272726,0.7945443602743067,0.10316849798786598,0.09361621871479314,0.17311254756313382,0.1425945107719463,0.06317242168332879,0.10449509745545998,0.14973101105896325,0.10490832556015806,0.2341193784303353,0.035633245656101036,0.1164364052501946,0.07625494958746014,0.3333333333333333,0.35064935064935066,0.2727272727272727,0.0,0.42857142857142855,0.3333333333333333,0.0,0.3333333333333333,-0.2987012987012987,0.15827160493827164,0.4350649350649351,0.6331529581529581,0.8333333333333334,0.7857142857142857,1.0,0.5714285714285714,0.7857142857142857,0.88,0.7272727272727273,0.8036363636363637,0.6700593942604899,0.3049382716049383,0.8961038961038961,0.9259563965446318,50,50,50,50,50,50,50,50,50,50,50,50,6.397877216339111
cosine_rigid_uniform_k21,cosine,rigid,uniform,21,0.5711111111111111,0.5124675324675326,0.7763636363636364,0.2485714285714286,0.6180336411954059,0.6819593464322229,0.29068735169199567,0.48632334906210933,0.03222378257864912,0.22277147896195512,0.6553246753246753,0.7722288160443241,0.08018622819247676,0.07545160531160136,0.1560712630929665,0.16277989063354506,0.05219880468357121,0.08745567253202868,0.1518337501218459,0.08858274836094461,0.1908787840384969,0.027167068736539273,0.11333848353078219,0.08392346249374755,0.3888888888888889,0.36363636363636365,0.2727272727272727,0.0,0.5,0.35294117647058826,0.0,0.3076923076923077,-0.3567530340063379,0.17674477198286723,0.3506493506493506,0.6052781443155775,0.7777777777777778,0.7142857142857143,1.0,0.7142857142857143,0.7777777777777778,0.8461538461538461,0.625,0.7230769230769231,0.5606119105813882,0.27979339884101795,0.9025974025974025,0.946935417523653,50,50,50,50,50,50,50,50,50,50,50,50,6.369020462036133
cosine_rigid_inverse_distance_k1,cosine,rigid,inverse_distance,1,0.611111111111111,0.5758441558441558,0.7345454545454545,0.41714285714285704,0.667859895006954,0.6935960584038386,0.4400190985485103,0.5668075784761745,0.16107319343579882,0.38888888888888895,0.5758441558441558,0.6562304210940575,0.09589719026662359,0.10051515895572194,0.13846860192479835,0.18668729185353913,0.07645393810105741,0.08767458021204634,0.1649405508892922,0.10958463652261115,0.2176528391746354,0.09589719026662359,0.10051515895572197,0.056909280587988074,0.4444444444444444,0.36363636363636365,0.45454545454545453,0.0,0.5333333333333333,0.5,0.0,0.3076923076923077,-0.3567530340063379,0.2222222222222222,0.36363636363636365,0.5545454545454546,0.7777777777777778,0.7402597402597402,1.0,0.7142857142857143,0.8,0.8333333333333334,0.6666666666666666,0.75,0.5229975846277625,0.5555555555555556,0.7402597402597402,0.7548562548562548,50,50,50,50,50,50,50,50,50,50,50,50,6.356621026992798
cosine_rigid_inverse_distance_k3,cosine,rigid,inverse_distance,3,0.6055555555555555,0.5738961038961039,0.7163636363636363,0.43142857142857133,0.6692696747696748,0.6850970886110741,0.44547066469821883,0.5652838766546465,0.15600914812949826,0.26941211426409134,0.6702597402597402,0.8000610549581139,0.08926366570795233,0.09429069006342689,0.1357624347571115,0.18590481368190584,0.07692873849120481,0.0843451135851262,0.14703367166703038,0.09825706767847207,0.19221528343667132,0.06187843146461133,0.1193693377539582,0.08393479897569261,0.3333333333333333,0.2987012987012987,0.45454545454545453,0.14285714285714285,0.45454545454545453,0.45454545454545453,0.14285714285714285,0.2987012987012987,-0.4025974025974026,0.15115271087412296,0.3831168831168831,0.6132178353435038,0.8333333333333334,0.8116883116883117,0.9090909090909091,0.8571428571428571,0.8333333333333334,0.8695652173913043,0.7692307692307693,0.8193979933110368,0.6446583712203042,0.40890568228950397,0.9090909090909091,0.9646464646464646,50,50,50,50,50,50,50,50,50,50,50,50,6.344110727310181
cosine_rigid_inverse_distance_k5,cosine,rigid,inverse_distance,5,0.6211111111111112,0.584025974025974,0.7509090909090907,0.4171428571428571,0.6715340492840493,0.7042577818316947,0.45507092907092905,0.579664355451312,0.18808210078568335,0.2413257926604125,0.6894805194805196,0.8189570264851017,0.10206361549277879,0.10394090274553873,0.13597346779180636,0.16539428236208006,0.07887367689865601,0.08817563019917818,0.14390504242047336,0.1068850560045869,0.22661663756102332,0.053446276179763046,0.12435749144359477,0.086407734432286,0.3888888888888889,0.3441558441558441,0.45454545454545453,0.14285714285714285,0.5,0.5,0.15384615384615385,0.3377926421404682,-0.3223291856101521,0.16337608523157074,0.36363636363636365,0.6115720064249477,0.8333333333333334,0.7857142857142857,1.0,0.8571428571428571,0.8571428571428571,0.88,0.7272727272727273,0.8036363636363637,0.6700593942604899,0.3677149629303249,0.922077922077922,0.9633264462809917,50,50,50,50,50,50,50,50,50,50,50,50,6.303146839141846
cosine_rigid_inverse_distance_k7,cosine,rigid,inverse_distance,7,0.6077777777777778,0.5679220779220779,0.7472727272727272,0.38857142857142846,0.6584606504606505,0.6960361022823265,0.42871669833434534,0.5623764003083359,0.15344449802844587,0.2363333520179033,0.6874025974025975,0.8144333276646113,0.09550887432236874,0.09616413825233093,0.13153478588876213,0.15282975695386983,0.06786415121488515,0.08317979669798592,0.14083671882838977,0.10140311259264219,0.21467977948858147,0.05020221530729216,0.12093579277120513,0.08752457231562291,0.3888888888888889,0.3441558441558441,0.5454545454545454,0.14285714285714285,0.5,0.5217391304347826,0.15384615384615385,0.3377926421404682,-0.3223291856101521,0.16050495980204924,0.40259740259740256,0.5981056747767978,0.7777777777777778,0.7402597402597402,1.0,0.7142857142857143,0.7777777777777778,0.8461538461538461,0.6666666666666666,0.75,0.5606119105813882,0.39554528474212414,0.8961038961038961,0.9369375573921028,50,50,50,50,50,50,50,50,50,50,50,50,6.356233835220337
cosine_rigid_inverse_distance_k9,cosine,rigid,inverse_distance,9,0.6311111111111112,0.5885714285714285,0.7799999999999998,0.397142857142857,0.6705164133252367,0.717231445848837,0.44935447885447877,0.583292962351658,0.2040529048333817,0.2308416258033631,0.698961038961039,0.830222852014296,0.08456013080550603,0.08243784043424567,0.12998696043689487,0.13626174679692735,0.05627326303951863,0.07689103965205021,0.12595553615181027,0.08898284507463121,0.18612024737028668,0.04904103476501235,0.12192613398821052,0.08098303256472182,0.4444444444444444,0.38961038961038963,0.5454545454545454,0.14285714285714285,0.5384615384615384,0.5454545454545454,0.16666666666666666,0.375,-0.24029618753167464,0.159146939508157,0.3896103896103896,0.6323000528882882,0.8333333333333334,0.7857142857142857,1.0,0.7142857142857143,0.7857142857142857,0.88,0.7272727272727273,0.8036363636363637,0.6700593942604899,0.3880248451536887,0.9090909090909091,0.9483011937557392,50,50,50,50,50,50,50,50,50,50,50,50,6.594403982162476
cosine_rigid_inverse_distance_k11,cosine,rigid,inverse_distance,11,0.638888888888889,0.5887012987012987,0.8145454545454546,0.36285714285714277,0.6683697478991596,0.7315491249491248,0.43136785436785435,0.5814584896584897,0.2079882647939472,0.22530334852097333,0.7140259740259741,0.8405199964919217,0.08417937871268423,0.08592215115286543,0.11315855018593228,0.1390453558930271,0.0568193381144133,0.0706314039077053,0.13912217887887302,0.09529284701163004,0.19771844355293086,0.04425831930488618,0.12212500008609634,0.07327391368194493,0.4444444444444444,0.38961038961038963,0.5454545454545454,0.14285714285714285,0.5384615384615384,0.5454545454545454,0.16666666666666666,0.375,-0.24029618753167464,0.15730826007454624,0.41558441558441556,0.6873295821825234,0.8333333333333334,0.7857142857142857,1.0,0.5714285714285714,0.7857142857142857,0.88,0.7272727272727273,0.8036363636363637,0.6700593942604899,0.3631531185618571,0.8961038961038962,0.9563820018365473,50,50,50,50,50,50,50,50,50,50,50,50,6.626703262329102
cosine_rigid_inverse_distance_k15,cosine,rigid,inverse_distance,15,0.6088888888888889,0.5506493506493506,0.8127272727272726,0.2885714285714286,0.640973072678955,0.7125177354046918,0.3538331113331113,0.5331754233689017,0.1326286000688711,0.22077891549753087,0.7132467532467532,0.842768231619836,0.08320852331480098,0.07825267795533632,0.14156439877849927,0.13687169499679358,0.049966747057667085,0.08192254749172176,0.13811891502744889,0.0900348255501748,0.19865155309129562,0.03770130122448078,0.12031765181710045,0.07175613976452423,0.4444444444444444,0.36363636363636365,0.36363636363636365,0.0,0.5333333333333333,0.4444444444444444,0.0,0.3076923076923077,-0.3567530340063379,0.15862986950951954,0.4415584415584416,0.661519288792016,0.7777777777777778,0.7142857142857143,1.0,0.5714285714285714,0.75,0.8461538461538461,0.6153846153846154,0.7230769230769231,0.5606119105813882,0.31899760790227943,0.8961038961038962,0.9563820018365473,50,50,50,50,50,50,50,50,50,50,50,50,6.391021251678467
cosine_rigid_inverse_distance_k21,cosine,rigid,inverse_distance,21,0.5933333333333334,0.5296103896103895,0.8163636363636363,0.24285714285714285,0.6270026933850464,0.7031482397384946,0.3000795315795316,0.5016138856590131,0.0895053959804463,0.21926694724662826,0.7,0.8335321330481759,0.08580242382056874,0.07731408711219312,0.16374970307003214,0.15066145979829998,0.04795450829048949,0.09194397637193609,0.1505493217422473,0.0915666987877539,0.21318293746301692,0.030919646055350598,0.11655134466440775,0.06886119635270575,0.4444444444444444,0.36363636363636365,0.2727272727272727,0.0,0.5333333333333333,0.375,0.0,0.3076923076923077,-0.3567530340063379,0.1704482897915225,0.4415584415584416,0.6684584280840966,0.7222222222222222,0.6688311688311688,1.0,0.7142857142857143,0.7272727272727273,0.8148148148148148,0.5714285714285714,0.6727272727272727,0.44320263021395917,0.292556821923332,0.8961038961038961,0.9505590666018473,50,50,50,50,50,50,50,50,50,50,50,50,5.939136981964111
cosine_fuzzy_confidence_uniform_k1,cosine,fuzzy_confidence,uniform,1,0.611111111111111,0.5758441558441558,0.7345454545454545,0.41714285714285704,0.667859895006954,0.6935960584038386,0.4400190985485103,0.5668075784761745,0.16107319343579882,0.38888888888888895,0.5758441558441558,0.6562304210940575,0.09589719026662359,0.10051515895572194,0.13846860192479835,0.18668729185353913,0.07645393810105741,0.08767458021204634,0.1649405508892922,0.10958463652261115,0.2176528391746354,0.09589719026662359,0.10051515895572197,0.056909280587988074,0.4444444444444444,0.36363636363636365,0.45454545454545453,0.0,0.5333333333333333,0.5,0.0,0.3076923076923077,-0.3567530340063379,0.2222222222222222,0.36363636363636365,0.5545454545454546,0.7777777777777778,0.7402597402597402,1.0,0.7142857142857143,0.8,0.8333333333333334,0.6666666666666666,0.75,0.5229975846277625,0.5555555555555556,0.7402597402597402,0.7548562548562548,50,50,50,50,50,50,50,50,50,50,50,50,6.0765252113342285
cosine_fuzzy_confidence_uniform_k3,cosine,fuzzy_confidence,uniform,3,0.6244444444444445,0.5867532467532468,0.7563636363636362,0.41714285714285704,0.6735571928071928,0.706907755984213,0.4528509804608876,0.5798793682225503,0.18980797713641168,0.2655951800061589,0.6733766233766234,0.792517182164241,0.09087908068761674,0.09288267040344363,0.13551373985190215,0.1678935820506378,0.06947545701425493,0.0841861144070206,0.14541318336616682,0.1000122124049273,0.19966413936433494,0.06740954702306497,0.11185899408284747,0.07578805660525348,0.3888888888888889,0.3701298701298701,0.45454545454545453,0.14285714285714285,0.5,0.47619047619047616,0.16666666666666666,0.37142857142857144,-0.2548235957188128,0.15125,0.42207792207792205,0.6179101201828474,0.7777777777777778,0.7662337662337663,1.0,0.8571428571428571,0.8333333333333334,0.8333333333333334,0.7142857142857143,0.7662337662337663,0.5324675324675324,0.43280454774502397,0.9090909090909091,0.9646464646464646,50,50,50,50,50,50,50,50,50,50,50,50,5.791890382766724
cosine_fuzzy_confidence_uniform_k5,cosine,fuzzy_confidence,uniform,5,0.6166666666666667,0.5819480519480519,0.7381818181818182,0.4257142857142856,0.6719008491508491,0.6987387291071501,0.4550027619439384,0.5768707455255442,0.17892928586702714,0.2390173027953889,0.6735064935064936,0.7993110239433769,0.11891527034739442,0.12417190360867411,0.14064401424084036,0.19250859335958087,0.09703182556515441,0.10110842925705116,0.16964264285566483,0.1268230955023239,0.26128030292991555,0.05637078588580559,0.12490536688584437,0.08502376430050004,0.2777777777777778,0.22727272727272727,0.45454545454545453,0.0,0.4166666666666667,0.43478260869565216,0.0,0.21739130434782608,-0.5640760748177662,0.1362635032226398,0.33116883116883117,0.5848764797294209,0.7777777777777778,0.7922077922077921,1.0,0.8571428571428571,0.8888888888888888,0.8461538461538461,0.75,0.775,0.5698028822981898,0.3996437060605993,0.9025974025974026,0.9259740259740259,50,50,50,50,50,50,50,50,50,50,50,50,5.965679168701172
cosine_fuzzy_confidence_uniform_k7,cosine,fuzzy_confidence,uniform,7,0.6133333333333334,0.5724675324675325,0.7563636363636362,0.38857142857142857,0.6605581918081918,0.7004811121245903,0.43003507603507596,0.5652580940798333,0.1640309735860329,0.23617388088590247,0.6814285714285713,0.7947140521391858,0.10099030933705946,0.10096719731333274,0.1439626645252054,0.16336731507093472,0.07337595705858965,0.09305471722483054,0.15116738048374861,0.10813492181931245,0.22608545703014662,0.05399063320895258,0.11191406187992692,0.0818326013940356,0.3333333333333333,0.2987012987012987,0.36363636363636365,0.0,0.45454545454545453,0.4444444444444444,0.0,0.2987012987012987,-0.4025974025974026,0.1534676465293688,0.3961038961038961,0.5933359569723207,0.7777777777777778,0.7662337662337663,1.0,0.7142857142857143,0.8181818181818182,0.8461538461538461,0.7142857142857143,0.7662337662337663,0.5606119105813882,0.43515134898904,0.8766233766233765,0.9258953168044077,50,50,50,50,50,50,50,50,50,50,50,50,5.283958673477173
cosine_fuzzy_confidence_uniform_k9,cosine,fuzzy_confidence,uniform,9,0.6466666666666667,0.6012987012987013,0.8054545454545454,0.39714285714285713,0.6796324982207333,0.7317317214741503,0.4518078588078588,0.5917697901410045,0.23659934540543273,0.2300010657317939,0.6966233766233766,0.8159140796814595,0.09239131562447776,0.09399920252982116,0.14227745432466724,0.17386509488774585,0.06603936310110707,0.08282063257557919,0.16177411086773102,0.10592933331091375,0.20898640547553884,0.050295419141658256,0.11755146548893457,0.0795880232918159,0.4444444444444444,0.38961038961038963,0.45454545454545453,0.0,0.5384615384615384,0.5555555555555556,0.0,0.375,-0.24029618753167464,0.16100771309307255,0.43506493506493504,0.6292748917748918,0.8333333333333334,0.7857142857142857,1.0,0.7142857142857143,0.8181818181818182,0.88,0.7272727272727273,0.8036363636363637,0.6700593942604899,0.4009320890759306,0.8766233766233765,0.930104521147302,50,50,50,50,50,50,50,50,50,50,50,50,5.8664984703063965
cosine_fuzzy_confidence_uniform_k11,cosine,fuzzy_confidence,uniform,11,0.6500000000000001,0.6009090909090908,0.8218181818181818,0.37999999999999995,0.6762150251709075,0.7364818584754512,0.44532707162118923,0.5909044650483203,0.246116760095067,0.22412470851823638,0.6958441558441558,0.8130659598868155,0.09540329587437546,0.09338576666197052,0.1525186312301631,0.16481408252710175,0.062300238532035306,0.08779934810724241,0.15782490010243472,0.1057657842494485,0.2201792611218557,0.04327044492858412,0.11966504148804916,0.07612811703362322,0.3888888888888889,0.3441558441558441,0.45454545454545453,0.0,0.5,0.5217391304347826,0.0,0.3377926421404682,-0.3223291856101521,0.15405748221140422,0.4025974025974026,0.636445743798685,0.8333333333333334,0.7857142857142857,1.0,0.7142857142857143,0.8181818181818182,0.88,0.7272727272727273,0.8036363636363637,0.6700593942604899,0.34631623165002984,0.9025974025974026,0.936233997731324,50,50,50,50,50,50,50,50,50,50,50,50,4.4015069007873535
cosine_fuzzy_confidence_uniform_k15,cosine,fuzzy_confidence,uniform,15,0.6044444444444445,0.5542857142857143,0.78,0.3285714285714285,0.6418622325387031,0.6978673879118891,0.3851176338281601,0.5414925108700248,0.14036335815263423,0.22279006310665161,0.677792207792208,0.8048283362507962,0.10203275352373456,0.09111483287865593,0.17720492495289022,0.14212641099167467,0.06140836659062084,0.10821959166865948,0.13698221047921535,0.1002120411205337,0.21982980991718903,0.03699334975412493,0.12462154562791612,0.08528044975542413,0.3888888888888889,0.3441558441558441,0.2727272727272727,0.0,0.5,0.35294117647058826,0.0,0.3377926421404682,-0.3223291856101521,0.15775264265840697,0.36363636363636365,0.6079910285792638,0.8333333333333334,0.7857142857142857,1.0,0.5714285714285714,0.7857142857142857,0.88,0.7272727272727273,0.8036363636363637,0.6700593942604899,0.2981783703622085,0.9675324675324675,0.9777495232040687,50,50,50,50,50,50,50,50,50,50,50,50,4.733718156814575
cosine_fuzzy_confidence_uniform_k21,cosine,fuzzy_confidence,uniform,21,0.5811111111111111,0.5403896103896104,0.7236363636363637,0.35714285714285715,0.6389167466520408,0.6714128915709209,0.38448061209516315,0.5279467518330421,0.08733745945454206,0.2239860146811883,0.6553246753246753,0.8006659019827471,0.09537688300125731,0.09328508773062641,0.15901535444170356,0.17376924863190205,0.0707290185258131,0.09964775897882198,0.15629349711267745,0.10375825007477459,0.20879969353660538,0.03018544563216317,0.11488440397004822,0.07472391809526333,0.3888888888888889,0.3701298701298701,0.2727272727272727,0.0,0.5,0.35294117647058826,0.0,0.35714285714285715,-0.2548235957188128,0.1682477641989587,0.3311688311688311,0.661190606778842,0.8333333333333334,0.8116883116883117,1.0,0.8571428571428571,0.8333333333333334,0.8695652173913043,0.7692307692307693,0.8193979933110368,0.6446583712203042,0.2878954163377145,0.935064935064935,0.9715909090909092,50,50,50,50,50,50,50,50,50,50,50,50,5.446254253387451
cosine_fuzzy_confidence_inverse_distance_k1,cosine,fuzzy_confidence,inverse_distance,1,0.611111111111111,0.5758441558441558,0.7345454545454545,0.41714285714285704,0.667859895006954,0.6935960584038386,0.4400190985485103,0.5668075784761745,0.16107319343579882,0.38888888888888895,0.5758441558441558,0.6562304210940575,0.09589719026662359,0.10051515895572194,0.13846860192479835,0.18668729185353913,0.07645393810105741,0.08767458021204634,0.1649405508892922,0.10958463652261115,0.2176528391746354,0.09589719026662359,0.10051515895572197,0.056909280587988074,0.4444444444444444,0.36363636363636365,0.45454545454545453,0.0,0.5333333333333333,0.5,0.0,0.3076923076923077,-0.3567530340063379,0.2222222222222222,0.36363636363636365,0.5545454545454546,0.7777777777777778,0.7402597402597402,1.0,0.7142857142857143,0.8,0.8333333333333334,0.6666666666666666,0.75,0.5229975846277625,0.5555555555555556,0.7402597402597402,0.7548562548562548,50,50,50,50,50,50,50,50,50,50,50,50,5.078663349151611
cosine_fuzzy_confidence_inverse_distance_k3,cosine,fuzzy_confidence,inverse_distance,3,0.5888888888888888,0.5587012987012987,0.6945454545454546,0.42285714285714276,0.6562170607170605,0.6689679681789521,0.43513481942893706,0.5520513938039445,0.12379712928502244,0.27175874261995986,0.6718181818181819,0.798435628987768,0.09255479198167144,0.09417261336544848,0.13591143326702473,0.16569618881783216,0.07505570350204131,0.09016351022322203,0.1374959448522724,0.09803286778256459,0.19530669234910286,0.06489200017063118,0.11431650610417557,0.07975389832405955,0.3333333333333333,0.3246753246753247,0.36363636363636365,0.14285714285714285,0.4444444444444444,0.4,0.16666666666666666,0.325,-0.34188172937891387,0.15701243314546418,0.3701298701298701,0.6051370272626957,0.7777777777777778,0.7662337662337663,0.9090909090909091,0.8571428571428571,0.8181818181818182,0.8181818181818182,0.7142857142857143,0.7662337662337663,0.5324675324675324,0.4237062593358787,0.9090909090909091,0.9646464646464646,50,50,50,50,50,50,50,50,50,50,50,50,4.554872512817383
cosine_fuzzy_confidence_inverse_distance_k5,cosine,fuzzy_confidence,inverse_distance,5,0.6022222222222222,0.568051948051948,0.7218181818181819,0.41428571428571426,0.6612291319791319,0.6851441793057353,0.43980212271388736,0.5624731510098114,0.1491305801158884,0.247650138375803,0.6736363636363637,0.8108794906816299,0.1030890976579652,0.10527216220336366,0.1391611618815343,0.171355669630068,0.0811468758037563,0.09316161683274769,0.1441538331714753,0.10726865010002819,0.2216277430951926,0.0554444334201607,0.12351819962956877,0.08445469900939995,0.3333333333333333,0.2987012987012987,0.45454545454545453,0.14285714285714285,0.45454545454545453,0.45454545454545453,0.14285714285714285,0.2987012987012987,-0.4025974025974026,0.17098365999280082,0.35064935064935066,0.6087942286471698,0.7777777777777778,0.7662337662337663,1.0,0.7142857142857143,0.8181818181818182,0.8333333333333334,0.7142857142857143,0.7662337662337663,0.5324675324675324,0.3941262022064382,0.9090909090909091,0.9646464646464646,50,50,50,50,50,50,50,50,50,50,50,50,4.730801820755005
cosine_fuzzy_confidence_inverse_distance_k7,cosine,fuzzy_confidence,inverse_distance,7,0.5877777777777777,0.5448051948051948,0.7381818181818179,0.3514285714285713,0.643186542215954,0.682566907708784,0.38616092077856784,0.534363914243676,0.10244428532125985,0.24278618512795222,0.6671428571428573,0.8012004464638153,0.09193340563037296,0.0943213493708598,0.13451436235037978,0.1688089446931446,0.06758768391381255,0.08141487259875867,0.15314748903550163,0.10165602996557334,0.21279220694518777,0.05232961463759717,0.11381557940194748,0.08243588754080754,0.3888888888888889,0.3181818181818182,0.45454545454545453,0.0,0.5,0.47619047619047616,0.0,0.28,-0.4264014327112209,0.16853091840441708,0.37662337662337664,0.60389079874374,0.7777777777777778,0.7142857142857143,1.0,0.7142857142857143,0.7777777777777778,0.8461538461538461,0.625,0.7230769230769231,0.5606119105813882,0.42284978309785237,0.8181818181818182,0.9088203463203464,50,50,50,50,50,50,50,50,50,50,50,50,5.574417352676392
cosine_fuzzy_confidence_inverse_distance_k9,cosine,fuzzy_confidence,inverse_distance,9,0.6188888888888889,0.5775324675324676,0.7636363636363638,0.3914285714285714,0.6646912107500342,0.7060964400122295,0.43473484685249386,0.5704156434323617,0.17763793390060184,0.23607082150601788,0.68,0.820168045115906,0.0918785772935263,0.09212591041919366,0.13620894132079892,0.15757956810200785,0.06713021254751293,0.08290535633384657,0.14059780384032303,0.09799266556360886,0.20241102673960812,0.05040602045236861,0.11520753214097938,0.07594188341489456,0.3888888888888889,0.3441558441558441,0.45454545454545453,0.14285714285714285,0.5,0.5,0.15384615384615385,0.3377926421404682,-0.3223291856101521,0.16640627027594962,0.42857142857142855,0.6526546982429335,0.8333333333333334,0.7857142857142857,1.0,0.7142857142857143,0.8181818181818182,0.88,0.7272727272727273,0.8036363636363637,0.6700593942604899,0.4028626065539393,0.8961038961038961,0.9287124491669947,50,50,50,50,50,50,50,50,50,50,50,50,5.471216201782227
cosine_fuzzy_confidence_inverse_distance_k11,cosine,fuzzy_confidence,inverse_distance,11,0.6288888888888889,0.5836363636363636,0.7872727272727273,0.37999999999999995,0.6668038970833088,0.7184205845684106,0.43524753024753016,0.5768340574079704,0.1942370787966338,0.22907858171683299,0.6942857142857143,0.8289471031048571,0.09285375112514073,0.09364737450851485,0.12936264483053453,0.15165338941354528,0.06314448027890866,0.0799355275925352,0.14694395092642518,0.10214857931391799,0.21509929288766208,0.04467207684411756,0.12421313082520763,0.07598961147028493,0.3888888888888889,0.3441558441558441,0.5454545454545454,0.0,0.5,0.5217391304347826,0.0,0.3076923076923077,-0.3567530340063379,0.1668682742077681,0.38961038961038963,0.6239457437986851,0.7777777777777778,0.7662337662337663,1.0,0.7142857142857143,0.8181818181818182,0.8461538461538461,0.7142857142857143,0.7662337662337663,0.5606119105813882,0.36236747555274607,0.8961038961038961,0.9387380296471206,50,50,50,50,50,50,50,50,50,50,50,50,5.3687756061553955
cosine_fuzzy_confidence_inverse_distance_k15,cosine,fuzzy_confidence,inverse_distance,15,0.6044444444444445,0.5558441558441559,0.7745454545454545,0.337142857142857,0.644883905310376,0.6984167805751329,0.3891318616024498,0.5437743210887915,0.1371897207822212,0.22406085519659352,0.691948051948052,0.829882860455053,0.09696840856699215,0.09011045970004371,0.16141556299521398,0.14648455873409275,0.06181467041555256,0.09841299556874875,0.14107551897571885,0.09903831206414397,0.20745522007189737,0.03824513978223898,0.12106487086595197,0.0717714159493159,0.3888888888888889,0.38961038961038963,0.36363636363636365,0.0,0.5,0.42105263157894735,0.0,0.35714285714285715,-0.24029618753167464,0.15724253672499144,0.37662337662337664,0.6405455655455656,0.8333333333333334,0.7857142857142857,1.0,0.5714285714285714,0.7857142857142857,0.88,0.7272727272727273,0.8036363636363637,0.6700593942604899,0.3204207528100254,0.9090909090909091,0.956439393939394,50,50,50,50,50,50,50,50,50,50,50,50,5.451898813247681
cosine_fuzzy_confidence_inverse_distance_k21,cosine,fuzzy_confidence,inverse_distance,21,0.5877777777777778,0.5416883116883117,0.7490909090909093,0.33428571428571424,0.6358408013555072,0.6812958184285415,0.37674593054004824,0.5290208744842949,0.10455305536441294,0.22191268295287803,0.6812987012987013,0.8250729696625418,0.0998171672019837,0.09112739303668611,0.17283952997001692,0.15165338941354528,0.0631669110596522,0.10346829645243152,0.14108050460006785,0.09898857169315944,0.21618225665544724,0.03311617149576743,0.1166682360861379,0.06851307603149662,0.3333333333333333,0.2987012987012987,0.36363636363636365,0.0,0.45454545454545453,0.4444444444444444,0.0,0.2987012987012987,-0.4025974025974026,0.15601465978653797,0.36363636363636365,0.6510966232222917,0.7777777777777778,0.7662337662337663,1.0,0.7142857142857143,0.8181818181818182,0.8181818181818182,0.7142857142857143,0.7662337662337663,0.5324675324675324,0.29108219264929824,0.935064935064935,0.9674931129476584,50,50,50,50,50,50,50,50,50,50,50,50,4.572260141372681
