config_id,distance,rule,weight,k,accuracy_mean,balanced_accuracy_mean,sensitivity_mean,specificity_mean,precision_yes_mean,F1_yes_mean,F1_no_mean,Macro_F1_mean,MCC_mean,Brier_mean,ROC_AUC_mean,PR_AUC_mean,accuracy_std,balanced_accuracy_std,sensitivity_std,specificity_std,precision_yes_std,F1_yes_std,F1_no_std,Macro_F1_std,MCC_std,Brier_std,ROC_AUC_std,PR_AUC_std,accuracy_min,balanced_accuracy_min,sensitivity_min,specificity_min,precision_yes_min,F1_yes_min,F1_no_min,Macro_F1_min,MCC_min,Brier_min,ROC_AUC_min,PR_AUC_min,accuracy_max,balanced_accuracy_max,sensitivity_max,specificity_max,precision_yes_max,F1_yes_max,F1_no_max,Macro_F1_max,MCC_max,Brier_max,ROC_AUC_max,PR_AUC_max,accuracy_n_valid,balanced_accuracy_n_valid,sensitivity_n_valid,specificity_n_valid,precision_yes_n_valid,F1_yes_n_valid,F1_no_n_valid,Macro_F1_n_valid,MCC_n_valid,Brier_n_valid,ROC_AUC_n_valid,PR_AUC_n_valid,elapsed_sec
euclidean_rigid_uniform_k1,euclidean,rigid,uniform,1,0.6344444444444445,0.6079220779220779,0.7272727272727273,0.48857142857142855,0.6963195693195695,0.7033583982760184,0.5004462400344752,0.6019023191552468,0.2284565273416219,0.3655555555555556,0.6079220779220779,0.6756125389761753,0.09854701535472171,0.10144784700881125,0.14577885922495876,0.18500650055555726,0.08351229843020729,0.09358869570551961,0.14678843783584383,0.10622025518043708,0.2157178512814967,0.09854701535472174,0.10144784700881126,0.060762787021970764,0.4444444444444444,0.38961038961038963,0.36363636363636365,0.14285714285714285,0.5384615384615384,0.5,0.16666666666666666,0.375,-0.24029618753167464,0.16666666666666666,0.38961038961038963,0.5648795648795649,0.8333333333333334,0.7922077922077921,1.0,0.8571428571428571,0.8888888888888888,0.88,0.75,0.8036363636363637,0.6700593942604899,0.5555555555555556,0.7922077922077922,0.813131313131313,50,50,50,50,50,50,50,50,50,50,50,50,6.242816925048828
euclidean_rigid_uniform_k3,euclidean,rigid,uniform,3,0.6055555555555555,0.5853246753246754,0.6763636363636364,0.4942857142857142,0.6798165723165723,0.6710203117841561,0.4856797548856372,0.5783500333348967,0.17653293577848284,0.24716049382716046,0.682207792207792,0.7836682071641965,0.09474076497074065,0.09481054993607435,0.14596385785171034,0.16880894469314464,0.08074528784918414,0.09700284366630539,0.1310317186346065,0.0981530117365008,0.19542473945512315,0.0648248321573023,0.11800715519217496,0.07632286699130827,0.4444444444444444,0.38961038961038963,0.36363636363636365,0.14285714285714285,0.5384615384615384,0.4444444444444444,0.16666666666666666,0.375,-0.24029618753167464,0.1419753086419753,0.42207792207792205,0.5919011544011544,0.7777777777777778,0.7662337662337663,0.9090909090909091,0.8571428571428571,0.8571428571428571,0.8333333333333334,0.7142857142857143,0.7662337662337663,0.5324675324675324,0.4012345679012346,0.8831168831168831,0.9037433155080214,50,50,50,50,50,50,50,50,50,50,50,50,6.200915813446045
euclidean_rigid_uniform_k5,euclidean,rigid,uniform,5,0.6244444444444445,0.6049350649350649,0.6927272727272725,0.5171428571428571,0.6978425528719647,0.6863437510496064,0.5065256226401736,0.59643468684489,0.22101703449743687,0.23413333333333333,0.6868831168831168,0.7981674012262248,0.09820767173497155,0.09988755247508689,0.15463819110018193,0.18901529173091158,0.0915552402751584,0.1007318564814955,0.13598540588293412,0.10124324564678007,0.20263068626937067,0.05772151455592955,0.1170397542772901,0.07432588780383872,0.3333333333333333,0.2987012987012987,0.2727272727272727,0.14285714285714285,0.45454545454545453,0.35294117647058826,0.14285714285714285,0.2987012987012987,-0.4025974025974026,0.15111111111111108,0.40909090909090906,0.617985282691165,0.7777777777777778,0.7922077922077921,1.0,0.8571428571428571,0.8888888888888888,0.8333333333333334,0.75,0.775,0.5698028822981898,0.40222222222222226,0.8896103896103897,0.9386724386724387,50,50,50,50,50,50,50,50,50,50,50,50,4.832948207855225
euclidean_rigid_uniform_k7,euclidean,rigid,uniform,7,0.6122222222222223,0.5861038961038961,0.7036363636363635,0.46857142857142847,0.6784660617160617,0.6835856213453468,0.4745310669722434,0.5790583441587951,0.18383067132452635,0.22931972789115643,0.6824675324675326,0.7917800771717883,0.09751898342886757,0.09831107384860847,0.15012223051608864,0.1780078570396451,0.08188590189336746,0.09493964110050275,0.140564768364165,0.10165322616693988,0.2071960382349031,0.05201911756199805,0.11482753823252925,0.07316495615192548,0.3888888888888889,0.3441558441558441,0.36363636363636365,0.14285714285714285,0.5,0.4444444444444444,0.15384615384615385,0.3377926421404682,-0.3223291856101521,0.15759637188208617,0.4025974025974026,0.6171483745013158,0.7777777777777778,0.7467532467532467,1.0,0.8571428571428571,0.875,0.8333333333333334,0.7058823529411765,0.75,0.5229975846277625,0.4013605442176871,0.8701298701298702,0.9125874125874127,50,50,50,50,50,50,50,50,50,50,50,50,5.558870792388916
euclidean_rigid_uniform_k9,euclidean,rigid,uniform,9,0.6588888888888889,0.627922077922078,0.7672727272727272,0.4885714285714285,0.7048279498279498,0.7278376837888082,0.5178503718503717,0.6228440278195901,0.273455778837235,0.2219067215363512,0.7,0.7943951354646542,0.09049707361333556,0.09025597430969612,0.1424551605278139,0.16349473675403864,0.06735047820719002,0.09218812286455483,0.1417361314597178,0.10038758198814027,0.18997296768171987,0.04947346198475979,0.11396812726809148,0.07090028597140556,0.3888888888888889,0.3701298701298701,0.2727272727272727,0.0,0.5,0.4,0.0,0.37142857142857144,-0.2548235957188128,0.15569272976680384,0.39610389610389607,0.665308547661489,0.8333333333333334,0.7857142857142857,1.0,0.8571428571428571,0.8181818181818182,0.88,0.7272727272727273,0.8036363636363637,0.6700593942604899,0.41769547325102885,0.9025974025974025,0.9419404125286479,50,50,50,50,50,50,50,50,50,50,50,50,5.952497243881226
euclidean_rigid_uniform_k11,euclidean,rigid,uniform,11,0.66,0.6241558441558441,0.7854545454545455,0.4628571428571428,0.7023999888999889,0.7333754296771262,0.4988272544449015,0.616101342061014,0.27018372254254824,0.22230486685032136,0.6935064935064936,0.788864575264308,0.10447290585336085,0.10962410557027473,0.15006604494186276,0.20318168921883498,0.08663306450960012,0.10028143156313865,0.1719109676321141,0.11911419354912152,0.228915788483448,0.04500484375521256,0.12030792457791077,0.07332486223389523,0.3888888888888889,0.3701298701298701,0.2727272727272727,0.0,0.5,0.4,0.0,0.37142857142857144,-0.2548235957188128,0.15518824609733697,0.33766233766233766,0.5856729055258467,0.9444444444444444,0.9545454545454546,1.0,1.0,1.0,0.9523809523809523,0.9333333333333333,0.9428571428571428,0.8918825850158447,0.3810835629017447,0.9545454545454546,0.9646464646464648,50,50,50,50,50,50,50,50,50,50,50,50,6.555502653121948
euclidean_rigid_uniform_k15,euclidean,rigid,uniform,15,0.6255555555555556,0.5715584415584415,0.8145454545454546,0.3285714285714285,0.6571440128498951,0.7203095344861933,0.3936646947823418,0.5569871146342676,0.17994429983999782,0.21212345679012345,0.7257142857142856,0.8265111434910899,0.09642775491195227,0.09371948016983372,0.15687967657705454,0.16642353500306215,0.062490064044336074,0.09483987319187775,0.15767776388847995,0.10618851684515496,0.22522046356939843,0.032026480230033294,0.11259746220870272,0.06406091487990018,0.3888888888888889,0.3701298701298701,0.2727272727272727,0.0,0.5,0.4,0.0,0.35714285714285715,-0.2548235957188128,0.15012345679012346,0.461038961038961,0.6654956154956155,0.8333333333333334,0.7857142857142857,1.0,0.8571428571428571,0.7857142857142857,0.88,0.7272727272727273,0.8036363636363637,0.6700593942604899,0.3046913580246914,0.948051948051948,0.9540731995277449,50,50,50,50,50,50,50,50,50,50,50,50,6.607274055480957
euclidean_rigid_uniform_k21,euclidean,rigid,uniform,21,0.6355555555555555,0.5724675324675325,0.8563636363636364,0.2885714285714286,0.6531564138475904,0.7341433902706765,0.35967948717948717,0.546911438725082,0.19127746956978342,0.2127261274880322,0.7149350649350649,0.8082711566508358,0.08705593143366405,0.0809483887021796,0.16640616060835275,0.16702308135191937,0.04905184609616519,0.09581471337730489,0.1772996531302949,0.10675303190926119,0.21965014529305774,0.022951195901791205,0.10563129919052888,0.0710748466619741,0.4444444444444444,0.44155844155844154,0.2727272727272727,0.0,0.5555555555555556,0.375,0.0,0.35714285714285715,-0.19347649748797374,0.17132779037540943,0.5,0.6858585858585858,0.8333333333333334,0.7857142857142857,1.0,0.7142857142857143,0.7857142857142857,0.88,0.7272727272727273,0.8036363636363637,0.6700593942604899,0.2729906777525825,0.961038961038961,0.9674931129476584,50,50,50,50,50,50,50,50,50,50,50,50,6.1864378452301025
euclidean_rigid_inverse_distance_k1,euclidean,rigid,inverse_distance,1,0.6344444444444445,0.6079220779220779,0.7272727272727273,0.48857142857142855,0.6963195693195695,0.7033583982760184,0.5004462400344752,0.6019023191552468,0.2284565273416219,0.3655555555555556,0.6079220779220779,0.6756125389761753,0.09854701535472171,0.10144784700881125,0.14577885922495876,0.18500650055555726,0.08351229843020729,0.09358869570551961,0.14678843783584383,0.10622025518043708,0.2157178512814967,0.09854701535472174,0.10144784700881126,0.060762787021970764,0.4444444444444444,0.38961038961038963,0.36363636363636365,0.14285714285714285,0.5384615384615384,0.5,0.16666666666666666,0.375,-0.24029618753167464,0.16666666666666666,0.38961038961038963,0.5648795648795649,0.8333333333333334,0.7922077922077921,1.0,0.8571428571428571,0.8888888888888888,0.88,0.75,0.8036363636363637,0.6700593942604899,0.5555555555555556,0.7922077922077922,0.813131313131313,50,50,50,50,50,50,50,50,50,50,50,50,5.230261325836182
euclidean_rigid_inverse_distance_k3,euclidean,rigid,inverse_distance,3,0.5977777777777777,0.5753246753246753,0.6763636363636364,0.47428571428571414,0.6693066378066379,0.6664360504314737,0.47107280301397947,0.5687544267227266,0.15663591516874067,0.24887214542644553,0.6957142857142858,0.8208854161287316,0.09087908068761674,0.08873435282796377,0.14596385785171034,0.1565985803530684,0.07016076322413016,0.09556779409770194,0.1247901255281447,0.09321163607823671,0.1834074334650841,0.06447546239298206,0.12219579435544108,0.07864815484792269,0.4444444444444444,0.38961038961038963,0.36363636363636365,0.14285714285714285,0.5384615384615384,0.4444444444444444,0.16666666666666666,0.375,-0.24029618753167464,0.13852108061292812,0.36363636363636365,0.5889430014430014,0.7777777777777778,0.7662337662337663,0.9090909090909091,0.7142857142857143,0.8181818181818182,0.8333333333333334,0.7142857142857143,0.7662337662337663,0.5324675324675324,0.38912805002225226,0.935064935064935,0.9715909090909091,50,50,50,50,50,50,50,50,50,50,50,50,6.240504503250122
euclidean_rigid_inverse_distance_k5,euclidean,rigid,inverse_distance,5,0.6177777777777778,0.5958441558441558,0.6945454545454544,0.4971428571428571,0.6875537305831423,0.6826882942257285,0.49320005604990125,0.5879441751378148,0.20364373595224833,0.23526872246519442,0.6942857142857144,0.8298786072810137,0.09366424439321859,0.09268605227561007,0.15558419877269547,0.17612611437054218,0.08194028586093804,0.09928565494638228,0.12695631454827155,0.0948373649168461,0.18924593122623193,0.05810660435758828,0.12339991689381351,0.08017235069158787,0.3333333333333333,0.2987012987012987,0.2727272727272727,0.14285714285714285,0.45454545454545453,0.35294117647058826,0.14285714285714285,0.2987012987012987,-0.4025974025974026,0.14390170387315054,0.40259740259740256,0.6012867109123794,0.7777777777777778,0.7922077922077921,1.0,0.8571428571428571,0.8888888888888888,0.8,0.75,0.775,0.5698028822981898,0.39201195981611453,0.922077922077922,0.9679144385026738,50,50,50,50,50,50,50,50,50,50,50,50,6.0435380935668945
euclidean_rigid_inverse_distance_k7,euclidean,rigid,inverse_distance,7,0.6144444444444445,0.5842857142857142,0.72,0.44857142857142845,0.6747711455211455,0.6901888003512717,0.4641376531964767,0.5771632267738742,0.1806945636666698,0.22885192211381924,0.6927272727272729,0.8327401413203553,0.09283339813082357,0.09387544271540489,0.14443053272163994,0.17319305721858877,0.07531320981386591,0.0905613507423352,0.14063772106151243,0.09877670993727526,0.19814249281008547,0.05193718063124635,0.11990268702348196,0.0751917737698835,0.3888888888888889,0.3701298701298701,0.36363636363636365,0.14285714285714285,0.5,0.4444444444444444,0.16666666666666666,0.37142857142857144,-0.2548235957188128,0.16080530628775544,0.4025974025974026,0.638189588189588,0.7777777777777778,0.7467532467532467,1.0,0.8571428571428571,0.875,0.8333333333333334,0.7058823529411765,0.75,0.5229975846277625,0.39253325448797877,0.8831168831168831,0.9494949494949495,50,50,50,50,50,50,50,50,50,50,50,50,5.822073936462402
euclidean_rigid_inverse_distance_k9,euclidean,rigid,inverse_distance,9,0.6466666666666667,0.6158441558441559,0.7545454545454545,0.4771428571428571,0.6975115440115439,0.7158890105429482,0.5007574735206314,0.6083232420317899,0.2500413231611772,0.2217723950013886,0.7116883116883117,0.8383609140413953,0.087488976377909,0.08524597184844213,0.15611448415806894,0.17222845457830321,0.066140536539465,0.09510216097309956,0.14040634796785262,0.09632088797554436,0.18195053898267063,0.04910646835785711,0.11704497436428574,0.07260667061323267,0.3888888888888889,0.3701298701298701,0.2727272727272727,0.0,0.5,0.4,0.0,0.37142857142857144,-0.2548235957188128,0.15789315608417412,0.38961038961038963,0.681846176699118,0.8333333333333334,0.7857142857142857,1.0,0.8571428571428571,0.8571428571428571,0.88,0.7272727272727273,0.8036363636363637,0.6700593942604899,0.4075291836727966,0.8961038961038961,0.9469354175236528,50,50,50,50,50,50,50,50,50,50,50,50,6.152095556259155
euclidean_rigid_inverse_distance_k11,euclidean,rigid,inverse_distance,11,0.6533333333333333,0.6166233766233765,0.7818181818181819,0.4514285714285714,0.6958861138861139,0.7280794091942165,0.48820075246391026,0.6081400808290635,0.2547750979196313,0.22151162616398054,0.7057142857142857,0.8356874909107529,0.09948215629201522,0.10280503168225734,0.15145329597000778,0.19438172897617398,0.07869851638226853,0.09886667628110896,0.1669161577636023,0.11408322961198167,0.2183976735578709,0.04536052522112425,0.12461153284514065,0.07614113345358722,0.3888888888888889,0.3701298701298701,0.2727272727272727,0.0,0.5,0.4,0.0,0.37142857142857144,-0.2548235957188128,0.15638046759458024,0.36363636363636365,0.6252083700613112,0.8888888888888888,0.8831168831168831,1.0,0.8571428571428571,0.9090909090909091,0.9090909090909091,0.8571428571428571,0.8831168831168831,0.7662337662337663,0.37862179968265736,0.9870129870129871,0.9924242424242424,50,50,50,50,50,50,50,50,50,50,50,50,6.13919997215271
euclidean_rigid_inverse_distance_k15,euclidean,rigid,inverse_distance,15,0.6322222222222222,0.5842857142857142,0.8,0.3685714285714285,0.6667968485762604,0.7208362901781665,0.4311161877338347,0.5759762389560008,0.20324346325839468,0.21268966762788388,0.7314285714285715,0.8515937651178294,0.09647999804454671,0.09362761613687913,0.15033554419208087,0.15566492918795824,0.06529786705574,0.09412389824153226,0.1391881691304006,0.10110879270830675,0.215178087889038,0.03420600401368309,0.11932946581432884,0.06869363698244817,0.3888888888888889,0.3701298701298701,0.2727272727272727,0.14285714285714285,0.5,0.4,0.16666666666666666,0.37142857142857144,-0.2548235957188128,0.15193403436087055,0.45454545454545453,0.6966646989374263,0.7777777777777778,0.7402597402597402,1.0,0.8571428571428571,0.7777777777777778,0.8461538461538461,0.6666666666666666,0.75,0.5606119105813882,0.31263293467592795,0.935064935064935,0.9585576040121494,50,50,50,50,50,50,50,50,50,50,50,50,6.215941905975342
euclidean_rigid_inverse_distance_k21,euclidean,rigid,inverse_distance,21,0.6422222222222221,0.5836363636363636,0.8472727272727272,0.32,0.6599373077902488,0.7354673488305066,0.3983728036669213,0.5669200762487141,0.21932828211136582,0.21151906613449584,0.7275324675324676,0.8453428012866516,0.10296682374747211,0.09683676979486695,0.1707582328716218,0.1621389719676833,0.058887598911984335,0.10476750018927822,0.1718412998124713,0.11592290017317064,0.250343901715176,0.025659201069305658,0.11142511780944495,0.06675821226381981,0.4444444444444444,0.36363636363636365,0.2727272727272727,0.0,0.5333333333333333,0.375,0.0,0.3076923076923077,-0.3567530340063379,0.1650983420023602,0.5064935064935066,0.7111108885173056,0.8333333333333334,0.7857142857142857,1.0,0.7142857142857143,0.7857142857142857,0.88,0.7272727272727273,0.8036363636363637,0.6700593942604899,0.2729775466636749,0.948051948051948,0.9722550177095631,50,50,50,50,50,50,50,50,50,50,50,50,6.188294410705566
euclidean_fuzzy_confidence_uniform_k1,euclidean,fuzzy_confidence,uniform,1,0.6344444444444445,0.6079220779220779,0.7272727272727273,0.48857142857142855,0.6963195693195695,0.7033583982760184,0.5004462400344752,0.6019023191552468,0.2284565273416219,0.3655555555555556,0.6079220779220779,0.6756125389761753,0.09854701535472171,0.10144784700881125,0.14577885922495876,0.18500650055555726,0.08351229843020729,0.09358869570551961,0.14678843783584383,0.10622025518043708,0.2157178512814967,0.09854701535472174,0.10144784700881126,0.060762787021970764,0.4444444444444444,0.38961038961038963,0.36363636363636365,0.14285714285714285,0.5384615384615384,0.5,0.16666666666666666,0.375,-0.24029618753167464,0.16666666666666666,0.38961038961038963,0.5648795648795649,0.8333333333333334,0.7922077922077921,1.0,0.8571428571428571,0.8888888888888888,0.88,0.75,0.8036363636363637,0.6700593942604899,0.5555555555555556,0.7922077922077922,0.813131313131313,50,50,50,50,50,50,50,50,50,50,50,50,5.769390821456909
euclidean_fuzzy_confidence_uniform_k3,euclidean,fuzzy_confidence,uniform,3,0.6122222222222222,0.5845454545454546,0.7090909090909092,0.46,0.6749011250187721,0.6849155693530978,0.4713403524579995,0.5781279609055487,0.17911773160680342,0.2609541026287058,0.6655844155844157,0.7988429400367905,0.10194011155657666,0.10138505768824943,0.15256285875936015,0.17145286513965893,0.07998860782693869,0.09948272028100943,0.14763546914291484,0.10771202887851714,0.21835441634001992,0.06860608622013978,0.11703210753236148,0.07446536515142942,0.3888888888888889,0.3701298701298701,0.36363636363636365,0.0,0.5,0.4444444444444444,0.0,0.35714285714285715,-0.2548235957188128,0.15011145404663923,0.3701298701298701,0.6149531024531025,0.7777777777777778,0.7662337662337663,1.0,0.8571428571428571,0.8571428571428571,0.8461538461538461,0.7142857142857143,0.7662337662337663,0.5606119105813882,0.43538289801517316,0.8766233766233765,0.9096393802276155,50,50,50,50,50,50,50,50,50,50,50,50,6.068780899047852
euclidean_fuzzy_confidence_uniform_k5,euclidean,fuzzy_confidence,uniform,5,0.5866666666666667,0.5698701298701297,0.6454545454545453,0.49428571428571433,0.6722156715833186,0.6497883908785511,0.47029904409316176,0.5600437174858564,0.14473900954568453,0.24245947665528753,0.6696103896103897,0.8127990384541185,0.1209686278302073,0.12491583833438177,0.1635023157404438,0.21053075468259258,0.11602871002064434,0.11759047514647367,0.16503229584889645,0.12519802383969836,0.2570152777034313,0.06137780114695022,0.11909761296752389,0.07788993932785993,0.2777777777777778,0.2532467532467533,0.2727272727272727,0.0,0.375,0.3157894736842105,0.0,0.2571428571428571,-0.48416483186574427,0.12544225130513842,0.37662337662337664,0.5944361194361194,0.8333333333333334,0.8116883116883117,1.0,0.8571428571428571,0.8888888888888888,0.8695652173913043,0.7692307692307693,0.8193979933110368,0.6446583712203042,0.42937154439922504,0.9220779220779219,0.9596499756927565,50,50,50,50,50,50,50,50,50,50,50,50,6.181295394897461
euclidean_fuzzy_confidence_uniform_k7,euclidean,fuzzy_confidence,uniform,7,0.5988888888888888,0.573116883116883,0.6890909090909091,0.4571428571428571,0.6697424242424241,0.6717531406469621,0.4585644649468179,0.56515880279689,0.15758102189832893,0.23663569562341535,0.6683116883116884,0.8100967119630222,0.10956405977673236,0.11241580695678965,0.15594152802225586,0.1957482254413355,0.09838914693756384,0.10487011468668472,0.151646698467326,0.11280008902176966,0.23309155777988821,0.055469257303839496,0.11104512191072743,0.07610495141556778,0.2777777777777778,0.2532467532467533,0.36363636363636365,0.14285714285714285,0.4,0.38095238095238093,0.13333333333333333,0.2571428571428571,-0.48416483186574427,0.1436351356558582,0.33116883116883117,0.6152003225532637,0.8333333333333334,0.8181818181818181,1.0,1.0,1.0,0.8695652173913043,0.7777777777777778,0.8193979933110368,0.6446583712203042,0.4294894911880017,0.8896103896103896,0.9472910927456382,50,50,50,50,50,50,50,50,50,50,50,50,6.209200620651245
euclidean_fuzzy_confidence_uniform_k9,euclidean,fuzzy_confidence,uniform,9,0.6377777777777778,0.6080519480519482,0.7418181818181818,0.47428571428571425,0.6908333333333333,0.7085072974095591,0.49108833959298354,0.5997978185012713,0.22969319599345683,0.223674747719318,0.6922077922077922,0.813475147401618,0.08925660901275903,0.08884832509708071,0.1507388896472406,0.17422404873806566,0.07498160854188694,0.09498619929207015,0.14410307338447095,0.0983674774498886,0.18372277528099268,0.05119382711457113,0.11817905123703958,0.07448608274200762,0.3888888888888889,0.42207792207792205,0.2727272727272727,0.0,0.5,0.35294117647058826,0.0,0.3793103448275862,-0.16116459280507606,0.1397254173168479,0.39610389610389607,0.6668871384112027,0.7777777777777778,0.7922077922077921,1.0,0.8571428571428571,0.8888888888888888,0.8461538461538461,0.75,0.775,0.5698028822981898,0.4227930873000666,0.9155844155844155,0.9488390397481307,50,50,50,50,50,50,50,50,50,50,50,50,6.076003074645996
euclidean_fuzzy_confidence_uniform_k11,euclidean,fuzzy_confidence,uniform,11,0.6455555555555554,0.6128571428571429,0.76,0.46571428571428564,0.69525216286981,0.7183592140080496,0.4931364260094909,0.6057478200087704,0.24344234246349397,0.2235911067325188,0.6874025974025973,0.8057448405723807,0.10156869869352364,0.10419293999651094,0.15229730092747062,0.1910317456952908,0.08316487911746194,0.09684634385622809,0.1626372528145278,0.1134573410414567,0.2305952390505386,0.04523860823775023,0.1211348639357029,0.07471964463661979,0.3888888888888889,0.3701298701298701,0.36363636363636365,0.0,0.5,0.47058823529411764,0.0,0.35714285714285715,-0.2548235957188128,0.14794328036109117,0.38961038961038963,0.6217648438905123,0.8333333333333334,0.7922077922077921,1.0,0.8571428571428571,0.8888888888888888,0.88,0.75,0.8036363636363637,0.6700593942604899,0.3816071555397966,0.9285714285714285,0.9530630985176439,50,50,50,50,50,50,50,50,50,50,50,50,6.2133629322052
euclidean_fuzzy_confidence_uniform_k15,euclidean,fuzzy_confidence,uniform,15,0.6477777777777777,0.6042857142857143,0.7999999999999998,0.4085714285714285,0.6788423504599974,0.7286404382209873,0.4670520688461864,0.597846253533587,0.2383844244691115,0.2096747998370834,0.7275324675324676,0.8435881524892221,0.11258098062411219,0.11022508436009688,0.16220774021814022,0.16831477224910416,0.07681544748974965,0.10917916013061227,0.16596170859816703,0.12209975219648869,0.24906466125616059,0.033821896512122834,0.1186221021328016,0.07043358960272003,0.3888888888888889,0.3701298701298701,0.2727272727272727,0.0,0.5,0.375,0.0,0.35714285714285715,-0.2548235957188128,0.15042951663336301,0.4155844155844156,0.6786877560941732,0.8333333333333334,0.8376623376623377,1.0,0.8571428571428571,0.9,0.88,0.8,0.8285714285714285,0.6700593942604899,0.2930469042644002,0.9480519480519481,0.9649678604224059,50,50,50,50,50,50,50,50,50,50,50,50,5.777499675750732
euclidean_fuzzy_confidence_uniform_k21,euclidean,fuzzy_confidence,uniform,21,0.6444444444444444,0.6072727272727273,0.7745454545454545,0.43999999999999995,0.6856158906453025,0.7192240307958842,0.4794995102936279,0.5993617705447563,0.24326370693082208,0.2096658506828593,0.7296103896103895,0.8383021470508102,0.10647942749998998,0.10386495690026683,0.17056057308448835,0.18217072330139913,0.07826977214055168,0.10912917810973902,0.15533352840878548,0.11312929982805667,0.22623324881066698,0.026539640489740116,0.10329604079046224,0.06560136707876477,0.4444444444444444,0.41558441558441556,0.2727272727272727,0.14285714285714285,0.5454545454545454,0.375,0.2,0.41558441558441556,-0.16883116883116883,0.1549115151900138,0.4935064935064935,0.7095154845154846,0.8888888888888888,0.8571428571428572,1.0,0.8571428571428571,0.8571428571428571,0.9166666666666666,0.8333333333333334,0.875,0.7774288420142416,0.27136776281115804,0.9935064935064936,0.9924242424242425,50,50,50,50,50,50,50,50,50,50,50,50,5.573735952377319
euclidean_fuzzy_confidence_inverse_distance_k1,euclidean,fuzzy_confidence,inverse_distance,1,0.6344444444444445,0.6079220779220779,0.7272727272727273,0.48857142857142855,0.6963195693195695,0.7033583982760184,0.5004462400344752,0.6019023191552468,0.2284565273416219,0.3655555555555556,0.6079220779220779,0.6756125389761753,0.09854701535472171,0.10144784700881125,0.14577885922495876,0.18500650055555726,0.08351229843020729,0.09358869570551961,0.14678843783584383,0.10622025518043708,0.2157178512814967,0.09854701535472174,0.10144784700881126,0.060762787021970764,0.4444444444444444,0.38961038961038963,0.36363636363636365,0.14285714285714285,0.5384615384615384,0.5,0.16666666666666666,0.375,-0.24029618753167464,0.16666666666666666,0.38961038961038963,0.5648795648795649,0.8333333333333334,0.7922077922077921,1.0,0.8571428571428571,0.8888888888888888,0.88,0.75,0.8036363636363637,0.6700593942604899,0.5555555555555556,0.7922077922077922,0.813131313131313,50,50,50,50,50,50,50,50,50,50,50,50,6.160760879516602
euclidean_fuzzy_confidence_inverse_distance_k3,euclidean,fuzzy_confidence,inverse_distance,3,0.6266666666666666,0.6083116883116884,0.6909090909090908,0.5257142857142857,0.6986217116217116,0.6869763475612446,0.5174426227367404,0.6022094851489925,0.2274681539952184,0.26114937231574287,0.67,0.8057969088249837,0.09526454659126132,0.09274990610668843,0.15256285875936015,0.16183042940080825,0.08586821187919821,0.09837721243443573,0.11900610903929461,0.09501631768668271,0.19638483287936068,0.0675198706326519,0.1191124240322019,0.07610675639437395,0.4444444444444444,0.43506493506493504,0.36363636363636365,0.14285714285714285,0.5555555555555556,0.4444444444444444,0.18181818181818182,0.4109090909090909,-0.15228622596829317,0.16217852113471876,0.37662337662337664,0.6154193029193029,0.7777777777777778,0.8181818181818181,1.0,1.0,1.0,0.8461538461538461,0.7777777777777778,0.7777777777777778,0.6363636363636364,0.42616344048639404,0.8831168831168831,0.9139683845566198,50,50,50,50,50,50,50,50,50,50,50,50,6.214370489120483
euclidean_fuzzy_confidence_inverse_distance_k5,euclidean,fuzzy_confidence,inverse_distance,5,0.5966666666666666,0.5837662337662338,0.6418181818181818,0.5257142857142857,0.6838847525023994,0.6530902738308042,0.4932987255262796,0.5731944996785419,0.17103290264906978,0.24357593991071455,0.667012987012987,0.8193550365261596,0.11707896050613568,0.11901528767690649,0.16571550705896868,0.20087273141819237,0.11273799728003642,0.11952247029414369,0.15432824810400983,0.12009540749698328,0.24144867724316327,0.06154209108517398,0.11796798997873048,0.0773111590930721,0.2777777777777778,0.2532467532467533,0.2727272727272727,0.0,0.4,0.3333333333333333,0.0,0.2571428571428571,-0.48416483186574427,0.12064646000479379,0.38961038961038963,0.6046289569016842,0.8333333333333334,0.8116883116883117,0.9090909090909091,0.8571428571428571,0.8888888888888888,0.8695652173913043,0.7692307692307693,0.8193979933110368,0.6446583712203042,0.42451703693238274,0.935064935064935,0.9715909090909091,50,50,50,50,50,50,50,50,50,50,50,50,6.236677885055542
euclidean_fuzzy_confidence_inverse_distance_k7,euclidean,fuzzy_confidence,inverse_distance,7,0.5844444444444444,0.5607792207792207,0.6672727272727274,0.45428571428571424,0.6614439449439449,0.6556363920211544,0.448840662949022,0.5522385274850883,0.1329591709994191,0.23665221207223092,0.6646753246753246,0.8190011798955649,0.10953531110530867,0.11087388513471394,0.16284077881290046,0.1950875240094984,0.10044412477453196,0.10801314631864047,0.14709328317231884,0.11055352495836433,0.23261243739473483,0.05519352465960628,0.11278988808669632,0.07363950544016268,0.2777777777777778,0.2532467532467533,0.2727272727272727,0.14285714285714285,0.4,0.35294117647058826,0.13333333333333333,0.2571428571428571,-0.48416483186574427,0.1362798354476169,0.36363636363636365,0.6278400892037255,0.8333333333333334,0.8116883116883117,1.0,1.0,1.0,0.8695652173913043,0.7692307692307693,0.8193979933110368,0.6446583712203042,0.4256034619753295,0.8831168831168832,0.9472910927456382,50,50,50,50,50,50,50,50,50,50,50,50,6.204802513122559
euclidean_fuzzy_confidence_inverse_distance_k9,euclidean,fuzzy_confidence,inverse_distance,9,0.6244444444444445,0.6002597402597403,0.7090909090909091,0.4914285714285713,0.6885821466115584,0.6924594301268145,0.49413067307649344,0.5932950516016541,0.21015308049625736,0.2245798094674459,0.6914285714285714,0.8291570512078533,0.09225486404266914,0.09340373362296965,0.1422655993519912,0.17113677790397247,0.07954089491227241,0.09406982654662663,0.13667806016057543,0.0984863164199406,0.1922382548489866,0.05098729560255341,0.12147699909232546,0.07264376609063937,0.3888888888888889,0.42207792207792205,0.2727272727272727,0.14285714285714285,0.5,0.35294117647058826,0.2,0.38699690402476783,-0.16116459280507606,0.1349946276133401,0.38961038961038963,0.6638588609845295,0.7777777777777778,0.7662337662337663,1.0,0.8571428571428571,0.875,0.8333333333333334,0.7142857142857143,0.7662337662337663,0.5324675324675324,0.4201436923797555,0.922077922077922,0.9562770562770564,50,50,50,50,50,50,50,50,50,50,50,50,4.926682710647583
euclidean_fuzzy_confidence_inverse_distance_k11,euclidean,fuzzy_confidence,inverse_distance,11,0.6277777777777778,0.6024675324675326,0.7163636363636365,0.4885714285714285,0.6910197025197025,0.6953887449587945,0.49573155413557884,0.5955601495471867,0.21835641603860537,0.22370112308916634,0.6997402597402598,0.8318918729814452,0.0999180818413823,0.10066785907472618,0.15436527748679094,0.18274139922876437,0.0848684989040255,0.1011644315802268,0.14142037075460923,0.10496524688681519,0.21391849059027757,0.04570816068210878,0.11973836821738539,0.0720398886394975,0.3888888888888889,0.3701298701298701,0.2727272727272727,0.14285714285714285,0.5,0.375,0.16666666666666666,0.37142857142857144,-0.2548235957188128,0.14153826441429365,0.40259740259740256,0.641461813587482,0.7777777777777778,0.7922077922077921,1.0,0.8571428571428571,0.8888888888888888,0.8461538461538461,0.75,0.775,0.5698028822981898,0.3857822720726058,0.9350649350649349,0.963164108618654,50,50,50,50,50,50,50,50,50,50,50,50,6.162710189819336
euclidean_fuzzy_confidence_inverse_distance_k15,euclidean,fuzzy_confidence,inverse_distance,15,0.6466666666666667,0.6116883116883117,0.7690909090909089,0.45428571428571424,0.689099123099123,0.7201207513056482,0.4950696068637244,0.6075951790846864,0.24961794194304412,0.21184258021462854,0.7301298701298701,0.8488907365658704,0.10633736015520143,0.10246160498318424,0.16138421306522646,0.159888549271844,0.07445702638919745,0.10361258019291747,0.14240910313618657,0.10944330490820502,0.2243162362511544,0.03569800967399964,0.12231650786694365,0.06991032610346264,0.3888888888888889,0.3701298701298701,0.36363636363636365,0.14285714285714285,0.5,0.47619047619047616,0.18181818181818182,0.37142857142857144,-0.2548235957188128,0.15107219071146535,0.4025974025974026,0.676909201909202,0.8333333333333334,0.8116883116883117,1.0,0.8571428571428571,0.8333333333333334,0.88,0.7692307692307693,0.8193979933110368,0.6700593942604899,0.30634464184857746,0.948051948051948,0.9686586141131595,50,50,50,50,50,50,50,50,50,50,50,50,6.503044128417969
euclidean_fuzzy_confidence_inverse_distance_k21,euclidean,fuzzy_confidence,inverse_distance,21,0.6466666666666667,0.6111688311688311,0.7709090909090908,0.4514285714285714,0.6880153800447917,0.7192155029119087,0.4906317756890512,0.6049236393004801,0.2534439407007495,0.21011768995544267,0.7361038961038964,0.8495811447910379,0.10983392947305519,0.10510363736676022,0.1754352705534367,0.1740326988190028,0.07785189831720254,0.11068179232008311,0.1478211357508527,0.11243092184714264,0.22970796958855794,0.028789410276891084,0.11210113610551808,0.06674808459200321,0.3888888888888889,0.3701298701298701,0.36363636363636365,0.14285714285714285,0.5,0.4444444444444444,0.18181818181818182,0.37142857142857144,-0.2548235957188128,0.14946995189062418,0.4675324675324675,0.6980633003360277,0.8333333333333334,0.8376623376623377,1.0,0.8571428571428571,0.9,0.88,0.8,0.8285714285714285,0.6700593942604899,0.27468596970881487,0.9870129870129871,0.9924242424242424,50,50,50,50,50,50,50,50,50,50,50,50,6.182518720626831
manhattan_rigid_uniform_k1,manhattan,rigid,uniform,1,0.6644444444444444,0.6355844155844155,0.7654545454545456,0.5057142857142857,0.7121893661893662,0.7318621464305675,0.5319869999281763,0.6319245731793719,0.2865770315075242,0.3355555555555555,0.6355844155844156,0.692974939202212,0.10704581142912613,0.11034392032418525,0.14118262994246164,0.18072462778228943,0.08397384343500748,0.0961476806445627,0.16142353731539782,0.11816757567243047,0.23493630633024237,0.10704581142912613,0.11034392032418527,0.06995680762820661,0.4444444444444444,0.41558441558441556,0.36363636363636365,0.14285714285714285,0.5454545454545454,0.4444444444444444,0.2,0.41558441558441556,-0.16883116883116883,0.1111111111111111,0.41558441558441556,0.5752984389348026,0.8888888888888888,0.8571428571428572,1.0,0.8571428571428571,0.875,0.9166666666666666,0.8333333333333334,0.875,0.7774288420142416,0.5555555555555556,0.8571428571428572,0.8461538461538461,50,50,50,50,50,50,50,50,50,50,50,50,6.1380345821380615
manhattan_rigid_uniform_k3,manhattan,rigid,uniform,3,0.6122222222222221,0.5855844155844155,0.7054545454545453,0.46571428571428564,0.6732657342657343,0.6843976685235266,0.4814074291721351,0.5829025488478308,0.18220375848366213,0.24901234567901234,0.6742857142857142,0.765107219281016,0.09152139247698969,0.08638241636831069,0.13934284240001724,0.125173765103638,0.06640410543449879,0.09230257197994171,0.10917702395075798,0.09014143100134227,0.18509313057803525,0.06925189565316588,0.12587521159939213,0.08656301657546817,0.3888888888888889,0.38961038961038963,0.36363636363636365,0.14285714285714285,0.5,0.42105263157894735,0.16666666666666666,0.375,-0.24029618753167464,0.1234567901234568,0.34415584415584416,0.560308972073678,0.8333333333333334,0.7857142857142857,1.0,0.7142857142857143,0.8,0.88,0.7272727272727273,0.8036363636363637,0.6700593942604899,0.4567901234567901,0.9285714285714286,0.9646464646464646,50,50,50,50,50,50,50,50,50,50,50,50,6.188203573226929
manhattan_rigid_uniform_k5,manhattan,rigid,uniform,5,0.6088888888888889,0.5776623376623377,0.7181818181818181,0.43714285714285706,0.6682494172494172,0.6874164662356881,0.4582143346849229,0.5728154004603055,0.16514945173136003,0.2360888888888889,0.682987012987013,0.7995788382740254,0.09046226570650796,0.09036755140564762,0.13276005389779788,0.151103121309492,0.0699257600609958,0.08636085637473723,0.13202249126211557,0.09577330517926189,0.19193629107463347,0.05751301626203032,0.11649736090120892,0.07718459774723439,0.3888888888888889,0.3701298701298701,0.36363636363636365,0.14285714285714285,0.5,0.42105263157894735,0.18181818181818182,0.37142857142857144,-0.2548235957188128,0.14444444444444446,0.4025974025974026,0.5984048631107455,0.8888888888888888,0.8571428571428572,1.0,0.8571428571428571,0.8571428571428571,0.9166666666666666,0.8333333333333334,0.875,0.7774288420142416,0.39777777777777784,0.8961038961038961,0.9259563965446318,50,50,50,50,50,50,50,50,50,50,50,50,6.144867897033691
manhattan_rigid_uniform_k7,manhattan,rigid,uniform,7,0.6133333333333333,0.5766233766233766,0.7418181818181818,0.41142857142857137,0.6667660950160951,0.6977445242273618,0.4415406456288809,0.5696425849281214,0.16415354141900412,0.22859410430839003,0.6894805194805194,0.8030941861169135,0.08976327311491232,0.09349434500108804,0.12639506556463834,0.16739670738293777,0.0728959708468628,0.08187214609268245,0.14640625604808136,0.09999725181548476,0.1996680117444274,0.049698999090411,0.10475961392034865,0.06050435934320934,0.3333333333333333,0.2987012987012987,0.36363636363636365,0.0,0.45454545454545453,0.42105263157894735,0.0,0.2987012987012987,-0.4025974025974026,0.1598639455782313,0.3961038961038961,0.6698930896791859,0.7777777777777778,0.7662337662337663,1.0,0.7142857142857143,0.8181818181818182,0.8461538461538461,0.7142857142857143,0.7662337662337663,0.5606119105813882,0.41496598639455784,0.8571428571428572,0.9058653764536118,50,50,50,50,50,50,50,50,50,50,50,50,6.153590679168701
manhattan_rigid_uniform_k9,manhattan,rigid,uniform,9,0.6355555555555555,0.5948051948051948,0.7781818181818181,0.41142857142857137,0.6802994276964865,0.7198329023185128,0.4528678133012498,0.5863503578098813,0.20950942757695082,0.21943758573388203,0.7048051948051948,0.8050664676974837,0.0912939926637994,0.09748649094931094,0.1300777561095991,0.1862405640253034,0.07678486178047396,0.07904329616338585,0.15962240310212142,0.10543457346668793,0.21198549655608406,0.045142488166039454,0.11949845162106591,0.07330030073507543,0.3333333333333333,0.2987012987012987,0.45454545454545453,0.0,0.45454545454545453,0.45454545454545453,0.0,0.2987012987012987,-0.4025974025974026,0.1440329218106996,0.40909090909090906,0.6224747474747475,0.8888888888888888,0.8571428571428572,1.0,0.8571428571428571,0.8888888888888888,0.9166666666666666,0.8333333333333334,0.875,0.7774288420142416,0.36625514403292186,0.948051948051948,0.9440559440559442,50,50,50,50,50,50,50,50,50,50,50,50,6.195117473602295
manhattan_rigid_uniform_k11,manhattan,rigid,uniform,11,0.6522222222222221,0.6136363636363636,0.787272727272727,0.43999999999999995,0.6930227060521179,0.7288237449961236,0.48179388155703945,0.6053088132765815,0.2557284017712292,0.21277318640955006,0.7219480519480519,0.80899439033931,0.09310440556223426,0.09516603503115018,0.1521310918842532,0.18890508514948792,0.07557948241405366,0.09292674111291269,0.14768196839271494,0.10184119001843313,0.19912927864969038,0.040971956623064874,0.1206128855854736,0.07590251062113916,0.3888888888888889,0.3701298701298701,0.36363636363636365,0.14285714285714285,0.5,0.47058823529411764,0.18181818181818182,0.37142857142857144,-0.2548235957188128,0.14600550964187328,0.4025974025974026,0.6532976827094475,0.8888888888888888,0.8831168831168831,1.0,0.8571428571428571,0.9090909090909091,0.9090909090909091,0.8571428571428571,0.8831168831168831,0.7662337662337663,0.3337924701561066,0.9415584415584416,0.9513855128828391,50,50,50,50,50,50,50,50,50,50,50,50,6.147106170654297
manhattan_rigid_uniform_k15,manhattan,rigid,uniform,15,0.6744444444444444,0.6209090909090909,0.8618181818181817,0.37999999999999995,0.6884720557220557,0.7596766933656022,0.46486093129436773,0.6122688123299851,0.30049620723029824,0.20136296296296294,0.7670129870129869,0.8446389328140664,0.09458106698114858,0.09489111268980388,0.1437281592961758,0.1673220489205684,0.06731349673742774,0.0841869078307328,0.15663538163900484,0.10661001420310937,0.22312602797305514,0.030844185600954446,0.1105464967697562,0.06744592570307499,0.3888888888888889,0.3701298701298701,0.45454545454545453,0.0,0.5,0.47619047619047616,0.0,0.37142857142857144,-0.2548235957188128,0.15308641975308643,0.487012987012987,0.6866373822256175,0.8333333333333334,0.8116883116883117,1.0,0.8571428571428571,0.8333333333333334,0.88,0.7692307692307693,0.8193979933110368,0.6700593942604899,0.28370370370370374,0.961038961038961,0.9671717171717171,50,50,50,50,50,50,50,50,50,50,50,50,6.1601481437683105
manhattan_rigid_uniform_k21,manhattan,rigid,uniform,21,0.6466666666666667,0.5820779220779221,0.8727272727272727,0.2914285714285714,0.6622204135733547,0.7448408356039539,0.36444289044289035,0.5546418630234222,0.222306726869338,0.2106273620559335,0.7307792207792206,0.8117323563246024,0.08381192877742276,0.084408040601576,0.1569226749817477,0.18916947308173823,0.05465481517636515,0.08855841248262723,0.1844407458740504,0.10913714498445576,0.2177681024643673,0.023316364840734575,0.10749634481642215,0.0773437669954698,0.4444444444444444,0.4090909090909091,0.2727272727272727,0.0,0.5625,0.4,0.0,0.3333333333333333,-0.2820380374088831,0.16313932980599646,0.525974025974026,0.6351517169698987,0.8333333333333334,0.7857142857142857,1.0,0.8571428571428571,0.7857142857142857,0.88,0.7272727272727273,0.8036363636363637,0.6700593942604899,0.2632905013857394,0.974025974025974,0.972027972027972,50,50,50,50,50,50,50,50,50,50,50,50,6.196489334106445
manhattan_rigid_inverse_distance_k1,manhattan,rigid,inverse_distance,1,0.6644444444444444,0.6355844155844155,0.7654545454545456,0.5057142857142857,0.7121893661893662,0.7318621464305675,0.5319869999281763,0.6319245731793719,0.2865770315075242,0.3355555555555555,0.6355844155844156,0.692974939202212,0.10704581142912613,0.11034392032418525,0.14118262994246164,0.18072462778228943,0.08397384343500748,0.0961476806445627,0.16142353731539782,0.11816757567243047,0.23493630633024237,0.10704581142912613,0.11034392032418527,0.06995680762820661,0.4444444444444444,0.41558441558441556,0.36363636363636365,0.14285714285714285,0.5454545454545454,0.4444444444444444,0.2,0.41558441558441556,-0.16883116883116883,0.1111111111111111,0.41558441558441556,0.5752984389348026,0.8888888888888888,0.8571428571428572,1.0,0.8571428571428571,0.875,0.9166666666666666,0.8333333333333334,0.875,0.7774288420142416,0.5555555555555556,0.8571428571428572,0.8461538461538461,50,50,50,50,50,50,50,50,50,50,50,50,6.205907821655273
manhattan_rigid_inverse_distance_k3,manhattan,rigid,inverse_distance,3,0.611111111111111,0.5841558441558442,0.7054545454545453,0.4628571428571428,0.6720536130536131,0.6837652574563329,0.4792096269743329,0.5814874422153329,0.17945302436573768,0.24819437396999125,0.6935064935064936,0.8039279868972382,0.0911835340720322,0.08589560691258404,0.13934284240001724,0.1243391527487985,0.06594974682644254,0.09211094363757523,0.10843139074775421,0.08963093004387342,0.18434697348816245,0.06964743080972195,0.13066283385275704,0.08964583991755665,0.3888888888888889,0.38961038961038963,0.36363636363636365,0.14285714285714285,0.5,0.42105263157894735,0.16666666666666666,0.375,-0.24029618753167464,0.12476745498626614,0.3246753246753247,0.5783004799716029,0.8333333333333334,0.7857142857142857,1.0,0.7142857142857143,0.8,0.88,0.7272727272727273,0.8036363636363637,0.6700593942604899,0.4575847382254121,0.948051948051948,0.9757575757575757,50,50,50,50,50,50,50,50,50,50,50,50,4.862070322036743
manhattan_rigid_inverse_distance_k5,manhattan,rigid,inverse_distance,5,0.6055555555555556,0.5723376623376624,0.7218181818181819,0.42285714285714276,0.6628066933066934,0.6864337789509414,0.44891192467663055,0.567672851813786,0.1559671986884904,0.23405434653180499,0.6915584415584415,0.833750728920515,0.08566282994017024,0.08326097783240055,0.13296316750502804,0.1382944844579381,0.06450217990899339,0.0843797643170063,0.12103779699741189,0.0886422839808626,0.17995715070295965,0.05702941649261541,0.1249481427330604,0.08218264632583949,0.3888888888888889,0.3701298701298701,0.36363636363636365,0.14285714285714285,0.5,0.42105263157894735,0.18181818181818182,0.37142857142857144,-0.2548235957188128,0.14173129035638338,0.38961038961038963,0.6002257768968999,0.8333333333333334,0.7857142857142857,1.0,0.8571428571428571,0.8571428571428571,0.88,0.7272727272727273,0.8036363636363637,0.6700593942604899,0.3831761917350729,0.935064935064935,0.9715909090909091,50,50,50,50,50,50,50,50,50,50,50,50,6.223753452301025
manhattan_rigid_inverse_distance_k7,manhattan,rigid,inverse_distance,7,0.611111111111111,0.5742857142857144,0.74,0.4085714285714285,0.6649634532134533,0.6957700425686695,0.4387540694599518,0.5672620560143107,0.15969188786013103,0.22674583378730567,0.7041558441558442,0.8442927089250618,0.08979133729352984,0.09284004335281934,0.12857798750159846,0.16582182094507655,0.07207631246105763,0.0826796535637201,0.14482542905162307,0.09925067216000537,0.19890503395902542,0.04987298988763383,0.1138635795879985,0.06661828387159943,0.3333333333333333,0.2987012987012987,0.36363636363636365,0.0,0.45454545454545453,0.42105263157894735,0.0,0.2987012987012987,-0.4025974025974026,0.15845968867685595,0.38961038961038963,0.6782386730916142,0.7777777777777778,0.7662337662337663,1.0,0.7142857142857143,0.8181818181818182,0.8461538461538461,0.7142857142857143,0.7662337662337663,0.5606119105813882,0.400841623829878,0.8961038961038962,0.9563820018365473,50,50,50,50,50,50,50,50,50,50,50,50,5.937790870666504
manhattan_rigid_inverse_distance_k9,manhattan,rigid,inverse_distance,9,0.6311111111111111,0.5906493506493508,0.7727272727272727,0.4085714285714285,0.6769382333352921,0.7156279536439989,0.44915119658463304,0.582389575114316,0.20157744530881863,0.21890009941151325,0.7189610389610389,0.8504194341012521,0.087488976377909,0.0919814829741801,0.1314834852682895,0.17793765082234542,0.07336677314922704,0.07834898038472878,0.14802149005264298,0.09818140477297205,0.19836041738207355,0.045923171105057295,0.12011493377821553,0.06932454240350494,0.3333333333333333,0.2987012987012987,0.45454545454545453,0.0,0.45454545454545453,0.45454545454545453,0.0,0.2987012987012987,-0.4025974025974026,0.14446604832902174,0.44155844155844154,0.7016721840251252,0.8333333333333334,0.8116883116883117,1.0,0.8571428571428571,0.8333333333333334,0.8695652173913043,0.7692307692307693,0.8193979933110368,0.6446583712203042,0.36289679605632474,0.935064935064935,0.9646464646464648,50,50,50,50,50,50,50,50,50,50,50,50,6.1698644161224365
manhattan_rigid_inverse_distance_k11,manhattan,rigid,inverse_distance,11,0.6488888888888888,0.6077922077922078,0.7927272727272726,0.42285714285714276,0.687309216926864,0.728588623007778,0.46869886546202333,0.5986437442349007,0.24071374171169516,0.21298863019245126,0.7301298701298701,0.8537198453655672,0.0879771838765144,0.08947796327857137,0.1469771880602089,0.18014756318950131,0.06778878194195052,0.08779493015181968,0.15600090449693235,0.10198896008463897,0.19856327906770777,0.04212508389135128,0.12223205612673464,0.07192821733655144,0.3888888888888889,0.3701298701298701,0.36363636363636365,0.0,0.5,0.47058823529411764,0.0,0.35714285714285715,-0.2548235957188128,0.14927877065578637,0.4155844155844156,0.6855663201919886,0.8333333333333334,0.8376623376623377,1.0,0.8571428571428571,0.9,0.8695652173913043,0.8,0.8285714285714285,0.6625413488689132,0.3361280629977292,0.935064935064935,0.9715909090909092,50,50,50,50,50,50,50,50,50,50,50,50,6.23940372467041
manhattan_rigid_inverse_distance_k15,manhattan,rigid,inverse_distance,15,0.6655555555555556,0.6141558441558441,0.8454545454545455,0.3828571428571428,0.6854337378307966,0.7514116002711236,0.4607513741848107,0.6060814872279673,0.2791453374672323,0.20326354569154734,0.7670129870129869,0.8687405744879007,0.0942341262321523,0.09496544552924971,0.1413736432277743,0.16689835347151732,0.06903027565702193,0.08395546032091634,0.1499719438359284,0.10385185706204239,0.22085513122688122,0.03316611868626395,0.11468048580651448,0.06747701817156217,0.3888888888888889,0.3701298701298701,0.45454545454545453,0.0,0.5,0.47619047619047616,0.0,0.35714285714285715,-0.2548235957188128,0.15334597586996013,0.5194805194805194,0.7220860244924416,0.8333333333333334,0.8116883116883117,1.0,0.8571428571428571,0.8333333333333334,0.8695652173913043,0.7692307692307693,0.8193979933110368,0.6446583712203042,0.2858579647192661,0.9740259740259741,0.9841597796143251,50,50,50,50,50,50,50,50,50,50,50,50,5.617332458496094
manhattan_rigid_inverse_distance_k21,manhattan,rigid,inverse_distance,21,0.6455555555555555,0.5842857142857143,0.86,0.30857142857142855,0.6640528458469634,0.7427339825587234,0.3874909124243489,0.5651124474915362,0.2292770747046179,0.20880415177994446,0.7428571428571428,0.8527380775789867,0.08465691137162469,0.08336922088821722,0.14944660948825786,0.16917862674336903,0.05826313645335565,0.07972577462528238,0.1546094950272139,0.09714009742435684,0.21497450206947585,0.02627769574539755,0.11463815737124607,0.0701095119741207,0.4444444444444444,0.36363636363636365,0.45454545454545453,0.0,0.5333333333333333,0.5,0.0,0.3076923076923077,-0.3567530340063379,0.1622542582246268,0.5064935064935066,0.7049652367834186,0.7777777777777778,0.7402597402597402,1.0,0.8571428571428571,0.8333333333333334,0.8461538461538461,0.6666666666666666,0.75,0.5606119105813882,0.26791135074605155,0.9610389610389609,0.9805194805194806,50,50,50,50,50,50,50,50,50,50,50,50,5.94920015335083
manhattan_fuzzy_confidence_uniform_k1,manhattan,fuzzy_confidence,uniform,1,0.6644444444444444,0.6355844155844155,0.7654545454545456,0.5057142857142857,0.7121893661893662,0.7318621464305675,0.5319869999281763,0.6319245731793719,0.2865770315075242,0.3355555555555555,0.6355844155844156,0.692974939202212,0.10704581142912613,0.11034392032418525,0.14118262994246164,0.18072462778228943,0.08397384343500748,0.0961476806445627,0.16142353731539782,0.11816757567243047,0.23493630633024237,0.10704581142912613,0.11034392032418527,0.06995680762820661,0.4444444444444444,0.41558441558441556,0.36363636363636365,0.14285714285714285,0.5454545454545454,0.4444444444444444,0.2,0.41558441558441556,-0.16883116883116883,0.1111111111111111,0.41558441558441556,0.5752984389348026,0.8888888888888888,0.8571428571428572,1.0,0.8571428571428571,0.875,0.9166666666666666,0.8333333333333334,0.875,0.7774288420142416,0.5555555555555556,0.8571428571428572,0.8461538461538461,50,50,50,50,50,50,50,50,50,50,50,50,6.100052833557129
manhattan_fuzzy_confidence_uniform_k3,manhattan,fuzzy_confidence,uniform,3,0.6266666666666666,0.5937662337662338,0.7418181818181817,0.4457142857142856,0.6784144809438927,0.7035563804277761,0.471823114793703,0.5876897476107397,0.20251592672050744,0.25153012163713223,0.6718181818181818,0.786926504125702,0.11056555407789206,0.1124108312123761,0.14848421743331378,0.1794062120476401,0.08658260759532432,0.10336552048063415,0.1592797966946349,0.11780068736665941,0.23145625103698367,0.07741832556353113,0.13069055724887405,0.08844219545214929,0.3888888888888889,0.38961038961038963,0.36363636363636365,0.14285714285714285,0.5,0.42105263157894735,0.16666666666666666,0.375,-0.24029618753167464,0.13036956552168194,0.3246753246753247,0.5757575757575758,0.8888888888888888,0.8831168831168831,1.0,0.8571428571428571,0.9090909090909091,0.9090909090909091,0.8571428571428571,0.8831168831168831,0.7662337662337663,0.48264469779681424,0.9090909090909091,0.9646464646464646,50,50,50,50,50,50,50,50,50,50,50,50,6.15792179107666
manhattan_fuzzy_confidence_uniform_k5,manhattan,fuzzy_confidence,uniform,5,0.5922222222222222,0.5624675324675326,0.6963636363636364,0.4285714285714285,0.6556707997884469,0.6708251840878842,0.44209600856659675,0.5564605963272405,0.1303612832455906,0.24293861004124973,0.6746753246753248,0.8150122807970402,0.09364406755507264,0.09148364498541002,0.1406080331680883,0.14716535818220364,0.069698889936385,0.09403555946204677,0.13618071547361643,0.09853493704379088,0.19280598032396612,0.058605878012569994,0.11147368415048087,0.0764105116354746,0.3888888888888889,0.3701298701298701,0.36363636363636365,0.0,0.5,0.42105263157894735,0.0,0.35714285714285715,-0.2548235957188128,0.14442538138470107,0.4415584415584415,0.628016428016428,0.7777777777777778,0.7402597402597402,0.9090909090909091,0.7142857142857143,0.8,0.8333333333333334,0.6666666666666666,0.75,0.5229975846277625,0.4282399550294271,0.8896103896103895,0.9472910927456382,50,50,50,50,50,50,50,50,50,50,50,50,6.221412181854248
manhattan_fuzzy_confidence_uniform_k7,manhattan,fuzzy_confidence,uniform,7,0.6144444444444445,0.5754545454545456,0.750909090909091,0.4,0.6682958414134883,0.7015968820229689,0.4306702578467284,0.5661335699348488,0.16050314529561358,0.23175402237718376,0.6803896103896103,0.8193763945501913,0.09077505637100138,0.09920056257502603,0.12294524723157263,0.19144554121728283,0.08223590558320915,0.07892341321549279,0.161082915323155,0.10586687765864891,0.21239269116085085,0.050773631719938365,0.10267378316122278,0.06185273727389562,0.3888888888888889,0.3701298701298701,0.45454545454545453,0.0,0.5,0.47619047619047616,0.0,0.35714285714285715,-0.2548235957188128,0.14462120438130352,0.45454545454545453,0.7040616246498601,0.8333333333333334,0.8636363636363636,1.0,1.0,1.0,0.8461538461538461,0.8235294117647058,0.8328173374613003,0.7135060680126758,0.419171174852804,0.922077922077922,0.9606060606060607,50,50,50,50,50,50,50,50,50,50,50,50,6.140739440917969
manhattan_fuzzy_confidence_uniform_k9,manhattan,fuzzy_confidence,uniform,9,0.6344444444444445,0.5964935064935065,0.7672727272727272,0.4257142857142856,0.6812596553773024,0.7151555025870813,0.461234872970167,0.5881951877786242,0.2118644271895837,0.22053094318506364,0.7022077922077924,0.8248981667470972,0.08627827385372654,0.08939146328981888,0.13885783277531075,0.17905764709423552,0.07109506953732919,0.08175255903116534,0.14869481433867035,0.09784418247893796,0.1983824875617426,0.04628973620382729,0.12175839727598682,0.07675028160418396,0.4444444444444444,0.44155844155844154,0.45454545454545453,0.0,0.5555555555555556,0.5,0.0,0.35714285714285715,-0.19347649748797374,0.13921239643043984,0.4155844155844156,0.6436621459348731,0.8333333333333334,0.8116883116883117,1.0,0.8571428571428571,0.8888888888888888,0.8695652173913043,0.7692307692307693,0.8193979933110368,0.6446583712203042,0.37160596579383465,0.974025974025974,0.986013986013986,50,50,50,50,50,50,50,50,50,50,50,50,6.092480659484863
manhattan_fuzzy_confidence_uniform_k11,manhattan,fuzzy_confidence,uniform,11,0.64,0.602077922077922,0.7727272727272727,0.43142857142857133,0.6843169314345784,0.718748849777225,0.4679577742518918,0.5933533120145585,0.2247868929913524,0.2133117310526779,0.7202597402597404,0.8262344993093655,0.09339486148162317,0.09512795919161762,0.14949174588599143,0.183650792250884,0.07381293273368454,0.09032026708904986,0.15583529414331884,0.10463589493152864,0.20710072789481168,0.039344592045421706,0.11501166922213867,0.07729263169608429,0.4444444444444444,0.43506493506493504,0.45454545454545453,0.0,0.5555555555555556,0.5,0.0,0.35714285714285715,-0.19347649748797374,0.14335832412959976,0.4155844155844156,0.6437509386038798,0.8333333333333334,0.8116883116883117,1.0,0.8571428571428571,0.8571428571428571,0.88,0.7692307692307693,0.8193979933110368,0.6700593942604899,0.32349693210948294,0.922077922077922,0.9530630985176439,50,50,50,50,50,50,50,50,50,50,50,50,5.472029447555542
manhattan_fuzzy_confidence_uniform_k15,manhattan,fuzzy_confidence,uniform,15,0.6822222222222223,0.6361038961038961,0.8436363636363636,0.4285714285714285,0.7034296389884624,0.7606241134634996,0.4971754794912689,0.6288997964773843,0.3215450128257472,0.20206390236402796,0.7618181818181817,0.8582874592727534,0.09051795193259207,0.09448278505366502,0.13992263481720138,0.184803778329335,0.07090512145445846,0.08088213363069048,0.15642597751588166,0.10438139811299027,0.206354432667785,0.03161547709359785,0.10759420310250027,0.06898505071195349,0.4444444444444444,0.41558441558441556,0.45454545454545453,0.14285714285714285,0.5454545454545454,0.5454545454545454,0.2,0.41558441558441556,-0.16883116883116883,0.15240603964944766,0.44805194805194803,0.6901711924439197,0.8888888888888888,0.8831168831168831,1.0,0.8571428571428571,0.9090909090909091,0.9090909090909091,0.8571428571428571,0.8831168831168831,0.7662337662337663,0.2963766520490272,1.0,1.0,50,50,50,50,50,50,50,50,50,50,50,50,4.833311319351196
manhattan_fuzzy_confidence_uniform_k21,manhattan,fuzzy_confidence,uniform,21,0.65,0.6014285714285714,0.82,0.3828571428571428,0.6811625988390694,0.7347028630350614,0.43613631689947474,0.5854195899672683,0.23498057178506992,0.20904161578401495,0.7357142857142857,0.8366627135490772,0.09671474291233285,0.10062168852877215,0.16062997919932204,0.20900191207334054,0.06789621926046932,0.09579508287698346,0.1962568096412209,0.12256701175275105,0.24046556175099135,0.02607195672362555,0.10839746854423718,0.07315538692612727,0.5,0.4090909090909091,0.2727272727272727,0.0,0.5625,0.4,0.0,0.3333333333333333,-0.2820380374088831,0.1571278721846876,0.5584415584415584,0.6929416543052906,0.8333333333333334,0.7857142857142857,1.0,0.8571428571428571,0.8181818181818182,0.88,0.7272727272727273,0.8036363636363637,0.6700593942604899,0.2592467791169706,0.9870129870129871,0.9924242424242424,50,50,50,50,50,50,50,50,50,50,50,50,6.146098375320435
manhattan_fuzzy_confidence_inverse_distance_k1,manhattan,fuzzy_confidence,inverse_distance,1,0.6644444444444444,0.6355844155844155,0.7654545454545456,0.5057142857142857,0.7121893661893662,0.7318621464305675,0.5319869999281763,0.6319245731793719,0.2865770315075242,0.3355555555555555,0.6355844155844156,0.692974939202212,0.10704581142912613,0.11034392032418525,0.14118262994246164,0.18072462778228943,0.08397384343500748,0.0961476806445627,0.16142353731539782,0.11816757567243047,0.23493630633024237,0.10704581142912613,0.11034392032418527,0.06995680762820661,0.4444444444444444,0.41558441558441556,0.36363636363636365,0.14285714285714285,0.5454545454545454,0.4444444444444444,0.2,0.41558441558441556,-0.16883116883116883,0.1111111111111111,0.41558441558441556,0.5752984389348026,0.8888888888888888,0.8571428571428572,1.0,0.8571428571428571,0.875,0.9166666666666666,0.8333333333333334,0.875,0.7774288420142416,0.5555555555555556,0.8571428571428572,0.8461538461538461,50,50,50,50,50,50,50,50,50,50,50,50,5.98714017868042
manhattan_fuzzy_confidence_inverse_distance_k3,manhattan,fuzzy_confidence,inverse_distance,3,0.6622222222222223,0.6477922077922078,0.7127272727272727,0.5828571428571429,0.7293667998667998,0.7148949505109689,0.571162034044387,0.6430284922776778,0.30322559489641465,0.24937468965945161,0.6792207792207792,0.7974676351574749,0.10872726215583307,0.10722663359243507,0.14961580076794462,0.1576588401292079,0.08935122652839174,0.10709858357774099,0.12905559849142478,0.10977571069533704,0.21702770434506005,0.07609231721324587,0.12942542467239448,0.08958556769157987,0.3888888888888889,0.3701298701298701,0.36363636363636365,0.2857142857142857,0.5,0.42105263157894735,0.26666666666666666,0.37142857142857144,-0.2548235957188128,0.12750597863375832,0.3246753246753247,0.5848484848484848,0.8888888888888888,0.8831168831168831,0.9090909090909091,0.8571428571428571,0.9090909090909091,0.9090909090909091,0.8571428571428571,0.8831168831168831,0.7662337662337663,0.48284449290363224,0.922077922077922,0.9679144385026738,50,50,50,50,50,50,50,50,50,50,50,50,6.2830822467803955
manhattan_fuzzy_confidence_inverse_distance_k5,manhattan,fuzzy_confidence,inverse_distance,5,0.5933333333333334,0.5670129870129871,0.6854545454545454,0.44857142857142845,0.660780134897782,0.667804142717186,0.45435569985569985,0.561079921286443,0.13814021328754922,0.24032390583813976,0.6819480519480519,0.8264015261328096,0.09486700188878688,0.093461572977793,0.14132591410986178,0.15274797878501412,0.07275517376683976,0.09560488684539194,0.13641053995946947,0.09989495436962212,0.19670864293277032,0.05771517938584912,0.11186853290467927,0.07762018089745512,0.3888888888888889,0.3701298701298701,0.36363636363636365,0.0,0.5,0.4444444444444444,0.0,0.35714285714285715,-0.2548235957188128,0.1473482002836161,0.42857142857142855,0.6303121121302939,0.7777777777777778,0.7402597402597402,0.9090909090909091,0.7142857142857143,0.8,0.8333333333333334,0.6666666666666666,0.75,0.5229975846277625,0.4204009276432629,0.8961038961038962,0.9563820018365473,50,50,50,50,50,50,50,50,50,50,50,50,6.1850974559783936
manhattan_fuzzy_confidence_inverse_distance_k7,manhattan,fuzzy_confidence,inverse_distance,7,0.6077777777777778,0.5751948051948053,0.7218181818181819,0.4285714285714285,0.6705995377171848,0.6887702914426025,0.446869156986804,0.5678197242147034,0.15890659194234769,0.23005135174374874,0.6883116883116882,0.833753174336062,0.0935094440415967,0.09974728929309983,0.13040151029673994,0.1870439059165649,0.08724315845008346,0.08431183786736131,0.15238052903816085,0.10413798402730902,0.2148016721924206,0.05144062796811999,0.10805357906167745,0.06437483355302757,0.3888888888888889,0.3441558441558441,0.36363636363636365,0.0,0.5,0.4444444444444444,0.0,0.3377926421404682,-0.3223291856101521,0.13805966244458154,0.42857142857142855,0.6966730165259577,0.7777777777777778,0.8181818181818181,1.0,1.0,1.0,0.8461538461538461,0.7777777777777778,0.7777777777777778,0.6363636363636364,0.4135367634323141,0.922077922077922,0.9584022038567492,50,50,50,50,50,50,50,50,50,50,50,50,6.115885019302368
manhattan_fuzzy_confidence_inverse_distance_k9,manhattan,fuzzy_confidence,inverse_distance,9,0.6311111111111112,0.5994805194805195,0.7418181818181817,0.457142857142857,0.689023807891455,0.7057808196609379,0.47756715644176934,0.5916739880513537,0.2150357022989499,0.22018067396868726,0.7085714285714285,0.8409821868565186,0.09441442766960667,0.09864862516825174,0.14619477692956145,0.19360883633683956,0.08386609378244964,0.08887197407355174,0.15378616356958993,0.10473871964039091,0.21710259857166916,0.04740121026042942,0.12396209099889743,0.07306999268147778,0.4444444444444444,0.38961038961038963,0.36363636363636365,0.0,0.5384615384615384,0.5,0.0,0.35714285714285715,-0.24029618753167464,0.1337655332961426,0.4155844155844156,0.6690952912209598,0.8333333333333334,0.8636363636363636,1.0,1.0,1.0,0.88,0.8235294117647058,0.8328173374613003,0.7135060680126758,0.3743553503384606,0.9610389610389609,0.9805194805194806,50,50,50,50,50,50,50,50,50,50,50,50,6.182316303253174
manhattan_fuzzy_confidence_inverse_distance_k11,manhattan,fuzzy_confidence,inverse_distance,11,0.638888888888889,0.6084415584415584,0.7454545454545455,0.4714285714285713,0.6943323882000351,0.7112382699147269,0.49041674802665514,0.6008275089706911,0.2315944577154335,0.21352070514495472,0.7288311688311687,0.850103298958914,0.08266931212698277,0.08554716699467298,0.1410750713142885,0.1808167872109117,0.07204630425258063,0.08171997694208577,0.13985456469112711,0.09236388084989033,0.18489848650050472,0.040942508201431534,0.11504697907508028,0.07080769009756173,0.4444444444444444,0.44155844155844154,0.45454545454545453,0.0,0.5555555555555556,0.5,0.0,0.35714285714285715,-0.19347649748797374,0.13710626370239934,0.4285714285714286,0.6573873022402434,0.7777777777777778,0.7662337662337663,1.0,0.8571428571428571,0.8571428571428571,0.8461538461538461,0.7142857142857143,0.7662337662337663,0.5606119105813882,0.33224087211017744,0.948051948051948,0.9722550177095631,50,50,50,50,50,50,50,50,50,50,50,50,6.183492183685303
manhattan_fuzzy_confidence_inverse_distance_k15,manhattan,fuzzy_confidence,inverse_distance,15,0.6622222222222223,0.6218181818181818,0.8036363636363636,0.43999999999999995,0.6959245525716113,0.7395220859376735,0.49266960627951334,0.6160958461085935,0.27487473294832426,0.20390191226340929,0.7571428571428572,0.8631026805933223,0.099659283506935,0.10129224496404696,0.14619477692956143,0.1775392911912779,0.0757243150663326,0.09085232688067592,0.1582998755394024,0.11079065145182011,0.2253436046149017,0.03365371723838352,0.11340800955074033,0.06767161935289615,0.4444444444444444,0.41558441558441556,0.45454545454545453,0.0,0.5454545454545454,0.5263157894736842,0.0,0.35714285714285715,-0.19347649748797374,0.1454838008688789,0.4545454545454546,0.6951298701298702,0.8888888888888888,0.8831168831168831,1.0,0.8571428571428571,0.9090909090909091,0.9090909090909091,0.8571428571428571,0.8831168831168831,0.7662337662337663,0.2904734246191054,1.0,1.0,50,50,50,50,50,50,50,50,50,50,50,50,6.214791774749756
manhattan_fuzzy_confidence_inverse_distance_k21,manhattan,fuzzy_confidence,inverse_distance,21,0.648888888888889,0.6036363636363636,0.8072727272727274,0.4,0.6835742982507688,0.7320655293067462,0.4489711217574995,0.5905183255321229,0.23756610706603812,0.2079886915473874,0.7425974025974027,0.85288724451425,0.10190921218586999,0.10636769927843923,0.15760905409120068,0.20812324545276675,0.07878949642921554,0.09516134999604786,0.18829607611880744,0.12199784943150735,0.24232507529700448,0.028311961828328812,0.10845707096418619,0.06714649915246469,0.3888888888888889,0.36363636363636365,0.36363636363636365,0.0,0.5,0.42105263157894735,0.0,0.3076923076923077,-0.3567530340063379,0.15633109990767416,0.5324675324675325,0.723244684608321,0.8888888888888888,0.8571428571428572,1.0,0.8571428571428571,0.9,0.9166666666666666,0.8333333333333334,0.875,0.7774288420142416,0.2604390803632779,0.9740259740259741,0.9841597796143251,50,50,50,50,50,50,50,50,50,50,50,50,4.825127840042114
minkowski_p3_rigid_uniform_k1,minkowski_p3,rigid,uniform,1,0.6322222222222222,0.605064935064935,0.7272727272727273,0.4828571428571429,0.6920663225663226,0.7011371414753566,0.49676063479004656,0.5989488881327015,0.22239053078777407,0.3677777777777777,0.605064935064935,0.6725926750017659,0.09582491172040405,0.09604307858520841,0.15033554419208087,0.17529650017544826,0.07114795108969804,0.0946345743962894,0.14495829180315253,0.10396776948722662,0.20854505020666353,0.09582491172040405,0.09604307858520843,0.05666005705509099,0.4444444444444444,0.36363636363636365,0.36363636363636365,0.0,0.5333333333333333,0.5,0.0,0.3076923076923077,-0.3567530340063379,0.1111111111111111,0.36363636363636365,0.5545454545454546,0.8888888888888888,0.8571428571428572,1.0,0.8571428571428571,0.8461538461538461,0.9166666666666666,0.8333333333333334,0.875,0.7774288420142416,0.5555555555555556,0.8571428571428572,0.8461538461538461,50,50,50,50,50,50,50,50,50,50,50,50,6.298663854598999
minkowski_p3_rigid_uniform_k3,minkowski_p3,rigid,uniform,3,0.611111111111111,0.596103896103896,0.6636363636363636,0.5285714285714285,0.6893388278388278,0.6680616491882206,0.5096513957318911,0.5888565224600559,0.19871254708850036,0.2508641975308642,0.6845454545454546,0.7762401957816397,0.10101525445522107,0.09758354074034237,0.15826048840199924,0.1613406969473663,0.08884022678593897,0.11088936172670598,0.1170310166453291,0.09984174208331828,0.19865994737016268,0.07026796773171398,0.11412725744875937,0.07784514773721254,0.3333333333333333,0.35064935064935066,0.2727272727272727,0.2857142857142857,0.42857142857142855,0.3333333333333333,0.2857142857142857,0.3333333333333333,-0.2987012987012987,0.12962962962962965,0.40259740259740256,0.5945165945165946,0.8333333333333334,0.8116883116883117,0.9090909090909091,0.8571428571428571,0.875,0.8695652173913043,0.7692307692307693,0.8193979933110368,0.6446583712203042,0.462962962962963,0.8766233766233766,0.9152097902097902,50,50,50,50,50,50,50,50,50,50,50,50,6.3232574462890625
minkowski_p3_rigid_uniform_k5,minkowski_p3,rigid,uniform,5,0.6344444444444445,0.6203896103896104,0.6836363636363635,0.557142857142857,0.7108018093018093,0.6888614587040216,0.5388922809216926,0.6138768698128572,0.2494830855825816,0.2350666666666667,0.684025974025974,0.7950850232655045,0.1077086764476816,0.10615106909374834,0.15718041839384175,0.16890760568619234,0.09345242614230927,0.10893640664841031,0.12772997681420192,0.10745653190552781,0.2162910452738465,0.062193530799984395,0.12465413339207851,0.07938276767187946,0.3333333333333333,0.2987012987012987,0.36363636363636365,0.14285714285714285,0.45454545454545453,0.4444444444444444,0.14285714285714285,0.2987012987012987,-0.4025974025974026,0.1488888888888889,0.3961038961038961,0.6027798998387234,0.7777777777777778,0.7922077922077921,0.9090909090909091,0.8571428571428571,0.8888888888888888,0.8333333333333334,0.75,0.775,0.5698028822981898,0.4177777777777778,0.8636363636363636,0.9140266299357209,50,50,50,50,50,50,50,50,50,50,50,50,6.284097671508789
minkowski_p3_rigid_uniform_k7,minkowski_p3,rigid,uniform,7,0.6266666666666666,0.6005194805194806,0.7181818181818181,0.48285714285714276,0.6894757464757465,0.6978914524072417,0.4944824881001351,0.5961869702536885,0.21315148954509766,0.23210884353741498,0.6775324675324675,0.786172297696362,0.09189914175320717,0.09436686371070353,0.1314834852682895,0.16552014364074788,0.07690219695002604,0.08264205671373379,0.13113307817282038,0.09626759386518154,0.20049519016089146,0.05370165821637889,0.1184961727930543,0.07619992283209673,0.3888888888888889,0.3441558441558441,0.45454545454545453,0.14285714285714285,0.5,0.47619047619047616,0.15384615384615385,0.3377926421404682,-0.3223291856101521,0.15192743764172334,0.4025974025974026,0.5995310245310246,0.7777777777777778,0.7402597402597402,1.0,0.8571428571428571,0.8571428571428571,0.8461538461538461,0.6666666666666666,0.75,0.5606119105813882,0.42970521541950113,0.8766233766233766,0.9024864024864026,50,50,50,50,50,50,50,50,50,50,50,50,6.281831979751587
minkowski_p3_rigid_uniform_k9,minkowski_p3,rigid,uniform,9,0.6577777777777777,0.6254545454545455,0.770909090909091,0.4799999999999999,0.7038694703988821,0.7297266404076472,0.5123121584298055,0.6210193994187264,0.27075111725189854,0.22517146776406036,0.6909090909090908,0.7888241832439694,0.09211821033998037,0.0954837045347979,0.13274734897850013,0.17259081234176307,0.07409795661656694,0.0846284982936297,0.1433715438815011,0.10158449161000127,0.20083793051372395,0.04909146035254664,0.11173391409954396,0.06673847437705725,0.3888888888888889,0.3701298701298701,0.36363636363636365,0.14285714285714285,0.5,0.47619047619047616,0.16666666666666666,0.37142857142857144,-0.2548235957188128,0.13991769547325106,0.3961038961038961,0.6353299478299478,0.8333333333333334,0.8116883116883117,1.0,0.8571428571428571,0.8888888888888888,0.88,0.7692307692307693,0.8193979933110368,0.6700593942604899,0.4218106995884774,0.9285714285714285,0.922668240850059,50,50,50,50,50,50,50,50,50,50,50,50,6.35433554649353
minkowski_p3_rigid_uniform_k11,minkowski_p3,rigid,uniform,11,0.6688888888888889,0.6319480519480519,0.7981818181818181,0.46571428571428564,0.7042389897684015,0.743325266984602,0.5116884314515893,0.6275068492180957,0.2884489811144383,0.22172635445362715,0.6923376623376624,0.7853224833692749,0.10099030933705946,0.10558395754809696,0.1328108614212414,0.17980043544095312,0.07842904931887669,0.08982289477284643,0.16106352606169025,0.11393952518893613,0.22247844730735786,0.04454721903656384,0.11774054559604483,0.0729148413233407,0.3888888888888889,0.3701298701298701,0.36363636363636365,0.14285714285714285,0.5,0.47058823529411764,0.18181818181818182,0.37142857142857144,-0.2548235957188128,0.14738292011019283,0.3311688311688312,0.5372549019607844,0.8888888888888888,0.8831168831168831,1.0,0.8571428571428571,0.9090909090909091,0.9090909090909091,0.8571428571428571,0.8831168831168831,0.7662337662337663,0.37649219467401285,0.9285714285714286,0.9398530762167125,50,50,50,50,50,50,50,50,50,50,50,50,4.567826509475708
minkowski_p3_rigid_uniform_k15,minkowski_p3,rigid,uniform,15,0.6177777777777778,0.5636363636363637,0.8072727272727271,0.32,0.6507506708977298,0.7150841630592875,0.38461480899561395,0.5498494860274508,0.15928810790706055,0.218320987654321,0.7005194805194804,0.8068458119420687,0.09761582134299554,0.09437379382827366,0.15326876355253954,0.15691741050400884,0.06132064404876263,0.09195301394849102,0.15478918555781396,0.10584737118532299,0.22888230161563752,0.03392131858399871,0.11129900901808451,0.06445083074910447,0.3888888888888889,0.3181818181818182,0.36363636363636365,0.0,0.5,0.47058823529411764,0.0,0.28,-0.4264014327112209,0.15654320987654324,0.487012987012987,0.658497310770038,0.7777777777777778,0.7402597402597402,1.0,0.7142857142857143,0.7692307692307693,0.8461538461538461,0.6666666666666666,0.75,0.5606119105813882,0.3190123456790123,0.9285714285714286,0.9424242424242424,50,50,50,50,50,50,50,50,50,50,50,50,6.351817607879639
minkowski_p3_rigid_uniform_k21,minkowski_p3,rigid,uniform,21,0.6288888888888888,0.5685714285714286,0.8400000000000002,0.2971428571428572,0.6521315449256626,0.7267879030762877,0.3629245395127747,0.5448562212945314,0.1781162960275059,0.21432350718065002,0.6996103896103897,0.8036084065963746,0.09009946632583095,0.0847275525555918,0.1688910982546375,0.17278375908993243,0.05352014228896349,0.09677803041585666,0.17465933170890596,0.10666380179157506,0.21940277867375685,0.023121657063436718,0.10754916574468772,0.06789701823356,0.4444444444444444,0.38961038961038963,0.2727272727272727,0.0,0.5384615384615384,0.375,0.0,0.35714285714285715,-0.24029618753167464,0.1649029982363316,0.487012987012987,0.6830086580086581,0.8333333333333334,0.7857142857142857,1.0,0.7142857142857143,0.7857142857142857,0.88,0.7272727272727273,0.8036363636363637,0.6700593942604899,0.2651801461325271,0.961038961038961,0.9674931129476584,50,50,50,50,50,50,50,50,50,50,50,50,5.508175373077393
minkowski_p3_rigid_inverse_distance_k1,minkowski_p3,rigid,inverse_distance,1,0.6322222222222222,0.605064935064935,0.7272727272727273,0.4828571428571429,0.6920663225663226,0.7011371414753566,0.49676063479004656,0.5989488881327015,0.22239053078777407,0.3677777777777777,0.605064935064935,0.6725926750017659,0.09582491172040405,0.09604307858520841,0.15033554419208087,0.17529650017544826,0.07114795108969804,0.0946345743962894,0.14495829180315253,0.10396776948722662,0.20854505020666353,0.09582491172040405,0.09604307858520843,0.05666005705509099,0.4444444444444444,0.36363636363636365,0.36363636363636365,0.0,0.5333333333333333,0.5,0.0,0.3076923076923077,-0.3567530340063379,0.1111111111111111,0.36363636363636365,0.5545454545454546,0.8888888888888888,0.8571428571428572,1.0,0.8571428571428571,0.8461538461538461,0.9166666666666666,0.8333333333333334,0.875,0.7774288420142416,0.5555555555555556,0.8571428571428572,0.8461538461538461,50,50,50,50,50,50,50,50,50,50,50,50,6.236846208572388
minkowski_p3_rigid_inverse_distance_k3,minkowski_p3,rigid,inverse_distance,3,0.6066666666666667,0.5893506493506493,0.6672727272727274,0.5114285714285713,0.6821710511710513,0.6668613449920354,0.4982906486358499,0.5825759968139427,0.1851735068705281,0.2532496209125351,0.6879220779220779,0.8049224545507968,0.10277088289675329,0.09934506254332275,0.15864368627144676,0.1609271347242149,0.08760474478770057,0.11142781667573917,0.12213407646708022,0.10221364004496765,0.2026862790537752,0.06963422133098104,0.12110218185152523,0.0838401399468421,0.2777777777777778,0.2792207792207792,0.2727272727272727,0.14285714285714285,0.375,0.3157894736842105,0.2,0.27554179566563464,-0.4332001127219817,0.1258465402021765,0.3896103896103896,0.5864554637281909,0.8333333333333334,0.8116883116883117,0.9090909090909091,0.8571428571428571,0.875,0.8695652173913043,0.7692307692307693,0.8193979933110368,0.6446583712203042,0.46680470651153805,0.935064935064935,0.9715909090909091,50,50,50,50,50,50,50,50,50,50,50,50,6.246248722076416
minkowski_p3_rigid_inverse_distance_k5,minkowski_p3,rigid,inverse_distance,5,0.6244444444444445,0.6064935064935064,0.6872727272727271,0.5257142857142857,0.6961348096348097,0.6843213304705296,0.5175702238937533,0.6009457771821414,0.22213117852176748,0.23677467154023668,0.6877922077922078,0.8274598657432881,0.10856493065118472,0.10644080845932144,0.1570945509094799,0.16438392298450832,0.09115988456186072,0.10928654184133686,0.13089669154873512,0.10855011133321478,0.21759576205185885,0.06224044220740314,0.12964358719855107,0.0844331124689291,0.3333333333333333,0.2987012987012987,0.36363636363636365,0.14285714285714285,0.45454545454545453,0.42105263157894735,0.14285714285714285,0.2987012987012987,-0.4025974025974026,0.1528335102923793,0.4025974025974026,0.6141835363092047,0.7777777777777778,0.7662337662337663,0.9090909090909091,0.8571428571428571,0.875,0.8333333333333334,0.7142857142857143,0.7662337662337663,0.5324675324675324,0.40486471054199036,0.8961038961038961,0.9505590666018473,50,50,50,50,50,50,50,50,50,50,50,50,6.283125162124634
minkowski_p3_rigid_inverse_distance_k7,minkowski_p3,rigid,inverse_distance,7,0.6177777777777778,0.5870129870129871,0.7254545454545455,0.44857142857142857,0.6786843711843712,0.6956696210984539,0.4657517188693659,0.58071066998391,0.1849258665447144,0.231702968969881,0.6898701298701299,0.8263995178914965,0.08953844302330446,0.09499181063849216,0.12656841964223808,0.17793765082234544,0.0761078309247551,0.07792512500629319,0.14561725728190938,0.09908414089715545,0.20129404578202187,0.05326453893437966,0.12181880909929667,0.07916242838556452,0.3888888888888889,0.3441558441558441,0.45454545454545453,0.14285714285714285,0.5,0.47619047619047616,0.15384615384615385,0.3377926421404682,-0.3223291856101521,0.1575917477995457,0.4025974025974026,0.6571289821289821,0.7777777777777778,0.7402597402597402,1.0,0.8571428571428571,0.8571428571428571,0.8461538461538461,0.6666666666666666,0.75,0.5606119105813882,0.41575674110772226,0.935064935064935,0.9674931129476583,50,50,50,50,50,50,50,50,50,50,50,50,6.294715642929077
minkowski_p3_rigid_inverse_distance_k9,minkowski_p3,rigid,inverse_distance,9,0.6366666666666666,0.602987012987013,0.7545454545454545,0.4514285714285714,0.687230942260354,0.712027495751981,0.4816699117875588,0.5968487037697698,0.2261423820139631,0.22445195124053682,0.6984415584415583,0.8321303745274333,0.08923543557893894,0.08932405268019745,0.14490852989884023,0.169178626743369,0.06909633141408204,0.08714818754847072,0.13637998877019136,0.09554921120663695,0.19231080072016354,0.048404645155243634,0.11900740632706622,0.07301052115710262,0.3888888888888889,0.3701298701298701,0.36363636363636365,0.14285714285714285,0.5,0.47619047619047616,0.16666666666666666,0.37142857142857144,-0.2548235957188128,0.14544753761377857,0.40259740259740256,0.674986124986125,0.8333333333333334,0.7922077922077921,1.0,0.8571428571428571,0.8888888888888888,0.88,0.75,0.8036363636363637,0.6700593942604899,0.4102348708177325,0.922077922077922,0.9530630985176438,50,50,50,50,50,50,50,50,50,50,50,50,6.281267881393433
minkowski_p3_rigid_inverse_distance_k11,minkowski_p3,rigid,inverse_distance,11,0.6577777777777777,0.6192207792207792,0.7927272727272728,0.4457142857142857,0.6946697256991375,0.735317207953202,0.49217064205144695,0.6137439250023246,0.26187665949677946,0.22107469369125204,0.7044155844155844,0.8314491266309451,0.09935544352081793,0.10310425784310749,0.13501497577524182,0.1770694854161948,0.07387889716374019,0.08892070586375363,0.16322871939486447,0.11338217204424304,0.22233585805749603,0.04498601512034367,0.12127848952289706,0.07649793735184231,0.3888888888888889,0.3701298701298701,0.36363636363636365,0.14285714285714285,0.5,0.47058823529411764,0.18181818181818182,0.37142857142857144,-0.2548235957188128,0.1507514220813771,0.37662337662337664,0.5968975468975468,0.8333333333333334,0.8116883116883117,1.0,0.7142857142857143,0.8333333333333334,0.88,0.7692307692307693,0.8193979933110368,0.6700593942604899,0.3736942570696614,0.922077922077922,0.9584022038567493,50,50,50,50,50,50,50,50,50,50,50,50,6.067594289779663
minkowski_p3_rigid_inverse_distance_k15,minkowski_p3,rigid,inverse_distance,15,0.6233333333333334,0.574935064935065,0.7927272727272728,0.3571428571428571,0.6610710123210123,0.714703695338478,0.4171284271284271,0.5659160612334526,0.18048789801437046,0.21788166795514144,0.7142857142857143,0.8410939247917858,0.0967407905139127,0.09487587633459717,0.14812028498060523,0.15873825700106167,0.06510639385993364,0.08990694428752607,0.1458032287679915,0.1032734052413656,0.2241927975188717,0.03556603415543127,0.11645532338757117,0.07011688179137911,0.3888888888888889,0.3181818181818182,0.36363636363636365,0.0,0.5,0.47619047619047616,0.0,0.28,-0.4264014327112209,0.16208510714377417,0.4805194805194805,0.6555555555555554,0.7777777777777778,0.7402597402597402,1.0,0.8571428571428571,0.8,0.8461538461538461,0.6666666666666666,0.75,0.5606119105813882,0.32447434642116746,0.922077922077922,0.9606060606060607,50,50,50,50,50,50,50,50,50,50,50,50,6.283113718032837
minkowski_p3_rigid_inverse_distance_k21,minkowski_p3,rigid,inverse_distance,21,0.6344444444444445,0.5772727272727273,0.8345454545454545,0.32,0.656399992164698,0.7281932464988331,0.39204518683930445,0.5601192166690688,0.1967862279876442,0.2130003399359933,0.7148051948051949,0.8381346878018001,0.10593974718090393,0.10036788529927232,0.1729663417312768,0.16719754406746157,0.06332850888051757,0.10796585168881749,0.17637909651667358,0.11901161663110904,0.2515553177283821,0.02547012317851073,0.11606925771639695,0.06807374188771366,0.4444444444444444,0.36363636363636365,0.2727272727272727,0.0,0.5333333333333333,0.375,0.0,0.3076923076923077,-0.3567530340063379,0.16130184585806392,0.45454545454545453,0.6966646989374263,0.8333333333333334,0.8116883116883117,1.0,0.7142857142857143,0.8333333333333334,0.88,0.7692307692307693,0.8193979933110368,0.6700593942604899,0.27169887073844023,0.948051948051948,0.9757575757575758,50,50,50,50,50,50,50,50,50,50,50,50,6.282884836196899
minkowski_p3_fuzzy_confidence_uniform_k1,minkowski_p3,fuzzy_confidence,uniform,1,0.6322222222222222,0.605064935064935,0.7272727272727273,0.4828571428571429,0.6920663225663226,0.7011371414753566,0.49676063479004656,0.5989488881327015,0.22239053078777407,0.3677777777777777,0.605064935064935,0.6725926750017659,0.09582491172040405,0.09604307858520841,0.15033554419208087,0.17529650017544826,0.07114795108969804,0.0946345743962894,0.14495829180315253,0.10396776948722662,0.20854505020666353,0.09582491172040405,0.09604307858520843,0.05666005705509099,0.4444444444444444,0.36363636363636365,0.36363636363636365,0.0,0.5333333333333333,0.5,0.0,0.3076923076923077,-0.3567530340063379,0.1111111111111111,0.36363636363636365,0.5545454545454546,0.8888888888888888,0.8571428571428572,1.0,0.8571428571428571,0.8461538461538461,0.9166666666666666,0.8333333333333334,0.875,0.7774288420142416,0.5555555555555556,0.8571428571428572,0.8461538461538461,50,50,50,50,50,50,50,50,50,50,50,50,6.222968578338623
minkowski_p3_fuzzy_confidence_uniform_k3,minkowski_p3,fuzzy_confidence,uniform,3,0.6211111111111112,0.5996103896103897,0.6963636363636364,0.5028571428571429,0.6883770673770674,0.6844470013985157,0.502363797708999,0.5934053995537574,0.21065562389960354,0.26796684513311503,0.6649350649350648,0.7886266370290435,0.10688681929535492,0.10380172296761124,0.16387325668650654,0.16888294584144653,0.09050881024967454,0.11060518497751488,0.13313823138031838,0.10728657505153275,0.2163400087875379,0.07626183387089669,0.12392987675075871,0.08310496462632837,0.3333333333333333,0.35064935064935066,0.2727272727272727,0.14285714285714285,0.42857142857142855,0.3333333333333333,0.2,0.3333333333333333,-0.2987012987012987,0.13839849108367627,0.35064935064935066,0.5964646464646465,0.8333333333333334,0.8116883116883117,1.0,0.8571428571428571,0.875,0.8695652173913043,0.7692307692307693,0.8193979933110368,0.6446583712203042,0.47501557207245043,0.8701298701298702,0.9196428571428572,50,50,50,50,50,50,50,50,50,50,50,50,6.293969631195068
minkowski_p3_fuzzy_confidence_uniform_k5,minkowski_p3,fuzzy_confidence,uniform,5,0.5855555555555556,0.57,0.6399999999999999,0.5,0.670376456876457,0.6473049326278831,0.47622078145452756,0.5617628570412054,0.14418843665533065,0.24253836904967305,0.6720779220779219,0.8140729732240429,0.1145774495156693,0.11616152379046413,0.15687967657705457,0.187599758273982,0.10482211236642351,0.11366423419288922,0.14744220933754765,0.11632579923488386,0.23371961023346702,0.06559879151775214,0.1279761846393096,0.08127203457558055,0.2777777777777778,0.2532467532467533,0.36363636363636365,0.14285714285714285,0.4,0.38095238095238093,0.13333333333333333,0.2571428571428571,-0.48416483186574427,0.13933114019402731,0.40909090909090906,0.6080884949868907,0.7777777777777778,0.7402597402597402,0.9090909090909091,0.8571428571428571,0.8571428571428571,0.8333333333333334,0.6666666666666666,0.75,0.5229975846277625,0.4437081297588614,0.9090909090909091,0.9505590666018473,50,50,50,50,50,50,50,50,50,50,50,50,6.295149087905884
minkowski_p3_fuzzy_confidence_uniform_k7,minkowski_p3,fuzzy_confidence,uniform,7,0.5966666666666667,0.5733766233766233,0.6781818181818181,0.46857142857142847,0.6726529646823765,0.6682134245955754,0.4630415923945336,0.5656275084950546,0.15582234508715137,0.24001365962108667,0.6625974025974027,0.8039442864028427,0.1121324937077773,0.1174651263416411,0.1483137352873501,0.20211295352065217,0.10323984905115251,0.10192410124694731,0.16078276419881954,0.11788186945996863,0.2426948760665943,0.05890866348968911,0.12439395319095566,0.08132740057914697,0.2777777777777778,0.22727272727272727,0.36363636363636365,0.0,0.4,0.38095238095238093,0.0,0.21739130434782608,-0.5640760748177662,0.15474443673638344,0.33766233766233766,0.6083530106257379,0.7777777777777778,0.8181818181818181,1.0,1.0,1.0,0.8333333333333334,0.7777777777777778,0.7777777777777778,0.6363636363636364,0.45740207113162284,0.8831168831168832,0.9472910927456382,50,50,50,50,50,50,50,50,50,50,50,50,5.957745790481567
minkowski_p3_fuzzy_confidence_uniform_k9,minkowski_p3,fuzzy_confidence,uniform,9,0.6266666666666666,0.5984415584415586,0.7254545454545455,0.4714285714285713,0.6833779325249912,0.6968608151912499,0.48302852702852694,0.5899446711098885,0.2079281372850797,0.22825613602541042,0.6809090909090911,0.8078517167621445,0.09851505174084381,0.0977981191207973,0.15744845245230443,0.17849852739322347,0.08372086709733105,0.10556413701624127,0.15141205918884917,0.10757795687084752,0.20793345606346356,0.053088717043080366,0.11785100038826933,0.07359707157310837,0.3333333333333333,0.3441558441558441,0.18181818181818182,0.0,0.4,0.25,0.0,0.325,-0.3223291856101521,0.1393435677324819,0.33766233766233766,0.6188788410045094,0.8333333333333334,0.7922077922077921,1.0,0.8571428571428571,0.8888888888888888,0.88,0.75,0.8036363636363637,0.6700593942604899,0.4308557106480045,0.9155844155844155,0.9258838383838384,50,50,50,50,50,50,50,50,50,50,50,50,6.342362642288208
minkowski_p3_fuzzy_confidence_uniform_k11,minkowski_p3,fuzzy_confidence,uniform,11,0.6411111111111112,0.6092207792207793,0.7527272727272727,0.46571428571428564,0.6919169702846173,0.7139465092581797,0.4890688102746925,0.6015076597664362,0.23706440673997026,0.2205899773852745,0.6890909090909092,0.8041331492334167,0.10176695424134788,0.10350351549265707,0.15480170831949444,0.18883893032863608,0.08039393834215108,0.09615041661791342,0.16094727845012596,0.11170688588457452,0.2246232062162569,0.04418390075046476,0.11661511814672176,0.07152651899555995,0.3333333333333333,0.2987012987012987,0.45454545454545453,0.0,0.45454545454545453,0.45454545454545453,0.0,0.2987012987012987,-0.4025974025974026,0.14657526436620666,0.36363636363636365,0.5728470949727633,0.8333333333333334,0.8116883116883117,1.0,0.8571428571428571,0.8888888888888888,0.88,0.7692307692307693,0.8193979933110368,0.6700593942604899,0.37359616674399143,0.8961038961038961,0.9289849039849041,50,50,50,50,50,50,50,50,50,50,50,50,6.141212701797485
minkowski_p3_fuzzy_confidence_uniform_k15,minkowski_p3,fuzzy_confidence,uniform,15,0.6355555555555555,0.5942857142857142,0.78,0.4085714285714285,0.6761041442217912,0.7185840391303305,0.4552518680150259,0.5869179535726784,0.2115769713441354,0.21650471032166735,0.7046753246753248,0.830544870310913,0.1029668237474721,0.10401398030835375,0.14817720834652065,0.17558138091622397,0.07431786389667745,0.09421631525240391,0.16373971537601337,0.11430845103532736,0.2343341949738403,0.03531238621425755,0.11678176835271663,0.07063524115597258,0.4444444444444444,0.38961038961038963,0.36363636363636365,0.0,0.5384615384615384,0.47058823529411764,0.0,0.35714285714285715,-0.24029618753167464,0.15222915399457898,0.43506493506493504,0.6592481048363401,0.8333333333333334,0.8116883116883117,1.0,0.8571428571428571,0.8888888888888888,0.88,0.7692307692307693,0.8193979933110368,0.6700593942604899,0.31546263222406906,0.9090909090909091,0.9461760461760462,50,50,50,50,50,50,50,50,50,50,50,50,6.269942045211792
minkowski_p3_fuzzy_confidence_uniform_k21,minkowski_p3,fuzzy_confidence,uniform,21,0.6200000000000001,0.5841558441558442,0.7454545454545454,0.42285714285714276,0.6730672693319751,0.6972953267259903,0.4476267262149614,0.572461026470476,0.18575147720305246,0.21252737413721423,0.7141558441558442,0.8337479752867454,0.09807931241762163,0.09659939170346837,0.1713104669905574,0.19352276883477057,0.07623877928264039,0.10522082579928163,0.16118687903514697,0.10795127762427283,0.21629382557590102,0.02721591740584803,0.11207603176319093,0.0665157803987369,0.4444444444444444,0.43506493506493504,0.2727272727272727,0.0,0.5555555555555556,0.4,0.0,0.35714285714285715,-0.19347649748797374,0.15321051422812693,0.4415584415584416,0.6884532134532135,0.8333333333333334,0.8376623376623377,1.0,0.8571428571428571,0.9,0.88,0.8,0.8285714285714285,0.6700593942604899,0.27173504670319254,0.974025974025974,0.9860139860139859,50,50,50,50,50,50,50,50,50,50,50,50,6.3379435539245605
minkowski_p3_fuzzy_confidence_inverse_distance_k1,minkowski_p3,fuzzy_confidence,inverse_distance,1,0.6322222222222222,0.605064935064935,0.7272727272727273,0.4828571428571429,0.6920663225663226,0.7011371414753566,0.49676063479004656,0.5989488881327015,0.22239053078777407,0.3677777777777777,0.605064935064935,0.6725926750017659,0.09582491172040405,0.09604307858520841,0.15033554419208087,0.17529650017544826,0.07114795108969804,0.0946345743962894,0.14495829180315253,0.10396776948722662,0.20854505020666353,0.09582491172040405,0.09604307858520843,0.05666005705509099,0.4444444444444444,0.36363636363636365,0.36363636363636365,0.0,0.5333333333333333,0.5,0.0,0.3076923076923077,-0.3567530340063379,0.1111111111111111,0.36363636363636365,0.5545454545454546,0.8888888888888888,0.8571428571428572,1.0,0.8571428571428571,0.8461538461538461,0.9166666666666666,0.8333333333333334,0.875,0.7774288420142416,0.5555555555555556,0.8571428571428572,0.8461538461538461,50,50,50,50,50,50,50,50,50,50,50,50,5.004823923110962
minkowski_p3_fuzzy_confidence_inverse_distance_k3,minkowski_p3,fuzzy_confidence,inverse_distance,3,0.6099999999999999,0.5925974025974026,0.6709090909090909,0.5142857142857143,0.6867049062049062,0.6696467231108233,0.4998325348542067,0.584739628982515,0.1947320718639873,0.2698459778747162,0.6668831168831169,0.7922437124669744,0.10676889470153446,0.10451388355032672,0.1662033251348569,0.1779142425934969,0.09993491738582094,0.11352936460063931,0.13132077558323071,0.10667683469006366,0.21815933190968703,0.07475610091881632,0.1247827442752061,0.08419596272267639,0.3333333333333333,0.35064935064935066,0.2727272727272727,0.14285714285714285,0.42857142857142855,0.3333333333333333,0.16666666666666666,0.3333333333333333,-0.2987012987012987,0.13558338410278045,0.35064935064935066,0.5915059687786961,0.8333333333333334,0.8181818181818181,1.0,1.0,1.0,0.8695652173913043,0.7777777777777778,0.8193979933110368,0.6446583712203042,0.4786826407139253,0.8766233766233766,0.9176448551448552,50,50,50,50,50,50,50,50,50,50,50,50,6.271394491195679
minkowski_p3_fuzzy_confidence_inverse_distance_k5,minkowski_p3,fuzzy_confidence,inverse_distance,5,0.5877777777777777,0.5733766233766234,0.6381818181818182,0.5085714285714286,0.671691031191031,0.6470335630787105,0.48488485594213143,0.565959209510421,0.15214368063403738,0.24532963608265304,0.6688311688311689,0.8204006258150643,0.11396007398685269,0.11275547408984883,0.16062997919932206,0.17355340102423916,0.10292370942956412,0.11683315516994304,0.13414477145966938,0.11271934640053405,0.22718690070412628,0.06539225552431097,0.12865185275623703,0.08211306920449625,0.2777777777777778,0.2532467532467533,0.36363636363636365,0.14285714285714285,0.4,0.38095238095238093,0.13333333333333333,0.2571428571428571,-0.48416483186574427,0.1341330865577999,0.4025974025974026,0.6135966232222916,0.7777777777777778,0.8181818181818181,0.9090909090909091,1.0,1.0,0.8333333333333334,0.7777777777777778,0.7777777777777778,0.6363636363636364,0.43679711667237353,0.935064935064935,0.9715909090909092,50,50,50,50,50,50,50,50,50,50,50,50,6.255821943283081
minkowski_p3_fuzzy_confidence_inverse_distance_k7,minkowski_p3,fuzzy_confidence,inverse_distance,7,0.5922222222222223,0.5692207792207793,0.6727272727272728,0.46571428571428564,0.6701691706985825,0.6634506783126785,0.45748915188698475,0.5604699150998317,0.14661186495845857,0.2402814360982443,0.6605194805194805,0.8129327398685687,0.10859393621707969,0.1137913826590384,0.15033554419208087,0.20369350848210882,0.1010021052294659,0.10066150991562173,0.1607159824974932,0.11509211039937714,0.23652294834895643,0.058300829966171225,0.11960519659178165,0.07693273707342839,0.2777777777777778,0.2532467532467533,0.36363636363636365,0.0,0.4,0.38095238095238093,0.0,0.25,-0.4947274449181537,0.14830790502042063,0.36363636363636365,0.6446460402342755,0.7777777777777778,0.7727272727272727,1.0,1.0,1.0,0.8333333333333334,0.7368421052631579,0.75,0.5640760748177662,0.44906828976928675,0.9090909090909091,0.9596499756927565,50,50,50,50,50,50,50,50,50,50,50,50,5.650324583053589
minkowski_p3_fuzzy_confidence_inverse_distance_k9,minkowski_p3,fuzzy_confidence,inverse_distance,9,0.6233333333333334,0.5993506493506494,0.7072727272727272,0.4914285714285713,0.687612394141806,0.6893639368344172,0.4927645687645687,0.591064252799493,0.20946754732061781,0.22890544445793953,0.6831168831168832,0.826271942852157,0.10057155884230778,0.10026494825038812,0.15936499051672237,0.1829008694074129,0.09298692772800304,0.1084221464213668,0.14217512464242715,0.1059684408607247,0.20757029200524738,0.052371517885580365,0.12275780474711144,0.0748865552548008,0.3333333333333333,0.3441558441558441,0.18181818181818182,0.14285714285714285,0.4,0.25,0.15384615384615385,0.325,-0.3223291856101521,0.14607439909472594,0.36363636363636365,0.6474305922835335,0.7777777777777778,0.8181818181818181,1.0,1.0,1.0,0.8333333333333334,0.7777777777777778,0.7777777777777778,0.6363636363636364,0.4275901513560777,0.922077922077922,0.9584022038567492,50,50,50,50,50,50,50,50,50,50,50,50,6.3666090965271
minkowski_p3_fuzzy_confidence_inverse_distance_k11,minkowski_p3,fuzzy_confidence,inverse_distance,11,0.6288888888888889,0.5997402597402598,0.730909090909091,0.46857142857142847,0.685926073926074,0.7015223839132305,0.48686676721970834,0.5941945755664695,0.21398351576132646,0.22163594345632448,0.7,0.8304067285952315,0.0994061480117535,0.10044938798591721,0.14573257287382377,0.17326518593298879,0.08040697515857247,0.09471909866982756,0.14154373659500968,0.10441444716079652,0.21141837318976953,0.044953206249094615,0.12602989080470053,0.07698856815672836,0.3333333333333333,0.2987012987012987,0.36363636363636365,0.14285714285714285,0.45454545454545453,0.4444444444444444,0.14285714285714285,0.2987012987012987,-0.4025974025974026,0.1413458811061529,0.3766233766233766,0.5925440646697331,0.8333333333333334,0.8116883116883117,1.0,0.8571428571428571,0.875,0.8695652173913043,0.7692307692307693,0.8193979933110368,0.6446583712203042,0.3793086285569286,0.922077922077922,0.9562770562770564,50,50,50,50,50,50,50,50,50,50,50,50,6.393455266952515
minkowski_p3_fuzzy_confidence_inverse_distance_k15,minkowski_p3,fuzzy_confidence,inverse_distance,15,0.6211111111111112,0.5861038961038961,0.7436363636363637,0.42857142857142855,0.6703291153291153,0.6979048296986511,0.461790239172592,0.5798475344356216,0.19456572140024486,0.21790992961224348,0.7046753246753248,0.8350161893958686,0.10450304719608815,0.09900884263488324,0.16802002948652398,0.160694038245139,0.07019036077052035,0.10693158410589508,0.1399963955628333,0.10640761337699091,0.22016914214792488,0.036814298555209665,0.12134233158630839,0.06949286140881653,0.4444444444444444,0.38961038961038963,0.2727272727272727,0.14285714285714285,0.5384615384615384,0.375,0.16666666666666666,0.375,-0.24029618753167464,0.14965004256950223,0.4155844155844156,0.6827496923753609,0.8333333333333334,0.8116883116883117,1.0,0.7142857142857143,0.8333333333333334,0.88,0.7692307692307693,0.8193979933110368,0.6700593942604899,0.3262459389511602,0.9610389610389609,0.9805194805194806,50,50,50,50,50,50,50,50,50,50,50,50,6.279698848724365
minkowski_p3_fuzzy_confidence_inverse_distance_k21,minkowski_p3,fuzzy_confidence,inverse_distance,21,0.6266666666666667,0.5958441558441558,0.7345454545454544,0.4571428571428571,0.6811674763145351,0.6966011407924719,0.47762370120419645,0.5871124209983344,0.21265550403471487,0.2128346521082589,0.7155844155844155,0.8407834010908879,0.1122616172069011,0.10760316032888129,0.1844338750761219,0.1870439059165649,0.08630275148882631,0.1179375465657141,0.15494030029047476,0.1156823538301507,0.2339567222923348,0.029345514067769564,0.11877463501053229,0.06775514062473675,0.3888888888888889,0.3701298701298701,0.36363636363636365,0.0,0.5,0.42105263157894735,0.0,0.35714285714285715,-0.2548235957188128,0.14926034526891485,0.4025974025974026,0.6792704769977498,0.8333333333333334,0.8376623376623377,1.0,0.8571428571428571,0.9,0.88,0.8,0.8285714285714285,0.6700593942604899,0.27913298121282426,0.9610389610389609,0.9805194805194806,50,50,50,50,50,50,50,50,50,50,50,50,6.268465518951416
cosine_rigid_uniform_k1,cosine,rigid,uniform,1,0.6288888888888889,0.5966233766233766,0.7418181818181818,0.4514285714285714,0.6847298812298813,0.7062615669100795,0.4747003356121003,0.5904809512610899,0.2032862445479682,0.371111111111111,0.5966233766233766,0.668963405281587,0.10190921218587,0.108321151835194,0.13162451386306417,0.19004810982567863,0.08023901032434123,0.08731478876155242,0.17024310390766134,0.11722078172768427,0.23691171957381607,0.10190921218587,0.10832115183519403,0.06221530775492372,0.4444444444444444,0.36363636363636365,0.45454545454545453,0.0,0.5333333333333333,0.5263157894736842,0.0,0.3076923076923077,-0.3567530340063379,0.16666666666666666,0.36363636363636365,0.5545454545454546,0.8333333333333334,0.8116883116883117,1.0,0.8571428571428571,0.8571428571428571,0.88,0.7692307692307693,0.8193979933110368,0.6700593942604899,0.5555555555555556,0.8116883116883118,0.8131313131313131,50,50,50,50,50,50,50,50,50,50,50,50,6.075334787368774
cosine_rigid_uniform_k3,cosine,rigid,uniform,3,0.6,0.5776623376623377,0.6781818181818182,0.4771428571428571,0.6726070041070042,0.6684404012104913,0.47539938389783587,0.5719198925541636,0.1634988668128882,0.24938271604938272,0.6811688311688312,0.787119703973982,0.09848947338087981,0.09762726981482825,0.1483137352873501,0.16481408252710175,0.0821363280759436,0.09914033645538399,0.12633208717882546,0.09902974852290576,0.20210640739078917,0.06574250024555837,0.11630189440055769,0.0731319943881035,0.3888888888888889,0.3441558441558441,0.36363636363636365,0.14285714285714285,0.5,0.42105263157894735,0.15384615384615385,0.3377926421404682,-0.3223291856101521,0.15432098765432098,0.44805194805194803,0.602020202020202,0.7777777777777778,0.7662337662337663,0.9090909090909091,0.8571428571428571,0.875,0.8333333333333334,0.7142857142857143,0.7662337662337663,0.5324675324675324,0.40740740740740744,0.8571428571428571,0.9078568490333196,50,50,50,50,50,50,50,50,50,50,50,50,6.31444525718689
cosine_rigid_uniform_k5,cosine,rigid,uniform,5,0.6255555555555554,0.6016883116883117,0.7090909090909091,0.49428571428571416,0.695084138084138,0.6944718517011423,0.49552768146885795,0.5949997665850001,0.2127574600016308,0.23644444444444446,0.6902597402597402,0.7980859789349093,0.09511235085126706,0.101301164791618,0.13496499799238007,0.19190185607669605,0.0872301854075612,0.08491097832487683,0.14626029361698584,0.10296408145201894,0.21027040269897002,0.055358380255840806,0.1119589574576518,0.0728618085409098,0.3888888888888889,0.3441558441558441,0.45454545454545453,0.14285714285714285,0.5,0.47619047619047616,0.15384615384615385,0.3377926421404682,-0.3223291856101521,0.15555555555555556,0.3961038961038961,0.6220705913219282,0.7777777777777778,0.7662337662337663,0.9090909090909091,0.8571428571428571,0.875,0.8333333333333334,0.7142857142857143,0.7662337662337663,0.5324675324675324,0.4177777777777778,0.8571428571428571,0.9161616161616162,50,50,50,50,50,50,50,50,50,50,50,50,6.134570121765137
cosine_rigid_uniform_k7,cosine,rigid,uniform,7,0.6366666666666666,0.6050649350649351,0.7472727272727272,0.4628571428571428,0.6893006993006994,0.7113727376276576,0.48944896606661303,0.6004108518471354,0.22698575394095566,0.22873015873015873,0.6912987012987014,0.7952320620555915,0.08781235864078557,0.08907013223827948,0.13407479227692978,0.16213897196768332,0.07074180051967124,0.08087755892004403,0.13066908262302632,0.09304474674046045,0.1900280662048218,0.05295825215584255,0.11450454016081055,0.0735170080428972,0.3888888888888889,0.3701298701298701,0.45454545454545453,0.14285714285714285,0.5,0.47619047619047616,0.16666666666666666,0.37142857142857144,-0.2548235957188128,0.15873015873015872,0.42207792207792205,0.6271561771561771,0.7777777777777778,0.7662337662337663,1.0,0.8571428571428571,0.8571428571428571,0.8461538461538461,0.7142857142857143,0.7662337662337663,0.5606119105813882,0.41383219954648526,0.8701298701298701,0.9295815295815295,50,50,50,50,50,50,50,50,50,50,50,50,6.208128929138184
cosine_rigid_uniform_k9,cosine,rigid,uniform,9,0.6555555555555556,0.6179220779220779,0.7872727272727273,0.44857142857142845,0.6979097291597292,0.7328445847783178,0.48666089466089457,0.6097527397196063,0.2567716692536175,0.22119341563786007,0.7050649350649352,0.7941506197308337,0.0839921051131616,0.0907704065030426,0.1306599360561634,0.18927952572533782,0.07203017075143026,0.07667719772901974,0.16096942681285767,0.10252477906146813,0.19676909104191737,0.048340034195901375,0.11345421014795662,0.0716775160703244,0.4444444444444444,0.43506493506493504,0.36363636363636365,0.0,0.5555555555555556,0.5,0.0,0.3793103448275862,-0.15228622596829317,0.15912208504801098,0.4220779220779221,0.6307847381376793,0.8333333333333334,0.7922077922077921,1.0,0.8571428571428571,0.8888888888888888,0.88,0.75,0.8036363636363637,0.6700593942604899,0.401920438957476,0.9025974025974026,0.9147727272727274,50,50,50,50,50,50,50,50,50,50,50,50,6.17946982383728
cosine_rigid_uniform_k11,cosine,rigid,uniform,11,0.671111111111111,0.629090909090909,0.8181818181818181,0.43999999999999995,0.6990675500969616,0.748886991913079,0.5025686535686535,0.6257278227408662,0.291193754889924,0.2186317722681359,0.7135064935064935,0.8006349555079503,0.09176195830345799,0.09331598521664658,0.12987012987012986,0.1576588401292079,0.06677324691145879,0.08296961097162459,0.14377040247694503,0.1022223161799722,0.20497166835006064,0.04387783149136916,0.1166224970850684,0.07192165003136804,0.3888888888888889,0.3701298701298701,0.36363636363636365,0.14285714285714285,0.5,0.47619047619047616,0.18181818181818182,0.37142857142857144,-0.2548235957188128,0.15335169880624427,0.38961038961038963,0.6110516934046347,0.8333333333333334,0.8116883116883117,1.0,0.8571428571428571,0.8333333333333334,0.88,0.7692307692307693,0.8193979933110368,0.6700593942604899,0.37649219467401285,0.948051948051948,0.9474616292798111,50,50,50,50,50,50,50,50,50,50,50,50,6.152897834777832
cosine_rigid_uniform_k15,cosine,rigid,uniform,15,0.6644444444444444,0.607012987012987,0.8654545454545455,0.3485714285714285,0.6779829810712164,0.7554853633247494,0.4385282933440828,0.5970068283344162,0.27428103474677035,0.21349629629629632,0.7297402597402598,0.8113150101532456,0.09652568759054458,0.09682432814085513,0.13773582943961402,0.15850194154242936,0.06675889372514919,0.08276010731880257,0.15511931619696864,0.10757072911808384,0.23044901109092775,0.03485357286093467,0.11388420966984755,0.07343642534656353,0.3333333333333333,0.2987012987012987,0.45454545454545453,0.14285714285714285,0.45454545454545453,0.45454545454545453,0.14285714285714285,0.2987012987012987,-0.4025974025974026,0.1575308641975309,0.4285714285714286,0.6255411255411256,0.8333333333333334,0.7857142857142857,1.0,0.8571428571428571,0.8333333333333334,0.88,0.7272727272727273,0.8036363636363637,0.6700593942604899,0.3234567901234568,0.9675324675324676,0.9715909090909091,50,50,50,50,50,50,50,50,50,50,50,50,6.102202892303467
cosine_rigid_uniform_k21,cosine,rigid,uniform,21,0.6311111111111112,0.558961038961039,0.8836363636363636,0.23428571428571426,0.6473622651857948,0.7404434912968644,0.304021756021756,0.5222326236593103,0.1661688374945793,0.2121869488536155,0.7145454545454547,0.804812405063742,0.08381192877742277,0.08608454353156801,0.1446638993833176,0.1819877290580241,0.054702780100742844,0.08175990195017316,0.1909572805760061,0.11185963413058322,0.23455372723378387,0.027131027522478337,0.11626274686204904,0.08406415837152874,0.5,0.43506493506493504,0.2727272727272727,0.0,0.5714285714285714,0.4,0.0,0.35714285714285715,-0.19347649748797374,0.1671705719324767,0.5,0.623425430778372,0.8333333333333334,0.8116883116883117,1.0,0.8571428571428571,0.8333333333333334,0.88,0.7692307692307693,0.8193979933110368,0.6700593942604899,0.2829428067523305,0.9545454545454545,0.9633264462809918,50,50,50,50,50,50,50,50,50,50,50,50,6.132200241088867
cosine_rigid_inverse_distance_k1,cosine,rigid,inverse_distance,1,0.6288888888888889,0.5966233766233766,0.7418181818181818,0.4514285714285714,0.6847298812298813,0.7062615669100795,0.4747003356121003,0.5904809512610899,0.2032862445479682,0.371111111111111,0.5966233766233766,0.668963405281587,0.10190921218587,0.108321151835194,0.13162451386306417,0.19004810982567863,0.08023901032434123,0.08731478876155242,0.17024310390766134,0.11722078172768427,0.23691171957381607,0.10190921218587,0.10832115183519403,0.06221530775492372,0.4444444444444444,0.36363636363636365,0.45454545454545453,0.0,0.5333333333333333,0.5263157894736842,0.0,0.3076923076923077,-0.3567530340063379,0.16666666666666666,0.36363636363636365,0.5545454545454546,0.8333333333333334,0.8116883116883117,1.0,0.8571428571428571,0.8571428571428571,0.88,0.7692307692307693,0.8193979933110368,0.6700593942604899,0.5555555555555556,0.8116883116883118,0.8131313131313131,50,50,50,50,50,50,50,50,50,50,50,50,5.6819024085998535
cosine_rigid_inverse_distance_k3,cosine,rigid,inverse_distance,3,0.6022222222222222,0.5732467532467532,0.7036363636363636,0.4428571428571428,0.6666373626373627,0.6784337940726957,0.45737128231245877,0.5679025381925773,0.15754756784356674,0.25526961367517215,0.687142857142857,0.8173057689488172,0.09414719127832964,0.09359590212628843,0.1432226728532446,0.16134069694736627,0.07461097424771522,0.09190536229692411,0.12569768105417725,0.09507473875539292,0.19550627792413972,0.0672426280474647,0.1199762271317775,0.07835581957895696,0.3888888888888889,0.3441558441558441,0.45454545454545453,0.14285714285714285,0.5,0.5,0.15384615384615385,0.3377926421404682,-0.3223291856101521,0.14322721578274214,0.42857142857142855,0.5991210809392628,0.7777777777777778,0.7922077922077921,0.9090909090909091,0.8571428571428571,0.8888888888888888,0.8333333333333334,0.75,0.775,0.5698028822981898,0.4222737970790961,0.922077922077922,0.9679144385026738,50,50,50,50,50,50,50,50,50,50,50,50,4.929246664047241
cosine_rigid_inverse_distance_k5,cosine,rigid,inverse_distance,5,0.6044444444444445,0.5703896103896104,0.7236363636363636,0.4171428571428571,0.6622589632589633,0.6862596526450072,0.44321342383107093,0.564736538238039,0.15392467807258023,0.24125427247862724,0.6976623376623377,0.8314877401267776,0.0936642443932186,0.09324882777921578,0.1398261697007249,0.1576588401292079,0.06607892146701312,0.086524764494701,0.13903840921787508,0.09912414913212836,0.20498446302791717,0.057100552471834265,0.11494670668675555,0.07568026019375103,0.3888888888888889,0.3441558441558441,0.45454545454545453,0.14285714285714285,0.5,0.5,0.15384615384615385,0.3377926421404682,-0.3223291856101521,0.15594957392670292,0.41558441558441556,0.6424730498259911,0.8333333333333334,0.7857142857142857,1.0,0.7142857142857143,0.7857142857142857,0.88,0.7272727272727273,0.8036363636363637,0.6700593942604899,0.39408107994681085,0.9090909090909091,0.9646464646464646,50,50,50,50,50,50,50,50,50,50,50,50,6.090461015701294
cosine_rigid_inverse_distance_k7,cosine,rigid,inverse_distance,7,0.6211111111111111,0.5824675324675325,0.7563636363636363,0.4085714285714285,0.6673765401265402,0.7056711731695713,0.45346034357799064,0.579565758373781,0.18495943835091463,0.23205178143998875,0.6962337662337663,0.8327616061894136,0.0956933563155391,0.09417526326702404,0.13044030679989319,0.1354032033910071,0.06410473508372469,0.08391533894742324,0.13162422452062794,0.09946022383561097,0.21123721134090848,0.05365349499659668,0.1289410846015052,0.08249551775148177,0.3333333333333333,0.2727272727272727,0.5454545454545454,0.0,0.46153846153846156,0.5,0.0,0.25,-0.4947274449181537,0.15495887791090734,0.4155844155844156,0.6281662781662782,0.8333333333333334,0.7857142857142857,1.0,0.7142857142857143,0.7857142857142857,0.88,0.7272727272727273,0.8036363636363637,0.6700593942604899,0.3938589073735994,0.9090909090909091,0.9646464646464646,50,50,50,50,50,50,50,50,50,50,50,50,6.217224597930908
cosine_rigid_inverse_distance_k9,cosine,rigid,inverse_distance,9,0.6255555555555555,0.5835064935064935,0.7727272727272728,0.39428571428571424,0.6684109844403961,0.7124226217210198,0.4418860845037315,0.5771543531123757,0.1901795227564943,0.22432277613035947,0.7088311688311687,0.8380787717926755,0.09105219044998028,0.09146595942408667,0.13276005389779788,0.15424035614441783,0.06471374340311645,0.08048079677564066,0.14088259984063325,0.09827810307205713,0.20362310222292745,0.04877737712685612,0.1171945669395484,0.07009591170916418,0.3333333333333333,0.2727272727272727,0.5454545454545454,0.0,0.46153846153846156,0.5,0.0,0.25,-0.4947274449181537,0.15469723003227548,0.42857142857142855,0.6959875908405321,0.7777777777777778,0.7402597402597402,1.0,0.7142857142857143,0.8,0.8461538461538461,0.6666666666666666,0.75,0.5606119105813882,0.38876685299043984,0.9480519480519481,0.9649678604224059,50,50,50,50,50,50,50,50,50,50,50,50,6.151824951171875
cosine_rigid_inverse_distance_k11,cosine,rigid,inverse_distance,11,0.6344444444444445,0.5866233766233766,0.8018181818181818,0.3714285714285714,0.668355629664453,0.7247493091026271,0.4329881752234693,0.5788687421630483,0.20512470800899976,0.22118440455422297,0.7218181818181819,0.8453578817201813,0.08178069845913272,0.081131557834694,0.12815753924726123,0.14430750636460155,0.055917835758245715,0.07358964902151482,0.1312737282389702,0.0890516405121061,0.18863561034519297,0.044804947150630346,0.11876999811592197,0.0703143992212433,0.3888888888888889,0.3701298701298701,0.45454545454545453,0.14285714285714285,0.5,0.47619047619047616,0.16666666666666666,0.37142857142857144,-0.2548235957188128,0.16085398832889772,0.40259740259740256,0.682370904496573,0.7777777777777778,0.7402597402597402,1.0,0.7142857142857143,0.7692307692307693,0.8461538461538461,0.6666666666666666,0.75,0.5606119105813882,0.3732820302144468,0.948051948051948,0.9722550177095631,50,50,50,50,50,50,50,50,50,50,50,50,6.155406475067139
cosine_rigid_inverse_distance_k15,cosine,rigid,inverse_distance,15,0.6366666666666666,0.5837662337662338,0.8218181818181818,0.34571428571428564,0.6641479207067442,0.7308369832049465,0.41757822569587266,0.5742076044504096,0.20599059843156298,0.21584068625123082,0.7296103896103897,0.8500879386507729,0.08923543557893894,0.08843564444172487,0.1311109554714178,0.14456702651775377,0.05850390128761519,0.07807288057294909,0.14205849180565214,0.09791611713841604,0.21079106674366338,0.03845380368195076,0.12139564943025379,0.07229395104171756,0.3888888888888889,0.3181818181818182,0.45454545454545453,0.0,0.5,0.47619047619047616,0.0,0.28,-0.4264014327112209,0.15795022999311545,0.4155844155844156,0.6851109674639086,0.7777777777777778,0.7402597402597402,1.0,0.7142857142857143,0.7692307692307693,0.8461538461538461,0.6666666666666666,0.75,0.5606119105813882,0.3335764602816091,0.935064935064935,0.9715909090909092,50,50,50,50,50,50,50,50,50,50,50,50,6.2137064933776855
cosine_rigid_inverse_distance_k21,cosine,rigid,inverse_distance,21,0.6177777777777779,0.5548051948051947,0.8381818181818183,0.27142857142857146,0.6439521491580316,0.724073142353167,0.3425008967640546,0.5332870195586108,0.14456516424622506,0.211796602101045,0.7366233766233765,0.8548761234309364,0.07499055118106486,0.07214373444497266,0.13153478588876213,0.13916511935699852,0.04353362198260687,0.07280717237155618,0.1437951119765681,0.08800584515738029,0.18939016037348394,0.031132425736918063,0.11520842845700457,0.06870667144666988,0.4444444444444444,0.36363636363636365,0.36363636363636365,0.0,0.5333333333333333,0.47058823529411764,0.0,0.3076923076923077,-0.3567530340063379,0.15606791944674686,0.4545454545454546,0.7100224196480882,0.7777777777777778,0.7142857142857143,1.0,0.7142857142857143,0.7333333333333333,0.8461538461538461,0.6,0.7230769230769231,0.5606119105813882,0.2912735579982927,0.935064935064935,0.9715909090909092,50,50,50,50,50,50,50,50,50,50,50,50,5.8531293869018555
cosine_fuzzy_confidence_uniform_k1,cosine,fuzzy_confidence,uniform,1,0.6288888888888889,0.5966233766233766,0.7418181818181818,0.4514285714285714,0.6847298812298813,0.7062615669100795,0.4747003356121003,0.5904809512610899,0.2032862445479682,0.371111111111111,0.5966233766233766,0.668963405281587,0.10190921218587,0.108321151835194,0.13162451386306417,0.19004810982567863,0.08023901032434123,0.08731478876155242,0.17024310390766134,0.11722078172768427,0.23691171957381607,0.10190921218587,0.10832115183519403,0.06221530775492372,0.4444444444444444,0.36363636363636365,0.45454545454545453,0.0,0.5333333333333333,0.5263157894736842,0.0,0.3076923076923077,-0.3567530340063379,0.16666666666666666,0.36363636363636365,0.5545454545454546,0.8333333333333334,0.8116883116883117,1.0,0.8571428571428571,0.8571428571428571,0.88,0.7692307692307693,0.8193979933110368,0.6700593942604899,0.5555555555555556,0.8116883116883118,0.8131313131313131,50,50,50,50,50,50,50,50,50,50,50,50,6.006778955459595
cosine_fuzzy_confidence_uniform_k3,cosine,fuzzy_confidence,uniform,3,0.6066666666666667,0.5737662337662337,0.7218181818181817,0.4257142857142856,0.6659423076923078,0.6859563933989563,0.44754945707886884,0.5667529252389126,0.16281218653190546,0.2596278841577783,0.6679220779220779,0.8036976443045964,0.0977447893227978,0.0971660702672983,0.15190919694134766,0.17193801852918814,0.08087321845173598,0.09495180111669789,0.13656867118207275,0.09966228533130707,0.20632564868252917,0.06886524230721601,0.11995700343682177,0.07501252613948607,0.3888888888888889,0.3441558441558441,0.36363636363636365,0.14285714285714285,0.5,0.42105263157894735,0.15384615384615385,0.3377926421404682,-0.3223291856101521,0.14150377229080935,0.38961038961038963,0.6241314241314241,0.7777777777777778,0.7662337662337663,1.0,0.8571428571428571,0.875,0.8333333333333334,0.7142857142857143,0.7662337662337663,0.5324675324675324,0.4340099661263683,0.8766233766233765,0.9196428571428572,50,50,50,50,50,50,50,50,50,50,50,50,5.983219861984253
cosine_fuzzy_confidence_uniform_k5,cosine,fuzzy_confidence,uniform,5,0.5966666666666666,0.5676623376623376,0.6981818181818181,0.43714285714285706,0.6650340476516946,0.6737993649879231,0.44561339967222324,0.5597063823300732,0.1434068720085932,0.2463352903593224,0.6771428571428573,0.8152037938294623,0.09577231124342268,0.09824347696553963,0.14628704249692182,0.18346927425026566,0.08276400765875881,0.09148880414663185,0.14705025204360228,0.10206424391191357,0.21007826752775977,0.05923900032306087,0.11303589792157932,0.07491822113851924,0.3333333333333333,0.3246753246753247,0.36363636363636365,0.0,0.4444444444444444,0.4,0.0,0.325,-0.34188172937891387,0.16217194503073562,0.4025974025974026,0.6212445308701994,0.7222222222222222,0.7467532467532467,0.9090909090909091,0.8571428571428571,0.875,0.8,0.7058823529411765,0.7213622291021672,0.48416483186574427,0.4484085101960976,0.8571428571428572,0.9228896103896104,50,50,50,50,50,50,50,50,50,50,50,50,4.889734506607056
cosine_fuzzy_confidence_uniform_k7,cosine,fuzzy_confidence,uniform,7,0.6222222222222222,0.5870129870129871,0.7454545454545454,0.42857142857142855,0.6742994782994782,0.7028996275019158,0.45970064249476006,0.581300134998338,0.19236985439775992,0.2329951510406102,0.6831168831168831,0.8140329320115416,0.09784784131696787,0.09987583550051776,0.13866335392248458,0.17074694419062766,0.07803185053544116,0.08885161748059901,0.14320823244186198,0.10354312229251761,0.21617141497089304,0.058006869400146086,0.11586267158438586,0.07752655503705166,0.3888888888888889,0.3441558441558441,0.45454545454545453,0.14285714285714285,0.5,0.47619047619047616,0.15384615384615385,0.3377926421404682,-0.3223291856101521,0.1630071504562567,0.40909090909090906,0.6284165181224004,0.7777777777777778,0.7922077922077921,1.0,0.8571428571428571,0.8888888888888888,0.8461538461538461,0.75,0.775,0.5698028822981898,0.44743785003947234,0.857142857142857,0.9271385180476089,50,50,50,50,50,50,50,50,50,50,50,50,5.782666444778442
cosine_fuzzy_confidence_uniform_k9,cosine,fuzzy_confidence,uniform,9,0.6411111111111112,0.6009090909090911,0.7818181818181817,0.41999999999999993,0.6819609377550553,0.7233978822431912,0.46103140650199465,0.592214644372593,0.2204856942278978,0.22173686454755792,0.7002597402597402,0.8183144858706356,0.1071928161008617,0.11228100126222176,0.1410750713142885,0.1923354351564639,0.08678099674327096,0.09542574198832036,0.18115696603291354,0.12348286213829976,0.24242705536495338,0.05141473484026778,0.11361542346157555,0.07368302594172021,0.3888888888888889,0.38961038961038963,0.36363636363636365,0.0,0.5,0.42105263157894735,0.0,0.35714285714285715,-0.24029618753167464,0.15040398429116372,0.36363636363636365,0.6322043969102793,0.8888888888888888,0.9090909090909092,1.0,1.0,1.0,0.9,0.875,0.8875,0.7977240352174656,0.4134531576152132,0.9025974025974026,0.9506118881118881,50,50,50,50,50,50,50,50,50,50,50,50,5.738056898117065
cosine_fuzzy_confidence_uniform_k11,cosine,fuzzy_confidence,uniform,11,0.6522222222222223,0.6053246753246754,0.8163636363636363,0.39428571428571424,0.6806272093919151,0.7369667302656809,0.451607448107448,0.5942870891865645,0.24217944726410118,0.2186737399609849,0.7090909090909089,0.8180467494478192,0.10213764617139019,0.10412188890748926,0.1497622785987104,0.183809473456289,0.073641550290681,0.09300137464016073,0.1844814581584241,0.12107697406791057,0.23929864108975116,0.04280853139360402,0.11936724715131661,0.08041104289985644,0.4444444444444444,0.38961038961038963,0.45454545454545453,0.0,0.5384615384615384,0.5,0.0,0.35714285714285715,-0.24029618753167464,0.15793629345309243,0.4090909090909091,0.5849900099900098,0.8333333333333334,0.7857142857142857,1.0,0.7142857142857143,0.8181818181818182,0.88,0.7272727272727273,0.8036363636363637,0.6700593942604899,0.36263458805078563,0.9155844155844155,0.9527629233511588,50,50,50,50,50,50,50,50,50,50,50,50,5.558638572692871
cosine_fuzzy_confidence_uniform_k15,cosine,fuzzy_confidence,uniform,15,0.6633333333333334,0.6087012987012987,0.8545454545454545,0.36285714285714277,0.678316286654522,0.7522558945080682,0.4456007326007326,0.5989283135544006,0.2673364536661216,0.21237886734229489,0.7250649350649351,0.8253640745766415,0.10905697610094081,0.11040761612402694,0.14461725617740318,0.1712584189584265,0.07260935426248871,0.09491448654006797,0.18122793137330356,0.12553274783997267,0.25722503012250447,0.034199569702171265,0.12227745618698058,0.08289176438874561,0.3888888888888889,0.3701298701298701,0.36363636363636365,0.0,0.5,0.4444444444444444,0.0,0.3333333333333333,-0.2820380374088831,0.15085959430891868,0.42857142857142855,0.6322122322122322,0.8888888888888888,0.8571428571428572,1.0,0.7142857142857143,0.8461538461538461,0.9166666666666666,0.8333333333333334,0.875,0.7774288420142416,0.3034575683879419,0.948051948051948,0.9722550177095632,50,50,50,50,50,50,50,50,50,50,50,50,4.513034105300903
cosine_fuzzy_confidence_uniform_k21,cosine,fuzzy_confidence,uniform,21,0.6266666666666666,0.5735064935064935,0.8127272727272726,0.33428571428571424,0.6630077145077145,0.7180091298273023,0.3821401866107748,0.5500746582190387,0.18346152289180495,0.2113388748740723,0.7112987012987013,0.8213904750923468,0.10041486129482356,0.10051515895572195,0.1831214883827277,0.21715283082818201,0.08395007422647116,0.10522708248792889,0.19372574447603588,0.1187892538552581,0.2438010308040259,0.030092504243366843,0.11939038591984129,0.08527233480556197,0.3888888888888889,0.39610389610389607,0.2727272727272727,0.0,0.5,0.4,0.0,0.3333333333333333,-0.2820380374088831,0.15577117784343592,0.4675324675324675,0.6289449112978525,0.8333333333333334,0.8116883116883117,1.0,1.0,1.0,0.88,0.7692307692307693,0.8193979933110368,0.6700593942604899,0.28629798638843634,0.9870129870129871,0.9924242424242424,50,50,50,50,50,50,50,50,50,50,50,50,5.345171213150024
cosine_fuzzy_confidence_inverse_distance_k1,cosine,fuzzy_confidence,inverse_distance,1,0.6288888888888889,0.5966233766233766,0.7418181818181818,0.4514285714285714,0.6847298812298813,0.7062615669100795,0.4747003356121003,0.5904809512610899,0.2032862445479682,0.371111111111111,0.5966233766233766,0.668963405281587,0.10190921218587,0.108321151835194,0.13162451386306417,0.19004810982567863,0.08023901032434123,0.08731478876155242,0.17024310390766134,0.11722078172768427,0.23691171957381607,0.10190921218587,0.10832115183519403,0.06221530775492372,0.4444444444444444,0.36363636363636365,0.45454545454545453,0.0,0.5333333333333333,0.5263157894736842,0.0,0.3076923076923077,-0.3567530340063379,0.16666666666666666,0.36363636363636365,0.5545454545454546,0.8333333333333334,0.8116883116883117,1.0,0.8571428571428571,0.8571428571428571,0.88,0.7692307692307693,0.8193979933110368,0.6700593942604899,0.5555555555555556,0.8116883116883118,0.8131313131313131,50,50,50,50,50,50,50,50,50,50,50,50,4.727140188217163
cosine_fuzzy_confidence_inverse_distance_k3,cosine,fuzzy_confidence,inverse_distance,3,0.611111111111111,0.5805194805194805,0.7181818181818183,0.4428571428571428,0.6750428737928739,0.6877629236469994,0.45829700399359835,0.5730299638202989,0.17569931664320237,0.2627242088494159,0.6715584415584415,0.8103988541167685,0.0839921051131616,0.08610613273374614,0.14256167792272825,0.17849852739322347,0.0767122028663116,0.08245968837241632,0.13008374249727217,0.08850990392171693,0.1886992285118415,0.0681714564412423,0.11814329356976112,0.0750132060278933,0.4444444444444444,0.38961038961038963,0.36363636363636365,0.14285714285714285,0.5384615384615384,0.47058823529411764,0.16666666666666666,0.375,-0.24029618753167464,0.15050933243010747,0.38961038961038963,0.6079698079698079,0.7777777777777778,0.8181818181818181,1.0,1.0,1.0,0.8461538461538461,0.7777777777777778,0.7777777777777778,0.6363636363636364,0.4433888649859757,0.8701298701298702,0.9419404125286478,50,50,50,50,50,50,50,50,50,50,50,50,4.093282699584961
cosine_fuzzy_confidence_inverse_distance_k5,cosine,fuzzy_confidence,inverse_distance,5,0.601111111111111,0.5718181818181818,0.7036363636363636,0.43999999999999995,0.6656046176046176,0.6779785006585921,0.454038494185553,0.5660084974220726,0.15383252446155576,0.24983218927797082,0.6742857142857145,0.8201858164117521,0.0956933563155391,0.09586120243138604,0.1432226728532446,0.16539428236208006,0.07453661331086814,0.09169281094312487,0.13475623287463742,0.09896618083149122,0.20198196353794284,0.05974283737642831,0.11378192940874696,0.07273891703076515,0.3333333333333333,0.3246753246753247,0.36363636363636365,0.14285714285714285,0.4444444444444444,0.4,0.15384615384615385,0.325,-0.34188172937891387,0.16173436798978752,0.40259740259740256,0.6240861337118022,0.7222222222222222,0.6948051948051948,0.9090909090909091,0.7142857142857143,0.7777777777777778,0.8,0.625,0.6989966555183946,0.4029114820126901,0.43389234602213816,0.8961038961038962,0.9563820018365473,50,50,50,50,50,50,50,50,50,50,50,50,4.29132604598999
cosine_fuzzy_confidence_inverse_distance_k7,cosine,fuzzy_confidence,inverse_distance,7,0.5933333333333334,0.5576623376623376,0.7181818181818181,0.397142857142857,0.6558517593517594,0.6790380319879041,0.4214579543263753,0.5502479931571397,0.13053147880404117,0.2370119652926267,0.6777922077922078,0.8251924173568558,0.09285375112514073,0.09492511358931818,0.14017553990209677,0.17386509488774585,0.08214815789190695,0.08427482200844748,0.13649224861461293,0.09593976840371002,0.20772670435810703,0.05742825795265636,0.1168970307117339,0.07614239673151042,0.3333333333333333,0.2727272727272727,0.45454545454545453,0.0,0.46153846153846156,0.47619047619047616,0.0,0.25,-0.4947274449181537,0.14589983358446945,0.41558441558441556,0.641499023851965,0.7222222222222222,0.7727272727272727,1.0,1.0,1.0,0.8148148148148148,0.7368421052631579,0.7213622291021672,0.5640760748177662,0.4347577307347532,0.935064935064935,0.9715909090909091,50,50,50,50,50,50,50,50,50,50,50,50,4.268137693405151
cosine_fuzzy_confidence_inverse_distance_k9,cosine,fuzzy_confidence,inverse_distance,9,0.6155555555555555,0.5774025974025975,0.749090909090909,0.40571428571428564,0.6695283115577233,0.7006285438914595,0.43640767127609226,0.5685181075837759,0.17037381792135886,0.22659421755226294,0.7005194805194805,0.8358846953699895,0.0860955658560039,0.0910683546808083,0.13188054311466083,0.18106998377811293,0.07763952623862563,0.07753505867056856,0.1497318872628839,0.09760593507862397,0.19889889137589767,0.05080166253364905,0.11906870802452879,0.07059889500419395,0.3888888888888889,0.3181818181818182,0.45454545454545453,0.0,0.5,0.5,0.0,0.28,-0.4264014327112209,0.15489746281307895,0.4155844155844156,0.6701234297490982,0.7777777777777778,0.7727272727272727,1.0,1.0,1.0,0.8461538461538461,0.7368421052631579,0.7662337662337663,0.5640760748177662,0.413166348762098,0.8961038961038961,0.9456876456876457,50,50,50,50,50,50,50,50,50,50,50,50,3.953058958053589
cosine_fuzzy_confidence_inverse_distance_k11,cosine,fuzzy_confidence,inverse_distance,11,0.6366666666666667,0.5915584415584416,0.7945454545454546,0.38857142857142857,0.6728668047638635,0.7241806875893831,0.44318004218004214,0.5836803648847128,0.21082935906162598,0.2226132417245714,0.7072727272727274,0.8375795140688189,0.08031965615920476,0.0809791050603164,0.12831536878889946,0.15282975695386983,0.05623472835774239,0.07287114350943506,0.13979789225998196,0.09139954395559972,0.19224790545095602,0.044644683063643914,0.11249255862035833,0.06929958392980182,0.4444444444444444,0.43506493506493504,0.45454545454545453,0.0,0.5555555555555556,0.5,0.0,0.35714285714285715,-0.19347649748797374,0.150423663727876,0.4155844155844156,0.6440809190809191,0.7777777777777778,0.7662337662337663,1.0,0.7142857142857143,0.8181818181818182,0.8461538461538461,0.7142857142857143,0.7662337662337663,0.5606119105813882,0.3789077501120813,0.935064935064935,0.9674931129476584,50,50,50,50,50,50,50,50,50,50,50,50,5.366877317428589
cosine_fuzzy_confidence_inverse_distance_k15,cosine,fuzzy_confidence,inverse_distance,15,0.6566666666666667,0.6100000000000001,0.8199999999999998,0.3999999999999999,0.6862322530410765,0.7421426388680393,0.4617037994685053,0.6019232191682723,0.2565817678897757,0.2163965383276326,0.7270129870129871,0.8454674468431154,0.0956933563155391,0.10113793504549488,0.1305049420086563,0.18253616142855425,0.07829651156571447,0.08046798899068207,0.16388742771209178,0.11046997999396538,0.22636588071328623,0.03834924404701486,0.12093543699388003,0.07137271114143595,0.3888888888888889,0.36363636363636365,0.45454545454545453,0.0,0.5,0.47619047619047616,0.0,0.3076923076923077,-0.3567530340063379,0.14385841146843562,0.45454545454545453,0.6934391663001289,0.8333333333333334,0.8636363636363636,1.0,1.0,1.0,0.88,0.8235294117647058,0.8328173374613003,0.7135060680126758,0.33096100666893047,0.9610389610389609,0.9805194805194806,50,50,50,50,50,50,50,50,50,50,50,50,5.211697101593018
cosine_fuzzy_confidence_inverse_distance_k21,cosine,fuzzy_confidence,inverse_distance,21,0.6333333333333334,0.5836363636363636,0.8072727272727274,0.35999999999999993,0.668735871971166,0.7245201031407927,0.4103318348318348,0.5674259689863138,0.1997665082701954,0.2131557381025021,0.7280519480519481,0.8510864309487306,0.09457440704613479,0.09925042886357402,0.14993111365882403,0.20045761890299876,0.07189827956592335,0.08518455454621375,0.18191984204313522,0.1135419193419826,0.22755958913593452,0.0329669056679228,0.117877502897855,0.06737768791487185,0.3888888888888889,0.3441558441558441,0.45454545454545453,0.0,0.5,0.5,0.0,0.3076923076923077,-0.3567530340063379,0.1455305736032879,0.4415584415584416,0.6908029136638763,0.8333333333333334,0.8376623376623377,1.0,0.8571428571428571,0.9,0.8695652173913043,0.8,0.8285714285714285,0.6625413488689132,0.29470528104659177,0.948051948051948,0.9757575757575758,50,50,50,50,50,50,50,50,50,50,50,50,5.174927234649658
